url_length,num_dots,has_https,has_ip,num_subdomains,has_at_symbol,has_hyphen_in_domain,has_login_keyword,url_entropy,tld_risk_score,domain_length,is_shortened,is_whitelisted,label
46,2,1,0,1,0,1,1,4.3794,1,26,0,0,0
29,2,0,0,1,0,0,0,4.1423,1,22,0,1,0
35,2,1,0,1,0,0,0,4.0472,1,15,0,1,0
43,2,0,0,1,0,1,0,4.3129,1,24,0,0,0
45,2,1,0,1,0,1,1,4.2589,1,24,0,0,0
54,2,1,0,1,0,1,0,4.3892,1,24,0,0,0
36,2,1,0,1,0,1,0,4.0487,1,28,0,0,0
47,2,1,0,1,0,1,1,4.3497,1,26,0,0,0
56,2,1,0,1,0,1,0,4.3815,1,26,0,0,0
46,2,1,0,1,0,1,0,4.4393,1,26,0,0,0
49,2,1,0,1,0,1,0,4.2937,1,28,0,0,0
34,2,1,0,1,0,1,0,4.3738,1,26,0,0,0
39,2,0,0,1,0,1,1,4.2655,1,25,0,0,0
48,2,1,0,1,0,1,1,4.3321,1,26,0,0,0
44,2,1,0,1,0,1,1,4.261,1,23,0,0,0
27,2,0,0,1,0,0,1,3.764,0,13,0,1,0
54,2,1,0,1,0,1,0,4.5951,1,31,0,0,0
34,2,0,0,1,0,1,1,4.3372,1,27,0,0,0
48,2,1,0,1,0,1,0,4.2131,1,28,0,0,0
59,2,1,0,1,0,1,1,4.4165,1,29,0,0,0
46,2,0,0,1,0,1,1,4.4123,1,26,0,0,0
52,2,1,0,1,0,1,1,4.2841,1,27,0,0,0
49,2,1,0,1,0,1,1,4.457,1,27,0,0,0
42,3,1,0,1,0,1,0,4.3024,1,23,0,0,0
49,2,1,0,1,0,1,0,4.3286,1,26,0,0,0
25,2,1,0,1,0,0,0,3.9239,1,17,0,1,0
51,2,1,0,1,0,1,0,4.3531,1,28,0,0,0
30,2,1,0,1,0,0,1,4.3232,1,15,0,1,0
51,2,0,0,1,0,1,0,4.3355,1,31,0,0,0
51,2,0,0,1,0,1,1,4.3383,1,27,0,0,0
48,2,0,0,1,0,1,0,4.4702,1,26,0,0,0
47,2,0,0,1,0,1,1,4.2242,1,23,0,0,0
34,2,1,0,1,0,0,0,4.0575,1,12,0,1,0
45,3,1,0,1,0,1,1,4.3609,1,26,0,0,0
55,2,1,0,1,0,1,1,4.3607,1,25,0,0,0
48,2,0,0,1,0,1,1,4.4209,1,26,0,0,0
40,1,0,0,0,0,1,0,4.2751,1,21,0,0,0
55,2,0,0,1,0,1,0,4.4387,1,26,0,0,1
42,3,1,0,1,0,1,0,4.3024,1,23,0,0,0
34,2,1,0,1,0,0,0,4.0179,1,14,0,1,0
44,2,1,0,1,0,0,1,4.1613,1,23,0,1,0
41,2,1,0,1,0,1,1,4.485,1,26,0,0,0
35,2,1,0,1,0,0,0,3.9872,1,15,0,1,0
47,2,1,0,1,0,1,1,4.2625,1,26,0,0,0
36,2,0,0,1,0,0,0,4.2601,1,14,0,1,0
42,1,1,0,0,0,1,0,4.3088,1,21,0,0,0
50,2,1,0,1,0,1,1,4.2582,1,28,0,0,0
33,3,1,0,1,0,0,0,3.9832,1,14,0,1,0
45,2,0,0,1,0,1,0,4.3944,1,26,0,0,0
23,2,1,0,1,0,0,1,3.6212,0,15,0,1,0
47,2,1,0,1,0,1,0,4.4509,1,24,0,0,0
48,2,0,0,1,0,1,1,4.4366,1,26,0,0,1
31,2,1,0,1,0,0,0,4.0266,0,9,0,1,1
47,2,1,0,1,0,0,1,4.2116,1,22,0,1,0
58,2,1,0,1,0,1,0,4.2867,1,28,0,0,0
48,2,1,0,1,0,1,1,4.2071,1,23,0,0,0
51,2,1,0,1,0,1,1,4.2355,1,26,0,0,0
54,2,1,0,1,0,1,0,4.5581,1,31,0,0,0
54,2,1,0,1,0,1,0,4.5951,1,31,0,0,0
48,2,0,0,1,0,1,0,4.5276,1,26,0,0,0
46,2,1,0,1,0,1,1,4.2903,1,25,0,0,0
42,2,1,0,1,0,0,0,4.3384,1,19,0,1,0
49,2,1,0,1,0,1,1,4.3212,1,24,0,0,0
41,2,1,0,1,0,0,1,4.0092,1,19,0,1,0
49,2,1,0,1,0,1,0,4.2803,1,27,0,0,0
56,2,1,0,1,0,1,1,4.3628,1,26,0,0,0
51,2,1,0,1,0,1,0,4.3736,1,31,0,0,0
43,3,1,0,1,0,1,0,4.4372,1,24,0,0,0
44,2,1,0,1,0,1,0,4.3431,1,24,0,0,0
39,3,0,0,1,0,0,0,4.2849,1,21,0,1,0
51,2,1,0,1,0,1,0,4.3531,1,28,0,0,0
47,2,1,0,1,0,1,0,4.4166,1,25,0,0,0
52,2,0,0,1,0,1,1,4.1499,1,28,0,0,0
43,3,1,0,1,0,1,0,4.3152,1,24,0,0,0
33,2,1,0,1,0,1,0,4.1879,1,25,0,0,0
42,2,0,0,1,0,0,0,4.0581,1,21,0,1,0
47,2,1,0,1,0,1,1,4.3072,1,26,0,0,0
51,2,1,0,1,0,1,1,4.2747,1,26,0,0,0
32,2,1,0,1,0,1,0,4.0931,1,24,0,0,0
53,2,1,0,1,0,1,1,4.3122,1,28,0,0,0
48,2,1,0,1,0,1,0,4.4783,1,25,0,0,0
22,2,1,0,1,0,0,0,3.7888,1,14,1,1,0
48,2,1,0,1,0,1,0,4.429,1,25,0,0,0
38,2,0,0,1,0,1,1,4.2866,1,24,0,0,0
42,1,1,0,0,0,1,0,4.3088,1,21,0,0,0
46,2,1,0,1,0,1,0,4.4828,1,26,0,0,0
50,3,1,0,1,0,1,0,4.4182,1,31,0,0,0
40,2,0,0,1,0,1,1,4.4464,1,26,0,0,0
46,2,0,0,1,0,1,1,4.3688,1,26,0,0,0
55,2,0,0,1,0,1,0,4.4453,1,26,0,0,0
42,3,1,0,1,0,1,0,4.3024,1,23,0,0,0
43,2,0,0,1,0,1,0,4.2863,1,23,0,0,0
38,2,0,0,1,0,1,1,4.2866,1,24,0,0,0
43,2,0,0,1,0,1,0,4.2863,1,23,0,0,0
51,2,0,0,1,0,1,1,4.3383,1,27,0,0,0
53,2,1,0,1,0,1,0,4.3507,1,23,0,0,0
49,2,1,0,1,0,1,1,4.2241,1,24,0,0,0
32,2,1,0,1,0,0,0,4.1014,1,11,0,1,0
37,2,0,0,1,0,0,1,4.0441,1,13,0,1,0
45,2,1,0,1,0,1,1,4.3813,1,24,0,0,0
40,2,1,0,1,0,1,1,4.3776,1,25,0,0,0
46,2,1,0,1,0,1,1,4.3937,1,25,0,0,0
39,2,1,0,1,0,1,1,4.2655,1,24,0,0,0
40,2,1,0,1,0,1,1,4.2587,1,25,0,0,0
47,2,1,0,1,0,1,1,4.3497,1,26,0,0,0
39,2,1,0,1,0,0,1,4.2311,1,24,0,1,0
32,2,0,0,1,0,0,0,3.965,1,13,1,1,0
48,2,1,0,1,0,1,1,4.304,1,27,0,0,0
51,2,1,0,1,0,1,1,4.2355,1,26,0,0,0
56,2,1,0,1,0,1,1,4.4477,1,26,0,0,0
45,3,1,0,1,0,1,0,4.369,1,26,0,0,0
34,2,1,0,1,0,1,0,4.1973,1,26,0,0,0
49,2,1,0,1,0,1,0,4.2529,1,28,0,0,0
58,2,1,0,1,0,1,0,4.3813,1,28,0,0,0
46,2,1,0,1,0,1,1,4.3502,1,25,0,0,0
35,2,1,0,1,0,0,0,4.0791,0,12,0,1,0
50,2,0,0,1,0,1,1,4.3762,1,29,0,0,0
42,3,0,0,1,0,1,0,4.3204,1,24,0,0,0
45,2,0,0,1,0,1,0,4.4448,1,24,0,0,0
50,2,1,0,1,0,1,1,4.266,1,25,0,0,0
35,1,0,0,0,0,1,1,4.1643,1,21,0,0,0
49,2,1,0,1,0,1,1,4.4978,1,27,0,0,0
42,2,1,0,1,0,1,1,4.475,1,27,0,0,0
47,2,1,0,1,0,1,0,4.3741,1,25,0,0,0
40,2,1,0,1,0,1,1,4.3087,1,25,0,0,0
47,2,1,0,1,0,1,0,4.3658,1,24,0,0,0
56,2,1,0,1,0,1,0,4.4307,1,26,0,0,0
40,2,0,0,1,0,1,1,4.3153,1,26,0,0,0
48,2,1,0,1,0,1,0,4.5042,1,25,0,0,0
36,2,1,0,1,0,1,0,4.2947,1,28,0,0,0
49,2,1,0,1,0,1,1,4.1979,1,28,0,0,0
50,2,1,0,1,0,1,1,4.5513,1,27,0,0,0
54,2,1,0,1,0,1,0,4.4032,1,24,0,0,0
24,2,1,0,1,0,0,1,3.9702,1,16,0,1,1
48,2,1,0,1,0,1,0,4.3061,1,28,0,0,0
43,2,1,0,1,0,0,0,4.293,1,20,0,1,0
48,2,0,0,1,0,1,0,4.3397,1,28,0,0,0
31,2,0,0,1,0,0,1,4.0023,1,17,0,1,0
51,2,0,0,1,0,1,1,4.4913,1,29,0,0,0
28,2,1,0,1,0,0,1,4.182,1,13,0,1,0
51,2,1,0,1,0,1,0,4.3111,1,30,0,0,0
36,2,0,0,1,0,0,1,3.8984,0,12,0,1,0
39,2,0,0,1,0,1,1,4.4387,1,25,0,0,0
47,2,1,0,1,0,1,0,4.4669,1,24,0,0,0
46,2,1,0,1,0,1,0,4.2925,1,26,0,0,0
47,2,1,0,1,0,1,1,4.347,1,26,0,0,0
19,2,0,0,1,0,0,0,3.7216,1,12,0,1,0
50,2,0,0,1,0,1,0,4.5264,1,28,0,0,0
21,2,1,0,1,0,0,1,3.8209,1,13,0,1,0
47,2,1,0,1,0,1,1,4.347,1,26,0,0,0
50,2,1,0,1,0,1,1,4.2464,1,29,0,0,0
43,2,1,0,1,0,1,1,4.3793,1,28,0,0,0
47,2,0,0,1,0,1,0,4.4586,1,25,0,0,0
50,2,1,0,1,0,1,1,4.2431,1,29,0,0,0
45,2,1,0,1,0,1,0,4.3835,1,25,0,0,0
49,2,0,0,1,0,1,1,4.2624,1,29,0,0,0
47,2,0,0,1,0,1,1,4.453,1,27,0,0,0
41,2,1,0,1,0,1,1,4.485,1,26,0,0,0
47,2,1,0,1,0,1,0,4.3901,1,26,0,0,0
49,2,1,0,1,0,1,1,4.2803,1,28,0,0,0
49,2,1,0,1,0,1,1,4.457,1,27,0,0,0
50,2,0,0,1,0,1,1,4.2562,1,26,0,0,0
35,2,0,0,1,0,1,0,4.1259,1,28,0,0,0
48,2,1,0,1,0,1,0,4.4107,1,25,0,0,0
51,1,1,0,0,0,1,0,4.3884,1,21,0,0,0
47,2,1,0,1,0,1,1,4.3045,1,26,0,0,1
54,2,1,0,1,0,1,0,4.4171,1,24,0,0,0
53,2,1,0,1,0,1,0,4.4404,1,23,0,0,0
47,2,0,0,1,0,1,1,4.3658,1,27,0,0,0
48,2,1,0,1,0,1,1,4.2071,1,23,0,0,0
61,2,1,0,1,0,1,0,4.4775,1,31,0,0,0
49,2,1,0,1,0,1,1,4.2241,1,24,0,0,0
35,2,0,0,1,0,1,0,4.3077,1,28,0,0,0
43,1,1,0,0,0,1,0,4.2465,1,21,0,0,0
40,2,1,0,1,0,1,1,4.4276,1,25,0,0,0
44,2,0,0,1,0,1,0,4.3088,1,25,0,0,0
35,2,1,0,1,0,0,1,4.0004,1,14,0,1,0
55,2,1,0,1,0,1,1,4.3833,1,30,0,0,0
50,2,0,0,1,0,1,1,4.2962,1,26,0,0,0
35,2,1,0,1,0,0,0,4.1287,1,14,0,1,0
31,2,0,0,1,0,1,0,4.0424,1,24,0,0,0
46,2,0,0,1,0,1,0,4.4393,1,25,0,0,0
45,2,1,0,1,0,1,0,4.428,1,25,0,0,0
54,2,1,0,1,0,1,0,4.4542,1,24,0,0,0
45,3,1,0,1,0,1,0,4.3858,1,26,0,0,0
49,2,0,0,1,0,1,0,4.262,1,28,0,0,1
35,2,1,0,1,0,0,0,4.1147,1,14,0,1,0
30,2,1,0,1,0,0,1,4.0817,1,15,1,1,0
46,2,1,0,1,0,1,0,4.3959,1,23,0,0,0
53,2,1,0,1,0,1,1,4.3499,1,28,0,0,0
44,2,1,0,1,0,1,1,4.0212,0,23,0,1,0
46,2,0,0,1,0,1,1,4.3688,1,26,0,0,0
25,2,1,0,1,0,0,0,3.6995,1,17,1,1,0
47,2,1,0,1,0,1,1,4.3072,1,26,0,0,0
36,1,1,0,0,0,0,0,4.1144,1,13,1,1,0
46,2,1,0,1,0,1,1,4.3253,1,26,0,0,0
45,3,1,0,1,0,1,0,4.3581,1,26,0,0,0
48,2,1,0,1,0,1,0,4.2364,1,27,0,0,0
45,2,1,0,1,0,1,0,4.3472,1,24,0,0,1
42,2,1,0,1,0,0,1,4.3204,0,21,0,1,1
50,2,1,0,1,0,1,0,4.3762,1,28,0,0,0
50,2,0,0,1,0,1,0,4.384,1,31,0,0,0
57,2,0,0,1,0,1,0,4.3324,1,28,0,0,0
38,2,1,0,1,0,0,0,4.1685,1,16,0,1,0
45,2,0,0,1,0,1,0,4.428,1,26,0,0,0
42,2,0,0,1,0,0,1,4.1189,0,13,0,1,0
54,2,1,0,1,0,1,0,4.4311,1,24,0,0,0
32,2,1,0,1,0,0,1,4.2264,1,17,0,1,0
32,2,1,0,1,0,0,1,4.2181,1,17,0,1,0
32,2,1,0,1,0,1,0,4.2417,1,24,0,0,0
28,1,0,0,0,0,1,0,4.182,1,21,0,0,0
51,2,1,0,1,0,1,1,4.3139,1,29,0,0,0
58,2,1,0,1,0,1,0,4.3342,1,28,0,0,0
50,2,1,0,1,0,1,1,4.2982,1,29,0,0,0
46,2,1,0,1,0,0,0,4.2654,1,16,0,1,0
45,3,1,0,1,0,1,0,4.3858,1,26,0,0,0
56,2,1,0,1,0,1,0,4.3458,1,26,0,0,0
45,2,1,0,1,0,1,0,4.286,1,24,0,0,1
56,2,1,0,1,0,1,1,4.4343,1,31,0,0,0
47,2,1,0,1,0,1,0,4.3658,1,26,0,0,0
43,3,1,0,1,0,1,0,4.3152,1,24,0,0,0
49,2,1,0,1,0,1,1,4.2803,1,24,0,0,0
45,2,1,0,1,0,1,0,4.3033,1,23,0,0,0
54,2,1,0,1,0,1,1,4.2561,1,29,0,0,0
42,2,0,0,1,0,1,1,4.2548,1,28,0,0,0
36,1,1,0,0,0,1,1,4.2873,1,21,0,0,0
61,2,1,0,1,0,1,0,4.4775,1,31,0,0,0
45,2,1,0,1,0,1,1,4.2757,1,24,0,0,0
54,2,1,0,1,0,1,0,4.357,1,24,0,0,0
46,2,0,0,1,0,1,1,4.3688,1,26,0,0,0
38,2,0,0,1,0,1,1,4.2866,1,24,0,0,0
45,2,1,0,1,0,1,1,4.2757,1,24,0,0,0
46,2,1,0,1,0,1,1,4.3381,1,31,0,0,0
36,2,1,0,1,0,0,1,3.9613,1,15,0,1,0
56,2,1,0,1,0,1,1,4.3985,1,31,0,0,0
53,2,0,0,1,0,1,0,4.2987,1,24,0,0,0
52,2,1,0,1,0,1,1,4.467,1,29,0,0,0
46,2,0,0,1,0,1,0,4.2925,1,26,0,0,0
53,2,1,0,1,0,1,1,4.133,1,28,0,0,0
37,2,1,0,1,0,0,1,3.9156,0,16,0,1,0
47,2,1,0,1,0,1,0,4.3658,1,26,0,0,0
46,2,1,0,1,0,1,0,4.3174,1,24,0,0,0
45,2,1,0,1,0,0,0,4.2757,1,15,0,1,0
50,2,1,0,1,0,1,1,4.3211,1,25,0,0,0
45,2,1,0,1,0,1,0,4.286,1,24,0,0,0
45,3,1,0,1,0,1,0,4.4579,1,26,0,0,0
40,2,0,0,1,0,0,0,4.3128,1,18,1,1,0
44,2,1,0,1,0,1,1,4.3065,1,23,0,0,0
47,2,0,0,1,0,1,0,4.3984,1,26,0,0,0
37,3,1,0,1,0,0,0,4.006,0,18,0,1,0
48,3,1,0,1,0,1,1,4.4571,1,29,0,0,0
54,2,1,0,1,0,1,0,4.5951,1,31,0,0,0
41,1,1,0,0,0,1,1,4.2362,1,20,0,0,0
43,2,0,0,1,0,0,0,4.0894,1,14,0,1,0
41,3,0,0,1,0,1,0,4.4362,1,23,0,0,0
31,2,0,0,1,0,1,0,4.3248,1,24,0,0,0
57,2,0,0,1,0,1,0,4.4005,1,28,0,0,0
19,2,0,0,1,0,0,0,3.4058,0,12,0,1,0
47,2,1,0,1,0,1,1,4.3476,1,26,0,0,0
50,2,1,0,1,0,1,1,4.2562,1,25,0,0,0
44,2,1,0,1,0,1,0,4.3259,1,24,0,0,0
51,2,1,0,1,0,1,1,4.2355,1,26,0,0,0
49,2,1,0,1,0,1,0,4.2529,1,28,0,0,0
38,2,1,0,1,0,0,0,3.9579,0,17,0,1,0
39,2,0,0,1,0,1,1,4.3168,1,25,0,0,0
31,2,1,0,1,0,1,0,4.0826,1,23,0,0,0
46,2,1,0,1,0,1,1,4.3816,1,31,0,0,0
35,2,1,0,1,0,1,1,4.3789,1,27,0,0,0
42,2,0,0,1,0,1,1,4.3384,1,28,0,0,0
52,2,1,0,1,0,0,0,4.3478,0,22,0,1,0
40,2,1,0,1,0,1,1,4.3776,1,25,0,0,0
47,2,0,0,1,0,1,0,4.3741,1,26,0,0,0
53,2,1,0,1,0,1,0,4.3649,1,23,0,0,0
44,3,1,0,1,0,1,0,4.3848,1,25,0,0,0
47,2,1,0,1,0,1,0,4.289,1,25,0,0,0
46,2,1,0,1,0,1,0,4.4208,1,24,0,0,0
48,2,1,0,1,0,1,0,4.4864,1,26,0,0,0
51,2,1,0,1,0,1,0,4.5061,1,28,0,0,0
53,2,1,0,1,0,1,0,4.4377,1,31,0,0,0
39,2,1,0,1,0,1,0,4.3143,1,31,0,0,0
45,2,1,0,1,0,1,0,4.3304,1,24,0,0,0
47,3,1,0,1,0,1,0,4.3197,1,28,0,0,0
39,2,1,0,1,0,1,1,4.2781,1,24,0,0,0
61,2,1,0,1,0,1,0,4.4243,1,31,0,0,0
51,2,1,0,1,0,1,1,4.3531,1,29,0,0,0
46,2,1,0,1,0,1,0,4.284,1,25,0,0,0
45,2,1,0,1,0,1,0,4.3645,1,23,0,0,0
43,2,1,0,1,0,1,0,4.2664,1,23,0,0,0
47,2,0,0,1,0,1,0,4.3741,1,26,0,0,0
49,2,0,0,1,0,1,1,4.3132,1,25,0,0,1
54,2,1,0,1,0,1,0,4.5441,1,31,0,0,1
51,2,1,0,1,0,1,1,4.2747,1,26,0,0,0
42,2,1,0,1,0,1,1,4.4273,1,27,0,0,0
41,2,1,0,1,0,1,1,4.3571,1,26,0,0,0
50,2,1,0,1,0,1,1,4.3382,1,29,0,0,0
48,2,1,0,1,0,1,0,4.1715,1,28,0,0,0
45,2,1,0,1,0,1,0,4.3304,1,24,0,0,0
34,2,0,0,1,0,0,1,3.9957,1,20,0,1,0
49,2,1,0,1,0,1,0,4.3794,1,26,0,0,0
54,2,1,0,1,0,1,0,4.3941,1,24,0,0,0
48,2,0,0,1,0,1,1,4.3116,1,29,0,0,1
55,2,0,0,1,0,1,0,4.5407,1,26,0,0,0
46,2,1,0,1,0,1,1,4.2898,1,25,0,0,0
33,2,0,0,1,0,1,1,4.2336,1,26,0,0,0
47,2,1,0,1,0,0,0,4.1795,1,17,0,1,0
50,2,1,0,1,0,1,1,4.2982,1,29,0,0,0
57,2,1,0,1,0,1,0,4.234,1,27,0,0,0
45,2,1,0,1,0,1,0,4.286,1,24,0,0,0
39,2,0,0,1,0,1,1,4.2655,1,25,0,0,0
41,2,1,0,1,0,1,1,4.4362,1,26,0,0,0
44,3,1,0,1,0,1,0,4.311,1,25,0,0,0
49,2,0,0,1,0,1,1,4.2724,1,25,0,0,0
50,2,1,0,1,0,1,0,4.3362,1,28,0,0,0
57,2,1,0,1,0,1,1,4.5569,1,27,0,0,0
44,2,1,0,1,0,1,1,4.261,1,23,0,0,0
43,1,1,0,0,0,1,0,4.293,1,21,0,0,0
47,2,1,0,1,0,1,1,4.3476,1,26,0,0,0
56,2,1,0,1,0,1,0,4.4242,1,26,0,0,0
30,2,0,0,1,0,1,0,4.0981,1,23,0,0,0
35,2,1,0,1,0,0,1,4.1719,1,20,0,1,0
47,2,1,0,1,0,1,0,4.4509,1,24,0,0,0
49,2,1,0,1,0,0,1,3.8947,0,24,0,1,0
42,3,1,0,1,0,1,0,4.3501,1,23,0,0,0
43,2,1,0,1,0,0,1,4.0979,0,22,0,1,0
49,2,0,0,1,0,1,0,4.2212,1,28,0,0,0
56,2,1,0,1,0,1,1,4.3985,1,31,0,0,0
56,2,1,0,1,0,1,1,4.412,1,26,0,0,0
50,2,1,0,1,0,1,1,4.2562,1,25,0,0,0
43,2,1,0,1,0,1,0,4.3129,1,23,0,0,0
56,2,1,0,1,0,1,0,4.395,1,26,0,0,1
40,2,1,0,1,0,1,1,4.2587,1,25,0,0,0
58,2,1,0,1,0,1,0,4.3212,1,28,0,0,0
47,2,1,0,1,0,1,0,4.3315,1,25,0,0,0
41,2,0,0,1,0,0,0,4.1203,1,22,0,1,0
42,2,1,0,1,0,0,1,4.1096,0,17,0,1,0
48,2,0,0,1,0,1,0,4.5794,1,26,0,0,0
45,2,1,0,1,0,1,1,4.4258,1,24,0,0,0
27,2,0,0,1,0,0,1,3.8842,0,13,0,1,0
56,2,1,0,1,0,1,1,4.3985,1,31,0,0,1
49,2,1,0,1,0,1,1,4.2803,1,24,0,0,0
54,2,1,0,1,0,1,0,4.47,1,31,0,0,0
39,2,1,0,1,0,0,1,3.7659,1,14,0,1,0
51,2,1,0,1,0,1,1,4.3268,1,26,0,0,0
37,2,1,0,1,0,0,1,3.936,0,12,0,1,0
52,2,1,0,1,0,1,0,4.3653,1,31,0,0,0
48,3,1,0,1,0,1,1,4.4571,1,29,0,0,0
24,2,0,0,1,0,0,0,3.8868,0,17,0,1,0
45,1,1,0,0,0,1,1,4.1722,1,20,0,0,0
40,1,0,0,0,0,1,0,4.3251,1,21,0,0,0
49,2,0,0,1,0,1,1,4.2624,1,29,0,0,0
48,2,1,0,1,0,1,0,4.3538,1,26,0,0,0
49,2,1,0,1,0,1,1,4.1979,1,28,0,0,0
48,2,1,0,1,0,1,0,4.33,1,26,0,0,0
43,2,1,0,1,0,1,0,4.2664,1,23,0,0,0
18,2,0,0,1,0,0,0,3.6144,0,11,0,1,0
32,2,1,0,1,0,1,0,4.1556,1,24,0,0,0
36,1,0,0,0,0,0,1,3.9722,1,12,0,1,0
40,2,1,0,0,0,1,0,4.3276,1,21,0,0,0
43,2,1,0,1,0,1,0,4.2199,1,23,0,0,0
50,2,0,0,1,0,1,1,4.3991,1,28,0,0,0
53,2,1,0,1,0,1,1,4.2744,1,28,0,0,0
54,2,1,0,1,0,1,0,4.6321,1,31,0,0,0
50,2,1,0,1,0,1,1,4.2982,1,29,0,0,0
53,2,1,0,1,0,1,1,4.1708,1,28,0,0,0
27,2,1,0,1,0,0,1,3.9401,1,19,0,1,0
43,2,1,0,1,0,0,0,4.2664,1,21,0,1,0
50,2,0,0,1,0,1,0,4.344,1,31,0,0,0
49,2,1,0,1,0,1,1,4.2295,1,28,0,0,0
44,2,1,0,1,0,1,0,4.3171,1,23,0,0,0
46,2,1,0,1,0,1,1,4.3174,1,25,0,0,0
29,1,1,0,0,0,1,0,4.1592,1,21,0,0,0
49,2,1,0,1,0,1,0,4.1824,1,27,0,0,0
46,3,0,0,1,0,1,0,4.45,1,28,0,0,0
44,3,0,0,1,0,1,1,4.4108,1,26,0,0,0
40,2,1,0,1,0,0,0,3.9751,1,20,1,1,0
44,3,0,0,1,0,1,0,4.3282,1,26,0,0,0
43,2,0,0,1,0,1,0,4.2954,1,24,0,0,1
50,2,1,0,1,0,1,1,4.1913,1,29,0,0,0
47,2,1,0,1,0,1,0,4.3741,1,25,0,0,0
49,2,1,0,1,0,1,1,4.2649,1,24,0,0,0
41,1,1,0,0,0,1,0,4.2571,1,21,0,0,0
49,2,1,0,1,0,1,1,4.3753,1,26,0,0,0
39,2,1,0,1,0,1,1,4.2781,1,24,0,0,0
57,2,0,0,1,0,1,0,4.4355,1,28,0,0,0
49,2,1,0,1,0,1,0,4.2529,1,28,0,0,0
32,2,1,0,1,0,0,1,4.0778,1,17,0,1,0
51,2,1,0,1,0,1,1,4.3268,1,26,0,0,0
61,2,1,0,1,0,1,0,4.4899,1,31,0,0,0
46,2,1,0,1,0,1,1,4.3253,1,26,0,0,0
39,1,1,0,0,0,0,0,4.2311,1,9,0,1,0
29,2,0,0,1,0,0,1,4.1852,1,15,0,1,0
47,2,1,0,1,0,1,0,4.4083,1,24,0,0,0
51,2,1,0,1,0,1,1,4.2159,1,26,0,0,0
45,2,1,0,1,0,1,0,4.3916,1,24,0,0,0
42,1,1,0,0,0,1,0,4.2611,1,21,0,0,0
35,2,1,0,1,0,1,0,4.229,1,27,0,0,0
42,2,0,0,1,0,1,1,4.386,1,28,0,0,0
46,2,1,0,1,0,1,0,4.336,1,23,0,0,0
40,2,1,0,1,0,1,1,4.3087,1,25,0,0,0
46,2,1,0,1,0,1,0,4.3959,1,23,0,0,0
45,2,1,0,1,0,0,1,4.0344,0,20,0,1,0
41,2,0,0,1,0,0,0,4.162,1,21,0,1,0
48,2,0,0,1,0,1,0,4.5042,1,26,0,0,0
47,2,1,0,1,0,1,0,4.4509,1,24,0,0,0
45,3,1,0,1,0,1,1,4.4053,1,26,0,0,0
50,2,1,0,1,0,1,1,4.2962,1,25,0,0,0
36,2,1,0,1,0,1,0,4.0487,1,28,0,0,0
41,1,0,0,0,0,1,0,4.3267,1,21,0,0,1
48,2,0,0,1,0,1,1,4.2198,1,28,0,0,0
34,2,1,0,1,0,1,1,4.2195,1,26,0,0,0
58,2,1,0,1,0,1,0,4.3342,1,28,0,0,0
43,2,1,0,1,0,0,0,4.1093,1,22,0,1,0
45,2,0,0,1,0,1,0,4.428,1,26,0,0,0
36,2,1,0,1,0,0,1,4.1416,1,21,0,1,1
53,2,0,0,1,0,1,1,4.3122,1,29,0,0,0
47,2,1,0,1,0,1,1,4.2646,1,26,0,0,0
44,3,0,0,1,0,1,0,4.51,1,26,0,0,0
58,2,0,0,1,0,1,1,4.4288,1,29,0,0,0
34,2,0,0,1,0,0,0,4.1019,1,14,0,1,0
43,2,0,0,1,0,1,1,4.284,1,23,0,0,0
50,2,1,0,1,0,0,0,4.1669,1,20,0,1,0
51,2,1,0,1,0,1,0,4.3736,1,31,0,0,0
47,2,0,0,1,0,1,1,4.2242,1,23,0,0,0
41,2,1,0,1,0,1,1,4.3083,1,26,0,0,0
35,3,0,0,1,0,0,0,4.2214,1,17,0,1,0
45,2,1,0,1,0,1,1,4.3114,1,25,0,0,0
20,2,1,0,1,0,0,0,3.6842,1,12,0,1,0
39,2,1,0,1,0,1,1,4.3681,1,24,0,0,0
55,2,1,0,1,0,1,1,4.3833,1,30,0,0,0
32,2,1,0,1,0,1,0,4.0931,1,24,0,0,0
47,2,1,0,1,0,1,1,4.3072,1,26,0,0,0
45,2,0,0,1,0,1,1,4.2946,1,25,0,0,0
45,2,1,0,1,0,1,1,4.0637,0,20,0,1,0
53,2,0,0,1,0,1,0,4.5389,1,31,0,0,0
35,2,1,0,1,0,0,1,3.9544,1,15,0,1,0
41,3,0,0,1,0,1,0,4.3083,1,23,0,0,0
52,2,1,0,1,0,1,1,4.4247,1,31,0,0,0
41,2,1,0,1,0,1,1,4.485,1,26,0,0,0
42,2,0,0,1,0,0,1,4.318,1,20,0,1,0
59,2,1,0,1,0,1,1,4.4165,1,29,0,0,0
41,2,1,0,1,0,1,1,4.3571,1,26,0,0,0
47,3,1,0,1,0,1,0,4.4027,1,28,0,0,0
41,1,1,0,0,0,1,0,4.2571,1,21,0,0,0
46,2,0,0,1,0,1,0,4.371,1,24,0,0,0
51,2,1,0,1,0,1,0,4.4913,1,28,0,0,0
52,2,0,0,1,0,1,0,4.4121,1,23,0,0,0
48,2,1,0,1,0,1,0,4.3538,1,26,0,0,0
47,2,1,0,1,0,1,1,4.347,1,26,0,0,0
47,2,1,0,1,0,1,0,4.4509,1,24,0,0,0
19,2,1,0,1,0,0,0,3.5766,1,11,0,1,0
41,2,0,0,1,0,1,1,4.4362,1,27,0,0,0
45,2,0,0,1,0,1,0,4.2969,1,25,0,0,0
51,2,1,0,1,0,0,1,4.1307,1,21,1,1,0
51,2,1,0,1,0,1,0,4.3736,1,31,0,0,0
49,2,0,0,1,0,1,1,4.2878,1,25,0,0,1
40,2,1,0,0,0,1,0,4.3276,1,21,0,0,0
45,3,1,0,1,0,1,0,4.3858,1,26,0,0,0
50,2,0,0,1,0,1,1,4.2962,1,26,0,0,0
56,2,1,0,1,0,1,0,4.4599,1,26,0,0,0
49,2,1,0,1,0,1,1,4.457,1,27,0,0,0
48,2,0,0,1,0,1,1,4.2615,1,28,0,0,0
58,2,1,0,1,0,1,0,4.4288,1,28,0,0,0
38,2,0,0,1,0,0,1,3.9053,1,14,1,1,0
43,2,0,0,1,0,0,0,4.2023,1,14,0,1,0
51,2,1,0,1,0,1,1,4.2747,1,26,0,0,1
44,1,1,0,0,0,1,0,4.3431,1,21,0,0,0
50,2,1,0,1,0,1,1,4.2464,1,29,0,0,0
42,2,1,0,1,0,0,1,4.1455,1,21,0,1,0
33,2,0,0,1,0,1,1,4.2336,1,26,0,0,0
45,2,1,0,1,0,1,1,4.2757,1,24,0,0,0
47,3,1,0,1,0,1,0,4.3197,1,28,0,0,0
31,2,0,0,1,0,1,0,4.1715,1,24,0,0,0
48,2,0,0,1,0,1,0,4.4626,1,26,0,0,0
46,2,1,0,1,0,1,1,4.3937,1,25,0,0,0
34,2,1,0,1,0,1,0,4.315,1,26,0,0,0
49,2,1,0,1,0,1,0,4.5969,1,26,0,0,0
47,2,1,0,1,0,1,0,4.3741,1,25,0,0,0
32,2,1,0,1,0,0,1,4.0778,1,17,0,1,0
61,2,1,0,1,0,1,0,4.4899,1,31,0,0,0
54,2,1,0,1,0,1,0,4.3941,1,24,0,0,0
34,2,1,0,1,0,0,1,3.9398,1,13,0,1,0
51,2,1,0,1,0,1,1,4.3756,1,26,0,0,0
46,2,1,0,1,0,1,0,4.4038,1,25,0,0,0
42,1,1,0,0,0,1,0,4.3088,1,21,0,0,0
36,2,0,0,1,0,0,0,4.2601,0,14,0,1,0
46,2,0,0,1,0,1,1,4.45,1,27,0,0,0
53,2,1,0,1,0,1,0,4.3507,1,23,0,0,0
31,2,0,0,1,0,1,0,4.1069,1,24,0,0,0
44,2,0,0,1,0,1,0,4.2805,1,23,0,0,0
54,2,1,0,1,0,1,0,4.5441,1,31,0,0,0
43,1,1,0,0,0,1,0,4.293,1,21,0,0,0
43,2,1,0,1,0,1,1,4.3328,1,28,0,0,0
47,2,1,0,1,0,1,0,4.4166,1,25,0,0,0
50,2,1,0,1,0,1,1,4.266,1,25,0,0,1
41,2,1,0,1,0,1,1,4.3571,1,26,0,0,0
39,2,1,0,1,0,1,1,4.3168,1,24,0,0,0
47,2,0,0,1,0,1,1,4.4105,1,27,0,0,0
30,2,0,0,1,0,1,0,4.0314,1,23,0,0,0
49,2,1,0,1,0,1,1,4.362,1,24,0,0,0
56,2,1,0,1,0,1,0,4.5666,1,26,0,0,0
33,2,1,0,1,0,1,0,4.1879,1,25,0,0,0
45,2,1,0,1,0,1,1,4.3201,1,24,0,0,0
42,2,1,0,1,0,0,1,3.9181,0,17,0,1,1
31,2,1,0,1,0,1,0,4.1471,1,23,0,0,0
50,1,1,0,0,0,1,0,4.3342,1,20,0,0,0
47,2,1,0,1,0,1,0,4.3901,1,26,0,0,0
50,2,0,0,1,0,1,1,4.3435,1,26,0,0,0
38,2,1,0,1,0,1,1,4.234,1,23,0,0,0
34,3,1,0,1,0,0,0,4.1385,1,15,0,1,0
51,2,1,0,1,0,1,1,4.2552,1,26,0,0,0
39,2,1,0,1,0,1,1,4.3168,1,24,0,0,1
45,2,0,0,1,0,1,1,4.2946,1,25,0,0,0
21,2,0,0,1,0,0,0,3.6897,1,14,0,1,0
49,2,1,0,1,0,1,0,4.5052,1,26,0,0,0
47,2,1,0,1,0,1,0,4.289,1,25,0,0,0
35,2,1,0,1,0,0,1,4.3217,1,20,0,1,0
48,2,1,0,1,0,1,0,4.3717,1,26,0,0,0
36,2,1,0,1,0,1,0,4.2391,1,28,0,0,0
46,2,1,0,1,0,1,0,4.3609,1,26,0,0,0
49,2,0,0,1,0,0,1,4.2375,0,25,0,1,0
46,2,1,0,1,0,1,1,4.3502,1,25,0,0,0
50,2,1,0,1,0,1,1,4.226,1,25,0,0,0
46,2,0,0,1,0,1,0,4.2654,1,25,0,0,0
41,2,1,0,1,0,1,1,4.3083,1,26,0,0,0
30,1,0,0,0,0,0,1,3.9866,1,10,1,1,0
42,1,1,0,0,0,1,0,4.2611,1,21,0,0,0
47,3,1,0,1,0,1,0,4.4452,1,28,0,0,0
39,2,0,0,1,0,1,1,4.3168,1,25,0,0,0
49,2,1,0,1,0,1,0,4.4256,1,26,0,0,0
47,2,1,0,1,0,1,1,4.1899,1,22,0,0,0
49,2,1,0,1,0,1,1,4.457,1,26,0,0,0
41,2,1,0,1,0,1,1,4.485,1,26,0,0,0
34,2,1,0,1,0,1,0,4.1163,1,26,0,0,0
45,2,1,0,1,0,1,0,4.2583,1,24,0,0,0
37,2,1,0,1,0,1,1,4.1957,1,29,0,0,0
47,2,1,0,1,0,1,0,4.2464,1,25,0,0,0
46,2,0,0,1,0,1,0,4.4123,1,26,0,0,0
52,2,1,0,1,0,1,0,4.2739,1,31,0,0,0
33,2,0,0,1,0,0,1,3.8212,0,13,0,1,0
34,2,0,0,1,0,0,1,4.0653,0,14,0,1,0
39,2,1,0,1,0,0,1,3.904,1,14,0,1,0
38,2,1,0,1,0,1,1,4.2866,1,23,0,0,0
45,2,1,0,1,0,1,0,4.3033,1,23,0,0,0
47,2,1,0,1,0,1,1,4.3476,1,26,0,0,0
50,2,1,0,1,0,1,0,4.3762,1,28,0,0,0
43,3,1,0,1,0,1,0,4.3617,1,24,0,0,0
46,2,1,0,1,0,0,0,4.1058,1,16,0,1,0
42,2,1,0,1,0,1,0,4.1752,1,22,0,0,0
48,2,1,0,1,0,1,0,4.3635,1,25,0,0,0
48,2,1,0,1,0,1,0,4.4864,1,26,0,0,0
33,2,1,0,1,0,0,1,3.6771,0,12,0,1,0
39,2,1,0,1,0,1,1,4.2336,1,24,0,0,0
28,3,1,0,1,0,0,0,3.9138,1,9,0,1,0
44,2,0,0,1,0,1,0,4.4534,1,24,0,0,0
45,2,1,0,1,0,0,0,4.2865,1,15,1,1,1
52,2,1,0,1,0,1,1,4.4632,1,31,0,0,0
51,2,1,0,1,0,1,1,4.3756,1,26,0,0,0
45,2,1,0,1,0,1,0,4.3033,1,23,0,0,0
31,2,0,0,1,0,1,0,4.2603,1,24,0,0,0
47,2,1,0,1,0,1,0,4.3476,1,26,0,0,0
49,2,1,0,1,0,1,1,4.1979,1,28,0,0,0
57,2,1,0,1,0,1,1,4.4384,1,27,0,0,0
47,3,1,0,1,0,1,0,4.4452,1,28,0,0,0
47,2,1,0,1,0,1,1,4.2625,1,26,0,0,1
42,1,1,0,0,0,1,1,4.2501,1,21,0,0,0
51,2,1,0,1,0,1,1,4.3756,1,26,0,0,0
51,2,0,0,1,0,1,1,4.4817,1,31,0,0,0
51,1,1,0,0,0,1,0,4.3736,1,21,0,0,0
46,2,1,0,1,0,1,1,4.3794,1,26,0,0,0
52,2,0,0,1,0,1,1,4.3653,1,28,0,0,0
51,2,1,0,1,0,1,1,4.3756,1,26,0,0,0
51,2,1,0,1,0,1,1,4.3756,1,26,0,0,0
45,2,1,0,1,0,1,1,4.3201,1,24,0,0,0
45,3,1,0,1,0,1,1,4.4053,1,26,0,0,0
34,2,1,0,1,0,0,1,4.1973,1,19,0,1,0
45,3,1,0,1,0,1,0,4.3581,1,26,0,0,0
43,1,1,0,0,0,1,0,4.293,1,21,0,0,0
49,2,1,0,1,0,0,1,4.3266,1,19,0,1,0
52,2,1,0,1,0,1,1,4.3226,1,27,0,0,0
40,2,0,0,1,0,1,1,4.4464,1,26,0,0,0
28,1,1,0,0,0,1,0,4.0122,1,20,0,0,0
34,2,1,0,1,0,1,0,4.2561,1,26,0,0,0
45,3,1,0,1,0,1,0,4.3413,1,26,0,0,0
49,2,1,0,1,0,1,1,4.1979,1,28,0,0,0
33,2,1,0,1,0,0,0,4.0637,1,13,0,1,0
57,2,1,0,1,0,1,1,4.4517,1,27,0,0,0
37,2,1,0,1,0,0,0,3.8747,1,17,1,1,0
46,2,1,0,1,0,1,0,4.4393,1,23,0,0,1
42,3,1,0,1,0,1,0,4.3501,1,23,0,0,0
36,2,1,0,1,0,1,0,4.2947,1,28,0,0,0
41,1,1,0,0,0,1,0,4.2571,1,21,0,0,0
35,2,1,0,1,0,0,0,4.0472,1,15,0,1,0
41,3,0,0,1,0,1,0,4.3083,1,23,0,0,0
46,2,1,0,1,0,1,0,4.4043,1,26,0,0,0
53,2,1,0,1,0,1,0,4.4708,1,30,0,0,0
31,2,0,0,1,0,0,0,4.0668,1,10,0,1,0
51,2,1,0,1,0,1,1,4.2747,1,26,0,0,0
34,2,1,0,1,0,1,0,4.315,1,26,0,0,0
49,2,1,0,1,0,1,1,4.3599,1,26,0,0,0
45,2,0,0,1,0,1,0,4.3391,1,24,0,0,0
47,2,1,0,1,0,1,0,4.2807,1,26,0,0,1
29,2,1,0,1,0,0,1,4.1852,1,14,0,1,0
47,2,0,0,1,0,1,0,4.1878,1,28,0,0,0
56,2,1,0,1,0,1,0,4.4242,1,26,0,0,0
49,2,1,0,1,0,1,1,4.3753,1,29,0,0,0
35,2,1,0,1,0,0,1,3.8034,0,14,0,1,0
43,3,0,0,1,0,1,0,4.3907,1,25,0,0,0
55,2,0,0,1,0,1,1,4.3833,1,26,0,0,0
37,3,1,0,1,0,0,0,4.0264,1,18,0,1,0
50,2,0,0,1,0,1,0,4.424,1,31,0,0,0
57,2,1,0,1,0,1,1,4.5219,1,27,0,0,0
44,2,1,0,1,0,1,0,4.3171,1,23,0,0,0
44,3,0,0,1,0,1,0,4.3736,1,26,0,0,0
33,2,1,0,1,0,0,1,4.1879,1,18,0,1,0
47,2,1,0,1,0,1,0,4.289,1,25,0,0,0
42,2,1,0,1,0,1,1,4.475,1,27,0,0,0
28,2,0,0,1,0,0,1,3.9947,0,14,0,1,0
59,2,1,0,1,0,1,1,4.4504,1,29,0,0,0
51,2,1,0,1,0,1,1,4.2875,1,26,0,0,0
47,2,1,0,1,0,1,1,4.3072,1,26,0,0,0
36,2,1,0,1,0,1,0,4.1042,1,28,0,0,0
48,2,1,0,1,0,1,0,4.3478,1,26,0,0,0
34,2,1,0,1,0,0,1,3.962,0,19,0,1,0
55,2,1,0,1,0,1,0,4.4453,1,25,0,0,0
48,2,0,0,1,0,1,1,4.395,1,29,0,0,0
45,2,1,0,1,0,1,0,4.3055,1,25,0,0,0
48,2,1,0,1,0,1,0,4.3478,1,26,0,0,0
46,1,1,0,0,0,1,1,4.2326,1,21,0,0,0
34,3,1,0,1,0,0,0,4.0797,1,15,0,1,0
39,2,1,0,0,0,1,0,4.3168,1,20,0,0,1
53,2,1,0,1,0,1,0,4.4,1,31,0,0,0
48,3,1,0,1,0,1,1,4.4571,1,29,0,0,0
51,2,1,0,1,0,1,1,4.2355,1,26,0,0,0
33,2,1,0,1,0,1,0,4.2485,1,25,0,0,0
51,2,0,0,1,0,1,0,4.3748,1,31,0,0,0
45,2,1,0,1,0,1,0,4.3304,1,24,0,0,0
46,2,1,0,1,0,1,1,4.3174,1,25,0,0,0
52,2,1,0,1,0,1,0,4.3653,1,31,0,0,1
33,2,1,0,1,0,1,0,4.3091,1,25,0,0,0
21,2,1,0,1,0,0,1,3.6538,0,13,0,1,0
54,2,1,0,1,0,1,0,4.3521,1,24,0,0,0
55,2,1,0,1,0,1,0,4.3588,1,25,0,0,0
46,2,1,0,1,0,1,0,4.336,1,26,0,0,0
44,3,0,0,1,0,1,0,4.311,1,26,0,0,0
45,2,0,0,1,0,1,1,4.2946,1,25,0,0,0
54,2,0,0,1,0,1,0,4.4542,1,25,0,0,1
46,2,0,0,1,0,1,1,4.3603,1,26,0,0,0
36,3,1,0,1,0,0,0,4.1734,1,17,0,1,0
48,2,1,0,1,0,1,0,4.4448,1,26,0,0,0
51,2,1,0,1,0,1,1,4.3756,1,26,0,0,0
47,2,1,0,1,0,1,1,4.3497,1,26,0,0,0
44,3,1,0,1,0,1,0,4.3393,1,25,0,0,0
49,2,1,0,1,0,1,1,4.2803,1,24,0,0,1
56,2,1,0,1,0,1,1,4.4477,1,26,0,0,0
42,1,1,0,0,0,1,0,4.2611,1,21,0,0,0
48,2,0,0,1,0,1,0,4.6211,1,26,0,0,0
39,2,1,0,1,0,0,0,4.0353,0,18,0,1,0
48,2,0,0,1,0,1,0,4.4524,1,26,0,0,0
50,2,0,0,1,0,1,1,4.3533,1,26,0,0,0
37,2,0,0,1,0,0,0,3.9696,1,17,1,1,0
38,2,1,0,1,0,0,0,4.2936,1,15,0,1,0
50,2,1,0,1,0,1,1,4.2864,1,29,0,0,0
27,2,1,0,1,0,1,0,4.2084,0,19,0,1,0
48,2,0,0,1,0,1,1,4.3397,1,24,0,0,0
44,1,1,0,0,0,1,0,4.434,1,21,0,0,0
59,2,0,0,1,0,1,0,4.448,1,30,0,0,0
37,2,1,0,1,0,0,0,4.0981,1,17,0,1,0
33,2,1,0,1,0,0,0,3.9802,1,13,0,1,0
54,2,1,0,1,0,1,0,4.292,1,24,0,0,0
46,2,0,0,1,0,1,0,4.4743,1,24,0,0,0
52,2,0,0,1,0,1,0,4.3497,1,23,0,0,0
30,2,1,0,1,0,0,0,4.0981,1,22,0,1,0
49,2,1,0,1,0,1,1,4.1979,1,28,0,0,0
40,2,1,0,0,0,1,0,4.3776,1,21,0,0,0
43,3,0,0,1,0,1,0,4.4083,1,25,0,0,0
44,3,0,0,1,0,1,1,4.4108,1,26,0,0,0
48,2,1,0,1,0,1,0,4.3478,1,26,0,0,1
46,2,1,0,1,0,1,0,4.3609,1,26,0,0,0
46,2,0,0,1,0,1,0,4.4743,1,24,0,0,1
41,2,1,0,1,0,1,1,4.3571,1,26,0,0,0
46,1,1,0,0,0,1,1,4.1891,1,21,0,0,0
55,2,1,0,1,0,1,0,4.4089,1,25,0,0,0
56,2,1,0,1,0,1,1,4.3985,1,31,0,0,0
40,2,1,0,1,0,0,1,4.0848,1,20,0,1,0
49,2,1,0,1,0,1,0,4.4644,1,26,0,0,0
55,2,1,0,1,0,1,0,4.4453,1,25,0,0,0
43,2,0,0,1,0,1,0,4.2863,1,23,0,0,0
49,2,1,0,1,0,1,0,4.2937,1,28,0,0,0
46,3,0,0,1,0,1,0,4.4065,1,28,0,0,0
36,2,1,0,1,0,0,1,4.0487,1,16,0,1,0
44,3,0,0,1,0,1,0,4.4019,1,26,0,0,0
46,2,1,0,1,0,1,0,4.2575,1,26,0,0,0
47,2,0,0,1,0,1,1,4.2807,1,27,0,0,1
46,2,0,0,1,0,1,1,4.45,1,27,0,0,0
33,2,1,0,1,0,1,0,4.3091,1,25,0,0,0
45,2,1,0,1,0,0,0,4.4805,0,22,0,1,0
49,2,1,0,1,0,1,1,4.457,1,27,0,0,0
47,2,1,0,1,0,1,0,4.3232,1,26,0,0,0
47,2,1,0,1,0,1,0,4.4166,1,25,0,0,0
50,2,0,0,1,0,1,0,4.4864,1,28,0,0,0
47,2,1,0,1,0,1,0,4.2973,1,25,0,0,0
53,2,1,0,1,0,1,1,4.133,1,28,0,0,0
48,2,1,0,1,0,1,0,4.4209,1,25,0,0,0
47,2,1,0,1,0,1,0,4.3315,1,25,0,0,0
49,2,1,0,1,0,1,1,4.3212,1,28,0,0,0
43,2,1,0,1,0,1,1,4.3328,1,28,0,0,0
41,2,1,0,1,0,1,1,4.485,1,26,0,0,0
49,2,1,0,1,0,1,1,4.362,1,28,0,0,0
51,2,1,0,1,0,1,0,4.3736,1,31,0,0,0
44,2,1,0,1,0,1,0,4.2716,1,23,0,0,0
41,2,1,0,1,0,1,1,4.4362,1,26,0,0,0
43,3,1,0,1,0,1,0,4.3152,1,24,0,0,0
33,2,1,0,1,0,1,0,4.1273,1,25,0,0,0
38,2,0,0,1,0,1,0,4.3237,1,31,0,0,0
38,2,0,0,1,0,1,1,4.3264,1,24,0,0,0
38,3,1,0,1,0,0,0,4.1261,1,19,0,1,0
45,3,1,0,1,0,1,0,4.369,1,26,0,0,0
48,2,1,0,1,0,1,1,4.2904,1,26,0,0,0
38,2,1,0,1,0,0,0,3.9778,1,17,1,1,0
43,2,1,0,1,0,1,1,4.3328,1,28,0,0,0
39,2,1,0,1,0,1,1,4.2781,1,24,0,0,0
44,3,1,0,1,0,1,0,4.3565,1,25,0,0,0
45,3,1,0,1,0,1,0,4.369,1,26,0,0,0
37,2,1,0,1,0,0,0,4.2701,1,14,0,1,0
44,3,1,0,1,0,1,0,4.3454,1,25,0,0,0
44,2,1,0,1,0,1,1,4.3065,1,23,0,0,0
51,2,1,0,1,0,1,0,4.3196,1,31,0,0,0
35,2,1,0,1,0,1,1,4.3217,1,27,0,0,0
49,2,1,0,1,0,1,0,4.4256,1,26,0,0,0
34,2,1,0,1,0,1,0,4.1751,1,26,0,0,0
47,2,0,0,1,0,1,0,4.3741,1,26,0,0,0
39,1,0,0,0,0,1,0,4.2117,1,20,0,0,0
54,2,1,0,1,0,1,0,4.3782,1,24,0,0,0
61,2,1,0,1,0,1,0,4.4571,1,31,0,0,0
46,2,0,0,1,0,1,1,4.4065,1,27,0,0,0
42,2,1,0,1,0,1,1,4.475,1,27,0,0,0
42,2,1,0,1,0,0,1,4.079,1,19,0,1,0
54,2,1,0,1,0,1,0,4.4311,1,24,0,0,0
46,2,1,0,1,0,1,0,4.3089,1,25,0,0,0
57,2,1,0,1,0,1,1,4.4735,1,27,0,0,0
46,2,0,0,1,0,1,1,4.3338,1,26,0,0,0
39,2,0,0,1,0,1,1,4.3168,1,25,0,0,0
47,2,1,0,1,0,1,0,4.3476,1,26,0,0,0
46,2,0,0,1,0,1,1,4.3338,1,26,0,0,0
32,2,0,0,1,0,1,0,4.1403,1,25,0,0,0
44,2,0,0,1,0,1,1,4.3282,1,30,0,0,0
31,3,1,0,1,0,0,0,4.0826,1,12,0,1,0
51,2,1,0,1,0,1,1,4.2747,1,26,0,0,0
47,2,1,0,1,0,1,1,4.3072,1,26,0,0,0
56,2,1,0,1,0,1,1,4.3985,1,31,0,0,0
27,1,1,0,0,0,0,1,4.1805,1,12,0,1,0
34,2,1,0,1,0,0,0,4.0767,0,14,0,1,0
49,2,0,0,1,0,1,1,4.2133,1,25,0,0,0
40,2,0,0,1,0,1,1,4.4964,1,26,0,0,0
40,2,0,0,1,0,1,1,4.4964,1,26,0,0,0
55,2,0,0,1,0,1,0,4.4954,1,26,0,0,0
56,2,1,0,1,0,1,0,4.395,1,26,0,0,0
41,2,1,0,1,0,1,1,4.3571,1,26,0,0,0
40,2,1,0,1,0,1,1,4.2964,1,25,0,0,0
42,1,0,0,0,0,1,0,4.318,1,21,0,0,0
34,2,1,0,1,0,0,0,3.9476,1,12,0,1,0
58,2,1,0,1,0,1,0,4.3342,1,28,0,0,0
52,2,1,0,1,0,1,1,4.4247,1,31,0,0,1
55,2,0,0,1,0,1,0,4.3886,1,26,0,0,0
53,2,0,0,1,0,1,0,4.3599,1,24,0,0,0
31,2,1,0,1,0,0,1,4.2202,1,16,0,1,0
51,2,0,0,1,0,1,1,4.2011,1,27,0,0,0
33,2,1,0,1,0,1,0,4.1879,1,25,0,0,0
47,2,1,0,1,0,1,1,4.3497,1,26,0,0,0
32,2,1,0,1,0,1,0,4.2417,1,24,0,0,0
43,2,1,0,1,0,1,1,4.3793,1,28,0,0,0
35,2,1,0,1,0,0,1,3.9404,0,10,0,1,0
49,2,1,0,1,0,1,0,4.2937,1,28,0,0,0
47,2,0,0,1,0,1,0,4.3559,1,26,0,0,0
49,2,1,0,1,0,1,1,4.362,1,28,0,0,0
45,2,1,0,1,0,1,0,4.3916,1,24,0,0,0
48,2,1,0,1,0,1,1,4.4387,1,27,0,0,0
52,2,1,0,1,0,1,1,4.3901,1,29,0,0,0
42,2,1,0,1,0,1,1,4.1869,1,27,0,0,1
50,2,0,0,1,0,1,1,4.2704,1,26,0,0,0
49,2,0,0,1,0,1,1,4.362,1,29,0,0,0
48,3,1,0,1,0,1,1,4.4571,1,29,0,0,0
48,2,1,0,1,0,1,1,4.3321,1,26,0,0,0
43,2,1,0,1,0,1,1,4.3328,1,28,0,0,0
46,2,1,0,1,0,1,0,4.2405,1,25,0,0,0
52,2,1,0,1,0,1,1,4.3226,1,27,0,0,0
38,2,0,0,1,0,0,0,4.0407,0,17,0,1,0
50,2,1,0,1,0,1,1,4.2864,1,29,0,0,0
29,1,1,0,0,0,1,0,4.1592,1,21,0,0,0
34,2,1,0,1,0,0,1,3.9254,0,13,0,1,0
48,2,0,0,1,0,1,1,4.2823,1,24,0,0,0
34,2,1,0,1,0,0,0,3.9764,1,12,0,1,0
46,1,1,0,0,0,1,1,4.2326,1,21,0,0,0
38,2,1,0,1,0,1,0,4.2512,0,18,0,1,0
54,2,0,0,1,0,1,0,4.4542,1,25,0,0,0
51,2,1,0,1,0,1,1,4.2355,1,26,0,0,0
38,2,1,0,1,0,1,1,4.234,1,23,0,0,0
49,2,1,0,1,0,1,1,4.2241,1,24,0,0,0
56,2,1,0,1,0,1,0,4.4307,1,26,0,0,0
54,2,1,0,1,0,1,0,4.4542,1,24,0,0,0
47,2,1,0,1,0,1,0,4.4,1,26,0,0,0
59,2,1,0,1,0,1,1,4.4165,1,29,0,0,0
25,2,1,0,1,0,0,0,4.0537,0,17,0,1,0
39,2,0,0,1,0,1,1,4.3875,1,25,0,0,0
54,2,1,0,1,0,1,0,4.3941,1,24,0,0,0
59,2,1,0,1,0,1,1,4.4165,1,29,0,0,0
51,2,1,0,1,0,1,0,4.5453,1,28,0,0,0
46,2,1,0,1,0,1,1,4.3067,1,25,0,0,0
46,2,0,0,1,0,1,1,4.3603,1,26,0,0,0
49,2,1,0,1,0,1,0,4.3286,1,28,0,0,0
51,2,1,0,1,0,1,1,4.2355,1,26,0,0,0
39,2,1,0,1,0,0,1,3.904,1,14,0,1,1
47,2,1,0,1,0,1,1,4.3476,1,26,0,0,0
33,2,1,0,1,0,0,1,4.0408,1,13,0,1,0
40,2,1,0,1,0,0,1,3.8653,1,15,1,1,1
57,2,1,0,1,0,1,1,4.4868,1,27,0,0,0
46,2,1,0,1,0,1,0,4.3174,1,24,0,0,1
49,2,1,0,1,0,1,0,4.3848,1,26,0,0,0
36,1,1,0,0,0,1,1,4.2873,1,21,0,0,0
39,2,1,0,1,0,1,0,4.3143,1,31,0,0,0
44,3,1,0,1,0,1,0,4.3848,1,25,0,0,0
47,2,1,0,1,0,1,0,4.5095,1,24,0,0,0
23,1,0,0,0,0,0,1,4.056,1,9,0,1,0
46,1,1,0,0,0,1,1,4.1456,1,21,0,0,0
37,2,1,0,1,0,0,1,4.1824,1,16,0,1,0
45,3,1,0,1,0,1,0,4.5023,1,26,0,0,0
33,2,1,0,1,0,1,0,4.3091,1,25,0,0,0
51,2,0,0,1,0,1,1,4.3383,1,27,0,0,0
49,2,1,0,1,0,1,1,4.2387,1,28,0,0,0
48,2,0,0,1,0,1,0,4.298,1,28,0,0,0
47,2,1,0,1,0,1,0,4.3741,1,25,0,0,0
46,2,1,0,1,0,1,1,4.3816,1,31,0,0,0
33,1,1,0,0,0,0,0,4.0179,1,11,0,1,0
56,2,1,0,1,0,1,1,4.3763,1,26,0,0,1
50,2,1,0,1,0,1,1,4.2713,1,25,0,0,0
48,3,1,0,1,0,1,1,4.4154,1,29,0,0,0
25,2,1,0,1,0,0,1,4.0839,0,17,0,1,0
36,2,1,0,1,0,1,0,4.0487,1,28,0,0,0
50,2,0,0,1,0,1,1,4.1753,1,26,0,0,1
36,1,1,0,0,0,1,1,4.2317,1,21,0,0,0
44,2,1,0,1,0,1,0,4.2261,1,23,0,0,0
37,2,1,0,1,0,0,0,3.9254,0,16,0,1,0
40,2,1,0,1,0,0,1,4.0873,1,19,0,1,0
36,1,1,0,0,0,1,1,4.2873,1,21,0,0,0
46,2,1,0,1,0,1,0,4.2575,1,26,0,0,0
47,2,1,0,1,0,0,1,4.1453,1,22,0,1,0
50,2,1,0,1,0,1,1,4.2864,1,29,0,0,0
33,2,1,0,1,0,1,0,4.3091,1,25,0,0,0
45,2,0,0,1,0,1,0,4.4556,1,26,0,0,0
42,1,1,0,0,0,1,0,4.2611,1,21,0,0,0
39,2,1,0,1,0,1,0,4.3655,1,31,0,0,0
48,2,1,0,1,0,1,1,4.4387,1,27,0,0,1
45,2,0,0,1,0,1,0,4.4556,1,26,0,0,0
45,2,0,0,1,0,1,0,4.2334,1,26,0,0,0
46,2,0,0,1,0,1,0,4.3688,1,26,0,0,0
54,2,1,0,1,0,1,1,4.2561,1,29,0,0,1
38,2,0,0,1,0,0,1,3.9328,1,18,0,1,0
42,2,0,0,1,0,1,0,4.2525,1,23,0,0,0
36,2,1,0,1,0,1,0,4.1042,1,28,0,0,0
41,1,1,0,0,0,1,0,4.1899,1,21,0,0,0
47,2,1,0,1,0,1,0,4.4083,1,24,0,0,0
40,2,1,0,1,0,0,1,3.9062,1,15,0,1,0
45,2,1,0,1,0,1,1,4.2312,1,24,0,0,0
42,2,0,0,1,0,0,1,4.2728,1,20,0,1,0
44,2,0,0,1,0,1,0,4.3088,1,25,0,0,0
42,1,1,0,0,0,1,0,4.3088,1,21,0,0,0
50,2,1,0,1,0,1,1,4.5113,1,27,0,0,0
61,2,1,0,1,0,1,0,4.4448,1,31,0,0,0
45,2,0,0,1,0,1,0,4.3835,1,26,0,0,0
49,2,0,0,1,0,1,1,4.3032,1,29,0,0,0
44,2,0,0,1,0,1,0,4.3454,1,24,0,0,0
56,2,1,0,1,0,1,0,4.5666,1,26,0,0,0
49,2,0,0,1,0,1,1,4.3212,1,29,0,0,0
36,2,1,0,1,0,1,0,4.2947,1,28,0,0,0
36,1,1,0,0,0,1,1,4.2317,1,21,0,0,0
48,2,1,0,1,0,1,0,4.4052,1,28,0,0,0
34,2,1,0,1,0,1,1,4.2195,1,26,0,0,0
45,3,1,0,1,0,1,1,4.4053,1,26,0,0,0
36,2,0,0,1,0,0,0,3.9886,0,15,0,1,1
56,2,1,0,1,0,1,0,4.3727,1,26,0,0,0
50,2,1,0,1,0,1,0,4.2002,1,28,0,0,0
44,2,1,0,1,0,1,1,4.261,1,23,0,0,0
51,2,1,0,1,0,1,1,4.2355,1,26,0,0,1
51,2,1,0,1,0,1,1,4.2355,1,26,0,0,0
41,2,0,0,1,0,1,1,4.485,1,27,0,0,0
38,2,0,0,1,0,1,1,4.2866,1,24,0,0,0
50,1,1,0,0,0,1,0,4.3342,1,20,0,0,0
33,2,0,0,1,0,0,1,3.9573,1,12,0,1,0
49,2,1,0,1,0,1,0,4.4356,1,26,0,0,0
54,2,1,0,1,0,1,0,4.4032,1,24,0,0,0
34,2,1,0,1,0,1,0,4.2339,1,26,0,0,0
32,1,1,0,0,0,0,0,3.9886,1,12,0,1,0
46,2,1,0,1,0,1,0,4.336,1,26,0,0,0
61,2,1,0,1,0,1,0,4.5227,1,31,0,0,0
51,2,1,0,1,0,1,1,4.2747,1,26,0,0,0
39,2,1,0,1,0,1,1,4.2781,1,24,0,0,1
48,2,1,0,1,0,1,1,4.3457,1,27,0,0,0
53,2,0,0,1,0,1,1,4.2744,1,29,0,0,0
54,2,1,0,1,0,1,1,4.2561,1,29,0,0,0
52,2,0,0,1,0,1,0,4.3591,1,23,0,0,0
44,2,0,0,1,0,1,0,4.2179,1,25,0,0,0
36,2,1,0,1,0,1,0,4.0487,1,28,0,0,0
39,2,0,0,1,0,0,1,4.1798,0,17,0,1,0
48,2,0,0,1,0,1,0,4.27,1,28,0,0,0
49,2,0,0,1,0,1,0,4.2212,1,28,0,0,0
39,2,1,0,1,0,1,0,4.3655,1,31,0,0,0
50,2,0,0,1,0,1,1,4.2304,1,26,0,0,0
51,2,0,0,1,0,1,0,4.3355,1,31,0,0,0
39,2,1,0,1,0,1,1,4.3168,1,24,0,0,0
39,2,1,0,1,0,1,1,4.2781,1,24,0,0,0
50,2,1,0,1,0,1,1,4.3382,1,29,0,0,0
47,2,0,0,1,0,1,0,4.3896,1,25,0,0,0
45,2,1,0,1,0,1,0,4.3033,1,23,0,0,0
49,2,1,0,1,0,1,1,4.457,1,27,0,0,0
34,2,1,0,1,0,1,0,4.1751,1,26,0,0,0
49,2,0,0,1,0,1,0,4.1804,1,28,0,0,0
47,2,1,0,1,0,1,1,4.3476,1,26,0,0,0
46,2,0,0,1,0,1,0,4.3524,1,25,0,0,1
55,2,1,0,1,0,1,0,4.4453,1,25,0,0,0
32,2,1,0,1,0,0,0,3.9917,1,10,0,1,0
47,2,0,0,1,0,1,0,4.4161,1,25,0,0,0
44,2,1,0,1,0,1,1,4.261,1,23,0,0,0
43,2,1,0,1,0,0,0,4.0979,0,23,0,1,0
46,2,0,0,1,0,1,0,4.2925,1,26,0,0,0
34,1,1,0,0,0,0,1,3.8559,1,9,0,1,0
52,2,1,0,1,0,0,0,4.2413,0,22,0,1,0
48,2,1,0,1,0,1,0,4.4783,1,25,0,0,0
44,2,1,0,1,0,1,0,4.2716,1,23,0,0,0
45,3,1,0,1,0,1,0,4.3858,1,26,0,0,1
36,1,1,0,0,0,1,1,4.2873,1,21,0,0,0
32,2,0,0,1,0,1,0,4.1403,1,25,0,0,0
49,2,1,0,1,0,1,1,4.3212,1,24,0,0,0
55,2,0,0,1,0,1,1,4.4059,1,26,0,0,0
48,2,1,0,1,0,1,1,4.4387,1,27,0,0,0
42,2,0,0,1,0,0,0,4.2025,1,20,0,1,0
44,1,1,0,0,0,1,0,4.3885,1,21,0,0,0
45,3,1,0,1,0,1,1,4.3609,1,26,0,0,0
38,2,1,0,1,0,0,0,4.0804,1,18,0,1,0
45,2,1,0,1,0,1,0,4.3391,1,25,0,0,0
36,2,1,0,1,0,0,1,4.1835,0,13,0,1,0
46,2,1,0,1,0,1,0,4.2405,1,25,0,0,0
35,2,0,0,1,0,0,0,4.1147,1,13,0,1,0
42,3,1,0,1,0,0,0,4.1689,0,23,0,1,0
47,2,1,0,1,0,0,0,4.4223,1,24,0,1,0
55,2,1,0,1,0,1,1,4.397,1,25,0,0,0
35,2,1,0,1,0,0,1,3.9189,1,14,0,1,0
43,2,1,0,1,0,1,1,4.2023,1,28,0,0,0
51,2,0,0,1,0,1,1,4.4128,1,29,0,0,0
34,2,1,0,1,0,0,0,3.9147,1,14,0,1,0
44,2,0,0,1,0,1,0,4.3714,1,25,0,0,0
45,3,1,0,1,0,1,1,4.4053,1,26,0,0,0
40,2,0,0,1,0,1,1,4.3653,1,26,0,0,1
45,2,1,0,1,0,1,0,4.286,1,24,0,0,0
48,2,0,0,1,0,1,0,4.4524,1,26,0,0,0
47,3,1,0,1,0,1,0,4.3197,1,28,0,0,0
46,2,1,0,1,0,1,0,4.4208,1,24,0,0,0
37,2,1,0,1,0,0,1,4.0539,0,16,0,1,0
18,1,1,0,0,0,0,0,3.6835,1,10,0,1,0
46,2,0,0,1,0,1,1,4.3603,1,26,0,0,0
36,3,1,0,1,0,0,1,4.0305,1,17,0,1,0
46,2,0,0,1,0,1,0,4.3089,1,26,0,0,0
43,2,1,0,1,0,1,1,4.2023,1,28,0,0,0
38,2,1,0,1,0,0,0,3.9682,1,17,1,1,0
48,2,1,0,1,0,1,1,4.2487,1,23,0,0,0
34,2,1,0,1,0,1,0,4.1751,1,26,0,0,0
46,2,1,0,1,0,1,0,4.4393,1,23,0,0,0
36,2,1,0,1,0,0,0,4.1626,1,13,0,1,0
50,2,0,0,1,0,1,1,4.2562,1,26,0,0,0
35,2,1,0,1,0,1,0,4.0332,1,27,0,0,0
44,2,0,0,1,0,1,0,4.3542,1,25,0,0,0
49,2,0,0,1,0,1,0,4.354,1,28,0,0,0
51,2,1,0,1,0,1,1,4.2355,1,26,0,0,0
36,3,1,0,1,0,0,0,4.0997,1,17,0,1,0
35,3,0,0,1,0,0,0,4.2214,1,17,0,1,0
46,3,1,0,1,0,1,1,4.4087,1,27,0,0,0
45,2,0,0,1,0,1,0,4.2167,1,26,0,0,0
42,3,1,0,1,0,1,0,4.2369,1,23,0,0,0
47,3,1,0,1,0,1,0,4.3197,1,28,0,0,0
58,2,1,0,1,0,1,0,4.4288,1,28,0,0,0
45,2,0,0,1,0,1,0,4.3835,1,26,0,0,0
35,2,0,0,1,0,0,1,3.8646,0,11,0,1,0
42,2,0,0,1,0,1,1,4.2165,1,28,0,0,0
49,2,0,0,1,0,1,1,4.2824,1,25,0,0,0
45,2,1,0,1,0,1,0,4.2589,1,23,0,0,0
48,2,0,0,1,0,1,1,4.2615,1,28,0,0,0
34,2,1,0,1,0,1,1,4.1607,1,26,0,0,0
48,2,0,0,1,0,1,1,4.52,1,27,0,0,0
45,3,1,0,1,0,1,0,4.3413,1,26,0,0,0
54,2,1,0,1,0,1,0,4.507,1,31,0,0,0
48,2,1,0,1,0,1,0,4.2705,1,26,0,0,1
61,2,1,0,1,0,1,0,4.4243,1,31,0,0,0
54,2,1,0,1,0,1,0,4.521,1,31,0,0,0
49,2,1,0,1,0,1,1,4.3599,1,26,0,0,0
52,2,1,0,1,0,0,0,4.2001,0,22,0,1,0
29,1,1,0,0,0,1,0,4.0902,1,21,0,0,0
36,2,0,0,1,0,1,1,4.2181,1,29,0,0,0
37,2,0,0,1,0,0,0,4.0369,1,16,1,1,0
34,2,1,0,1,0,1,1,4.2195,1,26,0,0,0
52,2,1,0,1,0,1,1,4.4285,1,29,0,0,0
53,2,1,0,1,0,1,0,4.4377,1,31,0,0,0
27,2,1,0,1,0,0,0,3.6619,0,19,0,1,0
46,2,1,0,1,0,1,0,4.4038,1,25,0,0,0
53,2,0,0,1,0,1,1,4.2224,1,29,0,0,0
45,2,1,0,1,0,1,0,4.4361,1,24,0,0,0
42,1,1,0,0,0,1,1,4.2977,1,21,0,0,0
46,2,1,0,1,0,1,1,4.3688,1,26,0,0,0
32,2,1,0,1,0,1,0,4.0931,1,24,0,0,0
35,2,1,0,1,0,0,0,4.2074,1,13,0,1,0
44,2,1,0,1,0,1,0,4.3885,0,21,0,1,0
46,2,1,0,1,0,1,1,4.3816,1,31,0,0,0
48,2,1,0,1,0,1,0,4.3538,1,26,0,0,0
45,3,1,0,1,0,1,0,4.4025,1,26,0,0,0
47,3,1,0,1,0,1,0,4.4027,1,28,0,0,0
42,2,0,0,1,0,1,1,4.386,1,28,0,0,0
36,2,1,0,1,0,0,0,4.0623,1,16,0,1,0
47,2,1,0,1,0,1,1,4.3497,1,26,0,0,0
47,2,1,0,1,0,1,0,4.3497,1,27,0,0,0
36,2,1,0,1,0,0,1,3.8611,1,15,0,1,0
45,3,1,0,1,0,1,0,4.4025,1,26,0,0,0
47,2,1,0,1,0,1,1,4.206,1,26,0,0,0
47,2,1,0,1,0,1,0,4.4426,1,26,0,0,0
45,3,1,0,1,0,1,0,4.3858,1,26,0,0,0
38,2,0,0,1,0,1,1,4.234,1,24,0,0,0
49,2,1,0,1,0,1,0,4.1824,1,27,0,0,0
46,3,1,0,1,0,1,1,4.4522,1,27,0,0,0
46,2,1,0,1,0,1,1,4.4229,1,26,0,0,0
60,2,0,0,1,0,1,0,4.4961,1,31,0,0,0
44,2,1,0,1,0,1,0,4.2976,1,24,0,0,0
39,2,1,0,1,0,1,1,4.2268,1,24,0,0,1
47,2,1,0,1,0,1,0,4.2807,1,26,0,0,0
52,2,1,0,1,0,1,1,4.4247,1,31,0,0,0
47,2,1,0,1,0,1,0,4.289,1,25,0,0,0
47,2,1,0,1,0,1,0,4.3315,1,25,0,0,0
45,2,1,0,1,0,1,1,4.248,1,24,0,0,0
51,2,1,0,1,0,1,0,4.3736,1,31,0,0,0
27,2,1,0,1,0,0,1,4.0141,0,19,0,1,0
48,2,1,0,1,0,1,0,4.3478,1,26,0,0,0
55,2,0,0,1,0,1,1,4.4489,1,31,0,0,0
45,2,0,0,1,0,1,1,4.3391,1,25,0,0,0
46,2,1,0,1,0,1,0,4.3794,1,26,0,0,0
47,2,1,0,1,0,1,1,4.289,1,26,0,0,0
56,2,1,0,1,0,1,0,4.3815,1,26,0,0,0
42,1,0,0,0,0,1,0,4.318,1,21,0,0,0
43,3,0,0,1,0,1,0,4.3617,1,25,0,0,0
54,2,1,0,1,0,1,1,4.2931,1,29,0,0,0
49,2,0,0,1,0,1,1,4.2133,1,25,0,0,0
49,2,1,0,1,0,1,1,4.1987,1,24,0,0,0
40,2,1,0,1,0,0,0,4.3842,1,17,0,1,0
36,2,1,0,1,0,1,0,4.2391,1,28,0,0,0
38,2,1,0,1,0,1,1,4.234,1,23,0,0,0
33,2,1,0,1,0,1,0,4.1273,1,25,0,0,0
42,3,1,0,1,0,1,0,4.3024,1,23,0,0,0
53,2,1,0,1,0,1,0,4.3649,1,23,0,0,0
56,2,1,0,1,0,1,0,4.4242,1,26,0,0,0
50,2,0,0,1,0,1,1,4.3933,1,26,0,0,0
45,2,0,0,1,0,1,1,4.2946,1,25,0,0,0
23,2,1,0,1,0,0,0,4.0018,1,15,0,1,0
33,3,0,0,1,0,0,0,4.0896,1,15,0,1,0
49,2,1,0,1,0,1,0,4.3286,1,28,0,0,0
34,2,1,0,1,0,1,0,4.1607,1,26,0,0,0
36,1,1,0,0,0,0,1,3.8043,0,11,0,1,0
45,2,0,0,1,0,1,1,4.3391,1,26,0,0,0
34,2,1,0,1,0,1,0,4.3738,1,26,0,0,0
35,2,1,0,1,0,1,1,4.3217,1,27,0,0,0
41,2,1,0,1,0,0,1,4.0092,1,19,0,1,0
39,2,1,0,1,0,0,0,4.163,1,17,0,1,0
35,2,1,0,1,0,0,0,4.1147,1,14,0,1,0
40,2,1,0,1,0,1,1,4.3087,1,25,0,0,0
50,2,1,0,1,0,1,0,4.3762,1,28,0,0,0
49,2,1,0,1,0,1,1,4.3212,1,24,0,0,0
49,2,1,0,1,0,1,0,4.4102,1,26,0,0,0
46,2,1,0,1,0,1,0,4.3794,1,26,0,0,0
18,1,1,0,0,0,0,0,3.6144,1,10,0,1,0
52,2,1,0,1,0,1,1,4.3226,1,27,0,0,0
45,1,0,0,0,0,1,1,4.208,1,21,0,0,0
49,2,1,0,1,0,1,1,4.3345,1,26,0,0,0
45,2,1,0,1,0,0,0,4.3201,0,15,0,1,0
43,3,1,0,1,0,1,0,4.4837,1,24,0,0,0
46,2,1,0,1,0,1,0,4.301,1,26,0,0,0
51,2,1,0,1,0,1,0,4.4521,1,28,0,0,0
45,2,0,0,1,0,1,0,4.2946,1,24,0,0,0
44,2,1,0,1,0,1,0,4.2462,1,24,0,0,0
40,2,1,0,0,0,1,0,4.3776,1,21,0,0,0
38,2,0,0,1,0,1,1,4.234,1,24,0,0,0
35,2,1,0,1,0,1,0,4.229,1,27,0,0,0
33,2,1,0,1,0,1,0,4.165,1,25,0,0,0
47,2,1,0,1,0,1,0,4.4426,1,26,0,0,0
50,2,1,0,1,0,1,1,4.2011,1,25,0,0,0
33,2,1,0,1,0,1,0,4.1273,1,25,0,0,0
43,3,1,0,1,0,1,0,4.3152,1,24,0,0,0
47,2,0,0,1,0,1,1,4.3093,1,26,0,0,0
51,2,1,0,1,0,1,1,4.2875,1,26,0,0,0
43,2,1,0,1,0,0,1,4.2199,0,23,0,1,0
45,1,1,0,0,0,1,1,4.1722,1,20,0,0,0
39,2,1,0,1,0,0,0,4.1411,1,17,0,1,0
51,2,1,0,1,0,1,0,4.3196,1,31,0,0,1
45,3,1,0,1,0,1,0,4.3581,1,26,0,0,0
47,2,0,0,1,0,1,0,4.4669,1,26,0,0,0
47,3,1,0,1,0,1,0,4.4452,1,28,0,0,0
44,2,1,0,1,0,1,0,4.2805,1,24,0,0,0
39,2,1,0,1,0,1,1,4.2781,1,24,0,0,0
57,2,1,0,1,0,1,1,4.5086,1,27,0,0,0
46,2,1,0,1,0,1,0,4.3174,1,26,0,0,0
54,2,1,0,1,0,1,0,4.484,1,31,0,0,0
34,2,0,0,1,0,0,1,3.9591,0,10,0,1,1
32,2,1,0,0,0,0,0,4.1403,0,13,0,1,0
45,2,1,0,1,0,1,1,4.3201,1,24,0,0,0
31,2,1,0,1,0,1,0,4.1471,1,23,0,0,0
41,2,1,0,1,0,1,1,4.485,1,26,0,0,0
31,2,1,0,1,0,0,1,4.0181,1,16,0,1,0
41,1,1,0,0,0,1,0,4.2571,1,21,0,0,0
40,2,1,0,1,0,0,1,3.9215,0,19,0,1,0
38,2,0,0,1,0,1,1,4.2866,1,24,0,0,0
36,2,0,0,1,0,0,0,4.1626,1,15,0,1,0
50,2,1,0,1,0,1,0,4.3362,1,28,0,0,0
48,2,1,0,1,0,1,0,4.33,1,26,0,0,0
43,2,0,0,1,0,1,1,4.3305,1,23,0,0,0
39,2,0,0,1,0,1,1,4.2143,1,25,0,0,0
35,2,1,0,1,0,0,1,4.0547,1,14,0,1,0
54,2,0,0,1,0,1,0,4.4171,1,25,0,0,0
39,2,1,0,1,0,0,1,3.9259,1,14,0,1,0
49,2,1,0,1,0,1,1,4.3212,1,28,0,0,0
46,2,0,0,1,0,1,0,4.3959,1,25,0,0,0
46,2,1,0,1,0,1,0,4.3959,1,26,0,0,0
48,2,0,0,1,0,1,0,4.2062,1,28,0,0,0
43,2,1,0,1,0,1,0,4.3129,1,23,0,0,0
36,2,1,0,1,0,1,0,4.2391,1,28,0,0,0
58,2,1,0,1,0,1,0,4.3212,1,28,0,0,0
46,2,1,0,1,0,1,0,4.4038,1,25,0,0,0
43,2,1,0,1,0,0,1,3.8835,1,18,1,1,0
31,2,0,0,1,0,0,0,3.8457,0,12,0,1,0
44,2,0,0,1,0,1,1,4.2976,1,24,0,0,0
46,2,0,0,1,0,1,0,4.336,1,26,0,0,0
38,2,1,0,1,0,0,1,3.9214,1,17,1,1,1
50,3,1,0,1,0,1,0,4.4582,1,31,0,0,0
42,1,1,0,0,0,1,1,4.2977,1,21,0,0,0
19,2,0,0,1,0,0,0,3.7216,1,12,0,1,0
48,2,0,0,1,0,1,1,4.3397,1,24,0,0,0
46,2,1,0,1,0,1,1,4.2739,1,25,0,0,0
48,2,1,0,1,0,1,1,4.3457,1,27,0,0,0
32,1,1,0,0,0,0,0,4.0664,1,10,0,1,0
56,2,1,0,1,0,1,1,4.3985,1,31,0,0,0
45,2,0,0,1,0,1,0,4.4112,1,26,0,0,0
36,2,1,0,1,0,1,0,4.2947,1,28,0,0,0
40,2,0,0,1,0,1,1,4.3276,1,26,0,0,0
45,2,1,0,1,0,1,1,4.2757,1,24,0,0,0
49,2,1,0,1,0,1,0,4.2878,1,28,0,0,0
36,2,1,0,1,0,1,0,4.2391,1,28,0,0,1
22,2,1,0,1,0,0,0,3.7888,1,14,0,1,0
48,2,0,0,1,0,1,0,4.4626,1,26,0,0,0
38,2,1,0,1,0,0,1,4.2737,1,15,0,1,0
46,3,1,0,1,0,1,1,4.4522,1,27,0,0,0
46,2,1,0,1,0,1,1,4.2947,1,31,0,0,0
41,2,1,0,1,0,1,1,4.3571,1,26,0,0,0
53,2,1,0,1,0,1,0,4.3884,1,23,0,0,0
41,1,0,0,0,0,1,1,4.2755,1,21,0,0,0
45,2,1,0,1,0,1,0,4.2167,1,25,0,0,0
36,3,1,0,1,0,0,0,4.0997,0,17,0,1,0
43,2,1,0,1,0,1,1,4.3793,1,28,0,0,1
44,1,1,0,0,0,1,0,4.434,1,21,0,0,0
48,2,0,0,1,0,1,0,4.5042,1,26,0,0,0
59,2,1,0,1,0,1,1,4.4504,1,29,0,0,0
49,2,1,0,1,0,1,1,4.457,1,27,0,0,0
34,2,0,0,1,0,1,1,4.2561,1,27,0,0,0
51,2,1,0,1,0,1,1,4.3268,1,26,0,0,0
49,2,1,0,1,0,1,1,4.2649,1,24,0,0,0
47,2,1,0,1,0,1,1,4.2485,1,26,0,0,0
48,2,1,0,1,0,1,0,4.2131,1,28,0,0,1
33,2,1,0,1,0,1,0,4.0896,1,25,0,0,0
46,2,1,0,1,0,0,0,4.2034,1,16,0,1,0
33,2,1,0,1,0,1,0,4.2485,1,25,0,0,0
49,2,0,0,1,0,1,1,4.5735,1,27,0,0,0
45,2,0,0,1,0,1,0,4.3749,1,23,0,0,0
48,2,1,0,1,0,1,1,4.3971,1,27,0,0,0
46,2,1,0,1,0,1,1,4.3937,1,25,0,0,0
47,2,0,0,1,0,1,1,4.453,1,27,0,0,0
36,2,0,0,1,0,0,0,4.1835,1,16,0,1,0
27,2,1,0,1,0,0,0,3.9582,1,19,0,1,0
45,3,1,0,1,0,1,0,4.2969,1,26,0,0,0
32,3,0,0,1,0,0,0,4.0542,0,14,0,1,0
39,2,1,0,1,0,0,1,3.8821,1,18,0,1,0
21,2,1,0,1,0,0,0,3.6304,1,13,0,1,0
41,1,0,0,0,0,1,1,4.2755,1,21,0,0,0
44,3,0,0,1,0,1,1,4.3654,1,26,0,0,0
34,2,1,0,1,0,1,0,4.1973,1,26,0,0,0
44,3,1,0,1,0,1,0,4.4019,1,25,0,0,0
41,2,1,0,1,0,1,1,4.4362,1,26,0,0,0
50,2,1,0,1,0,1,1,4.3382,1,29,0,0,1
47,2,0,0,1,0,1,0,4.3984,1,26,0,0,0
39,2,1,0,1,0,0,0,3.9966,1,18,0,1,0
28,1,1,0,0,0,0,1,3.7943,0,7,0,1,0
45,1,0,0,0,0,1,1,4.2524,1,21,0,0,0
50,2,1,0,1,0,1,1,4.2982,1,28,0,0,0
54,2,1,0,1,0,1,0,4.3941,1,24,0,0,0
48,2,1,0,1,0,1,1,4.2487,1,23,0,0,0
45,3,1,0,1,0,1,0,4.4579,1,26,0,0,1
28,1,1,0,0,0,1,0,4.0122,1,20,0,0,0
47,2,1,0,1,0,1,0,4.3658,1,26,0,0,0
31,2,1,0,1,0,1,0,4.0826,1,23,0,0,0
55,2,0,0,1,0,1,0,4.4887,1,26,0,0,0
45,2,0,0,1,0,1,0,4.4556,1,26,0,0,1
54,2,1,0,1,0,1,0,4.4032,1,24,0,0,0
37,2,1,0,1,0,1,1,4.1957,1,29,0,0,1
47,2,0,0,1,0,1,1,4.4105,1,27,0,0,0
34,2,1,0,1,0,0,1,4.2417,0,19,0,1,0
59,2,0,0,1,0,1,0,4.4013,1,30,0,0,0
50,1,1,0,0,0,1,0,4.3191,1,20,0,0,0
37,2,0,0,1,0,0,1,3.9227,1,17,0,1,0
53,2,0,0,1,0,1,0,4.5766,1,31,0,0,1
37,2,1,0,1,0,1,1,4.2497,1,29,0,0,0
49,2,0,0,1,0,1,0,4.354,1,28,0,0,0
42,2,1,0,1,0,0,0,4.1072,0,12,0,1,0
41,2,1,0,1,0,1,1,4.3083,1,26,0,0,0
46,2,0,0,1,0,1,0,4.4123,1,26,0,0,0
48,3,1,0,1,0,1,1,4.4571,1,29,0,0,0
48,2,0,0,1,0,1,1,4.4783,1,27,0,0,0
38,2,1,0,1,0,0,0,3.9381,1,17,1,1,1
45,2,0,0,1,0,1,0,4.4556,1,26,0,0,0
44,2,1,0,1,0,1,0,4.3431,1,24,0,0,0
44,2,1,0,1,0,1,0,4.2805,1,24,0,0,0
47,2,1,0,1,0,1,1,4.305,1,26,0,0,0
40,2,1,0,1,0,0,1,3.7618,0,19,0,1,0
43,2,0,0,1,0,1,0,4.2863,1,23,0,0,0
48,2,1,0,1,0,1,0,4.3122,1,26,0,0,0
37,2,1,0,1,0,1,1,4.2497,1,29,0,0,0
37,2,0,0,1,0,1,1,4.2426,1,23,0,0,0
37,2,1,0,1,0,0,1,4.1824,1,14,0,1,0
55,2,0,0,1,0,1,1,4.4059,1,26,0,0,0
33,2,0,0,1,0,1,0,4.2485,1,26,0,0,1
47,2,1,0,1,0,1,1,4.3072,1,26,0,0,0
34,2,1,0,1,0,1,1,4.1607,1,26,0,0,0
41,3,1,0,1,0,1,0,4.369,1,22,0,0,0
49,2,0,0,1,0,1,1,4.3212,1,29,0,0,0
38,2,1,0,1,0,1,1,4.234,1,23,0,0,0
33,2,1,0,1,0,0,0,4.0259,1,13,0,1,0
44,3,0,0,1,0,1,0,4.51,1,26,0,0,0
31,2,1,0,1,0,1,0,4.1471,1,23,0,0,0
52,2,1,0,1,0,1,1,4.4247,1,31,0,0,0
42,3,1,0,1,0,1,0,4.3024,1,23,0,0,0
51,2,0,0,1,0,1,1,4.398,1,29,0,0,0
56,2,1,0,1,0,1,0,4.3235,1,26,0,0,0
46,3,1,0,1,0,1,0,4.2184,1,27,0,0,0
51,2,1,0,1,0,1,1,4.3531,1,29,0,0,0
35,2,1,0,1,0,0,0,3.8617,1,14,0,1,0
29,1,1,0,0,0,1,0,4.0902,1,21,0,0,0
46,2,1,0,1,0,1,0,4.3174,1,24,0,0,0
46,3,1,0,1,0,1,1,4.4522,1,27,0,0,0
46,1,1,0,0,0,1,1,4.2326,1,21,0,0,0
43,2,1,0,1,0,1,1,4.3793,1,28,0,0,0
41,2,1,0,1,0,1,1,4.3571,1,26,0,0,0
48,2,1,0,1,0,0,0,4.0876,1,18,0,1,0
39,2,1,0,1,0,0,1,4.1411,1,24,0,1,0
48,2,0,0,1,0,1,0,4.5042,1,26,0,0,0
46,2,1,0,1,0,1,1,4.3381,1,31,0,0,0
47,2,1,0,1,0,1,0,4.3497,1,27,0,0,0
31,2,1,0,1,0,0,1,3.9621,1,10,0,1,0
28,1,0,0,0,0,1,0,4.182,1,21,0,0,0
54,2,1,0,1,0,1,0,4.47,1,31,0,0,0
43,1,1,0,0,0,1,0,4.293,1,21,0,0,0
52,2,1,0,1,0,1,0,4.347,1,30,0,0,0
50,2,1,0,1,0,1,1,4.226,1,25,0,0,0
42,2,1,0,1,0,0,0,3.9488,1,21,0,1,0
33,2,1,0,1,0,0,1,3.9077,0,18,0,1,0
51,2,1,0,1,0,1,1,4.3139,1,29,0,0,0
42,2,1,0,1,0,0,1,4.08,1,17,0,1,0
32,2,1,0,1,0,0,1,4.2264,0,17,0,1,0
50,3,1,0,1,0,1,0,4.4582,1,31,0,0,0
44,1,1,0,0,0,1,0,4.3259,1,21,0,0,0
53,2,0,0,1,0,1,0,4.3599,1,24,0,0,0
49,2,1,0,1,0,1,0,4.3694,1,26,0,0,0
45,2,1,0,1,0,1,0,4.2589,1,23,0,0,0
34,2,1,0,1,0,1,0,4.1751,1,26,0,0,1
45,3,1,0,1,0,1,0,4.2801,1,26,0,0,0
50,2,0,0,1,0,1,1,4.3533,1,26,0,0,0
37,2,0,0,1,0,0,1,3.9802,0,16,0,1,0
42,2,1,0,1,0,0,1,3.8739,1,21,0,1,0
45,2,0,0,1,0,1,0,4.3027,0,23,0,1,0
40,2,0,0,1,0,1,1,4.3653,1,26,0,0,0
45,2,0,0,1,0,1,1,4.3391,1,25,0,0,0
40,2,1,0,1,0,0,0,4.1251,1,20,0,1,0
53,2,0,0,1,0,1,0,4.3742,1,24,0,0,0
37,2,1,0,1,0,0,1,3.9591,1,16,0,1,0
51,2,1,0,1,0,1,0,4.4128,1,31,0,0,0
40,2,1,0,0,0,1,0,4.3276,1,21,0,0,0
45,1,0,0,0,0,1,1,4.2524,1,21,0,0,0
52,2,1,0,1,0,1,0,4.496,1,29,0,0,0
48,2,0,0,1,0,1,0,4.4524,1,26,0,0,0
42,2,1,0,1,0,0,0,4.1485,0,12,0,1,0
35,2,0,0,1,0,1,0,4.1259,1,28,0,0,0
51,1,1,0,0,0,1,0,4.2708,1,21,0,0,0
49,2,1,0,1,0,1,0,4.3948,1,26,0,0,0
39,2,1,0,1,0,1,1,4.2781,1,24,0,0,0
47,2,0,0,1,0,1,1,4.4669,1,26,0,0,0
52,2,1,0,1,0,1,1,4.4285,1,29,0,0,0
47,2,1,0,1,0,1,0,4.3232,1,26,0,0,0
46,2,1,0,1,0,1,0,4.3174,1,24,0,0,0
51,2,1,0,1,0,1,1,4.2747,1,26,0,0,0
55,2,1,0,1,0,1,1,4.3469,1,30,0,0,0
46,2,1,0,1,0,1,0,4.4208,1,24,0,0,0
36,2,1,0,1,0,0,1,4.0277,1,16,0,1,0
47,2,1,0,1,0,1,0,4.3476,1,26,0,0,0
48,2,0,0,1,0,1,0,4.27,1,28,0,0,0
45,2,1,0,1,0,1,0,4.286,1,24,0,0,0
40,2,1,0,1,0,0,1,4.0587,1,19,0,1,0
51,2,1,0,1,0,1,0,4.4128,1,31,0,0,0
56,2,1,0,1,0,1,0,4.4242,1,26,0,0,0
49,2,1,0,1,0,1,1,4.3345,1,29,0,0,0
43,1,1,0,0,0,0,0,4.1184,1,13,1,1,0
42,2,1,0,1,0,0,0,4.2408,0,12,0,1,0
47,2,1,0,1,0,1,0,4.2381,1,26,0,0,0
25,2,1,0,1,0,0,1,4.0235,1,17,0,1,1
51,2,1,0,1,0,1,1,4.2552,1,26,0,0,0
35,2,1,0,1,0,0,0,3.976,1,15,0,1,0
34,2,0,0,1,0,0,0,4.0989,1,15,0,1,0
40,2,1,0,1,0,1,1,4.3087,1,25,0,0,0
41,2,1,0,1,0,1,1,4.1107,0,20,0,1,0
48,2,1,0,1,0,1,0,4.33,1,26,0,0,0
46,2,1,0,1,0,1,1,4.3816,1,31,0,0,0
59,2,1,0,1,0,1,1,4.3698,1,29,0,0,0
43,2,1,0,1,0,1,1,4.3793,1,28,0,0,0
50,2,0,0,1,0,1,1,4.2304,1,26,0,0,0
55,2,0,0,1,0,1,0,4.3886,1,26,0,0,0
43,3,0,0,1,0,1,0,4.3907,1,25,0,0,0
48,2,1,0,1,0,1,1,4.2487,1,23,0,0,0
29,2,1,0,1,0,0,0,3.8404,0,21,0,1,0
48,2,1,0,1,0,1,0,4.4864,1,26,0,0,0
55,2,1,0,1,0,1,0,4.5317,1,25,0,0,0
35,2,1,0,1,0,1,1,4.3217,1,27,0,0,0
42,2,0,0,1,0,1,1,4.2165,1,28,0,0,0
47,2,0,0,1,0,1,1,4.4105,1,27,0,0,0
27,1,1,0,0,0,0,1,4.0323,0,12,0,1,0
56,2,1,0,1,0,1,0,4.3013,1,26,0,0,0
46,2,0,0,1,0,1,0,4.3874,1,26,0,0,0
54,2,1,0,1,0,1,0,4.5951,1,31,0,0,0
36,1,1,0,0,0,1,1,4.2873,1,21,0,0,0
46,1,1,0,0,0,1,1,4.1891,1,21,0,0,0
44,3,0,0,1,0,1,0,4.3565,1,26,0,0,0
40,2,1,0,1,0,1,1,4.4276,1,25,0,0,0
42,3,1,0,1,0,1,0,4.3501,1,23,0,0,0
25,2,0,0,1,0,0,1,3.9737,0,11,0,1,0
39,1,0,0,0,0,0,0,4.0998,1,10,1,1,0
36,1,1,0,0,0,1,1,4.1552,1,21,0,0,0
41,2,0,0,1,0,1,1,4.485,1,27,0,0,0
50,2,1,0,1,0,1,0,4.3762,1,28,0,0,0
42,2,1,0,1,0,0,0,4.2617,1,20,0,1,0
47,2,0,0,1,0,1,0,4.3741,1,26,0,0,0
44,2,1,0,1,0,1,1,3.9591,0,23,0,1,0
32,2,1,0,1,0,0,1,3.8872,0,12,0,1,0
58,2,1,0,1,0,1,0,4.4288,1,28,0,0,0
30,2,0,0,1,0,0,1,3.7777,0,16,0,1,0
45,3,0,0,1,0,1,1,4.4579,1,27,0,0,0
32,2,0,0,1,0,1,0,4.3278,1,25,0,0,0
51,1,1,0,0,0,1,0,4.2952,1,21,0,0,0
45,2,1,0,1,0,1,0,4.286,1,24,0,0,0
41,2,1,0,1,0,1,1,4.3083,1,26,0,0,0
49,2,1,0,1,0,1,0,4.449,1,26,0,0,0
30,2,1,0,1,0,0,1,3.7647,0,22,0,1,0
34,2,1,0,1,0,1,0,4.1973,1,26,0,0,0
42,1,1,0,0,0,1,1,4.2977,1,21,0,0,0
53,2,1,0,1,0,1,1,4.3499,1,28,0,0,1
43,2,0,0,1,0,1,0,4.2954,1,24,0,0,0
48,2,1,0,1,0,1,1,4.1497,1,23,0,0,0
32,2,0,0,1,0,1,0,4.1403,1,25,0,0,0
51,2,0,0,1,0,1,1,4.2991,1,27,0,0,0
46,2,0,0,1,0,1,0,4.3174,1,25,0,0,1
38,2,0,0,1,0,0,1,4.0304,1,18,0,1,0
47,2,1,0,1,0,1,1,4.3476,1,26,0,0,0
35,2,1,0,1,0,1,1,4.3217,1,27,0,0,0
51,2,1,0,1,0,1,0,4.3196,1,31,0,0,0
37,2,0,0,1,0,1,1,4.2426,1,23,0,0,0
46,2,1,0,1,0,1,0,4.2654,1,25,0,0,0
43,2,1,0,1,0,0,1,4.0248,0,18,0,1,0
39,2,1,0,0,0,1,0,4.3168,1,20,0,0,0
32,2,1,0,1,0,1,0,4.1556,1,24,0,0,0
57,2,0,0,1,0,1,0,4.2404,1,28,0,0,0
56,2,1,0,1,0,1,1,4.3271,1,26,0,0,0
42,2,1,0,1,0,1,1,4.475,1,27,0,0,1
45,2,0,0,1,0,1,0,4.2946,1,24,0,0,0
44,2,1,0,1,0,1,0,4.3431,1,24,0,0,0
31,2,0,0,1,0,0,1,4.1069,1,17,0,1,0
44,2,1,0,1,0,1,1,4.2999,1,29,0,0,0
48,2,0,0,1,0,1,1,4.2406,1,24,0,0,0
48,2,1,0,1,0,1,1,4.4387,1,27,0,0,0
47,3,1,0,1,0,1,0,4.4027,1,28,0,0,0
47,2,0,0,1,0,1,1,4.3818,1,25,0,0,0
51,2,1,0,1,0,1,1,4.2747,1,26,0,0,0
47,2,1,0,1,0,1,1,4.3072,1,26,0,0,0
48,2,1,0,1,0,1,0,4.3635,1,28,0,0,0
43,3,1,0,1,0,1,0,4.4837,1,24,0,0,0
42,1,1,0,0,0,1,1,4.2977,1,21,0,0,0
48,2,1,0,1,0,1,0,4.4626,1,25,0,0,0
39,2,1,0,1,0,1,1,4.2268,1,24,0,0,0
44,2,1,0,1,0,1,0,4.2716,1,23,0,0,0
32,2,1,0,1,0,1,0,4.0931,1,24,0,0,0
24,2,0,0,1,0,0,0,3.7202,0,17,0,1,0
38,2,1,0,1,0,1,1,4.2866,1,23,0,0,0
47,2,1,0,1,0,1,0,4.4083,1,24,0,0,0
39,2,0,0,1,0,0,1,4.1672,0,19,0,1,0
45,3,1,0,1,0,1,1,4.4053,1,26,0,0,0
41,2,1,0,1,0,1,1,4.485,1,26,0,0,0
49,2,0,0,1,0,1,1,4.362,1,29,0,0,0
48,2,1,0,1,0,1,0,4.4448,1,26,0,0,0
50,2,0,0,1,0,1,1,4.2962,1,26,0,0,0
51,1,1,0,0,0,1,0,4.3884,1,21,0,0,0
49,2,0,0,1,0,1,1,4.5173,1,27,0,0,0
34,2,1,0,1,0,1,0,4.1751,1,26,0,0,0
47,2,1,0,1,0,1,1,4.3476,1,26,0,0,0
49,2,1,0,1,0,1,0,4.3794,1,26,0,0,0
47,2,0,0,1,0,1,1,4.3518,1,26,0,0,0
41,2,0,0,1,0,0,0,4.162,1,20,0,1,0
32,2,1,0,1,0,1,0,4.2417,1,24,0,0,0
43,2,1,0,1,0,0,1,3.9812,1,21,1,1,0
48,3,1,0,1,0,1,1,4.4154,1,29,0,0,0
49,2,1,0,1,0,1,1,4.3212,1,28,0,0,0
37,2,1,0,1,0,0,0,4.2497,1,14,0,1,0
44,2,1,0,1,0,1,0,4.209,1,23,0,0,0
45,2,1,0,1,0,1,0,4.4361,1,24,0,0,0
35,2,1,0,1,0,0,1,4.229,1,20,0,1,0
51,2,1,0,1,0,1,0,4.5061,1,28,0,0,0
46,2,0,0,1,0,1,0,4.3524,1,25,0,0,0
42,3,1,0,1,0,1,0,4.3501,1,23,0,0,0
29,3,0,0,1,0,0,0,3.9523,1,11,0,1,0
53,2,0,0,1,0,1,0,4.4639,1,24,0,0,1
30,1,0,0,0,0,1,1,4.2062,0,16,0,1,0
38,2,1,0,1,0,0,0,4.1331,1,16,0,1,0
46,2,1,0,1,0,1,0,4.284,1,25,0,0,0
34,2,1,0,1,0,1,0,4.1751,1,26,0,0,0
46,2,1,0,1,0,1,1,4.3174,1,25,0,0,0
48,2,1,0,1,0,1,0,4.3717,1,26,0,0,0
47,2,1,0,1,0,1,0,4.3155,1,25,0,0,0
55,2,0,0,1,0,1,0,4.3499,1,26,0,0,0
46,2,1,0,1,0,1,0,4.3959,1,23,0,0,0
44,2,1,0,1,0,1,0,4.2439,1,22,0,0,0
49,2,1,0,1,0,1,0,4.3212,1,27,0,0,0
54,2,0,0,1,0,1,0,4.5052,1,25,0,0,0
55,2,1,0,1,0,1,0,4.4954,1,25,0,0,0
46,2,1,0,1,0,1,1,4.3937,1,25,0,0,0
48,2,0,0,1,0,1,0,4.4366,1,26,0,0,0
53,2,1,0,1,0,1,0,4.4377,1,31,0,0,0
40,2,0,0,1,0,1,1,4.3153,1,26,0,0,0
34,2,0,0,1,0,1,1,4.396,1,27,0,0,0
29,2,1,0,1,0,0,0,3.8404,1,21,0,1,0
45,3,1,0,1,0,1,0,4.5023,1,26,0,0,1
46,2,1,0,1,0,1,1,4.3816,1,31,0,0,0
41,2,1,0,1,0,1,1,4.4362,1,26,0,0,0
39,2,0,0,1,0,0,0,3.9972,1,20,0,1,0
44,3,1,0,1,0,1,0,4.4474,1,25,0,0,0
41,2,1,0,1,0,1,1,4.2779,1,26,0,0,0
51,2,1,0,1,0,1,1,4.3364,1,26,0,0,0
35,2,0,0,1,0,0,0,3.8861,1,15,0,1,0
38,2,0,0,1,0,0,0,4.0933,1,17,0,1,1
49,2,1,0,1,0,1,1,4.457,1,27,0,0,0
56,2,0,0,1,0,1,1,4.4594,1,27,0,0,0
53,2,1,0,1,0,1,0,4.3934,1,23,0,0,0
32,2,0,0,1,0,0,1,3.9375,1,12,0,1,0
48,2,1,0,1,0,1,0,4.4783,1,25,0,0,0
45,2,1,0,1,0,0,0,4.2058,1,15,0,1,0
45,2,0,0,1,0,1,0,4.3223,1,26,0,0,0
49,2,1,0,1,0,1,1,4.3212,1,24,0,0,0
35,2,0,0,1,0,0,1,3.9573,1,21,0,1,0
36,2,0,0,1,0,0,1,4.0833,1,22,0,1,0
46,2,1,0,1,0,1,1,4.3688,1,26,0,0,0
51,2,1,0,1,0,1,1,4.3531,1,29,0,0,0
32,2,1,0,1,0,0,1,4.2028,1,17,0,1,0
41,1,0,0,0,0,0,1,3.8948,0,17,0,1,0
46,2,1,0,1,0,1,1,4.249,1,25,0,0,0
39,2,1,0,1,0,1,1,4.3681,1,24,0,0,0
44,2,1,0,1,0,1,1,4.3065,1,23,0,0,0
33,1,0,0,0,0,0,0,4.0438,1,12,0,1,0
31,2,0,0,1,0,1,0,4.1069,1,24,0,0,0
32,2,1,0,1,0,0,1,3.8903,0,11,0,1,0
49,2,1,0,1,0,1,0,4.4644,1,26,0,0,0
45,2,1,0,1,0,1,0,4.1999,1,25,0,0,1
39,2,1,0,1,0,1,1,4.3681,1,24,0,0,0
48,3,1,0,1,0,1,1,4.4571,1,29,0,0,0
46,2,1,0,1,0,1,0,4.284,1,25,0,0,0
54,2,1,0,1,0,1,0,4.4542,1,24,0,0,0
30,1,1,0,0,0,0,0,4.1232,1,7,0,1,0
47,2,1,0,1,0,1,1,4.384,1,26,0,0,0
53,2,1,0,1,0,1,0,4.4027,1,23,0,0,0
51,2,1,0,1,0,1,1,4.1815,1,26,0,0,0
46,2,1,0,1,0,1,0,4.3609,1,26,0,0,0
33,2,0,0,1,0,0,1,3.8818,0,9,0,1,0
53,2,1,0,1,0,1,0,4.4377,1,31,0,0,0
40,2,0,0,1,0,1,1,4.3653,1,26,0,0,0
40,2,1,0,1,0,1,1,4.2964,1,25,0,0,0
49,2,1,0,1,0,1,0,4.5561,1,26,0,0,0
48,2,1,0,1,0,1,0,4.2131,1,28,0,0,0
44,2,1,0,1,0,1,0,4.3431,1,24,0,0,1
39,2,1,0,1,0,1,1,4.3168,1,24,0,0,0
50,3,1,0,1,0,1,0,4.4182,1,31,0,0,0
32,2,0,0,1,0,0,0,4.0389,0,12,0,1,0
28,2,1,0,1,0,0,0,4.1106,1,20,0,1,0
48,2,0,0,1,0,1,1,4.3813,1,28,0,0,0
50,2,1,0,1,0,1,0,4.3762,1,28,0,0,0
41,2,0,0,1,0,0,1,4.034,0,21,0,1,0
44,2,0,0,1,0,1,0,4.3259,1,23,0,0,0
45,3,1,0,1,0,1,0,4.4579,1,26,0,0,0
48,2,1,0,1,0,1,0,4.4052,1,28,0,0,0
45,2,1,0,1,0,1,0,4.286,1,24,0,0,0
39,2,0,0,1,0,0,1,4.1798,0,17,0,1,0
51,2,1,0,1,0,1,1,4.3139,1,29,0,0,0
45,3,1,0,1,0,1,0,4.3581,1,26,0,0,0
41,2,1,0,1,0,1,1,4.3083,1,26,0,0,0
48,2,1,0,1,0,1,1,4.2904,1,26,0,0,0
52,2,1,0,1,0,1,1,4.4632,1,31,0,0,0
34,2,1,0,1,0,0,1,4.0797,1,19,0,1,0
47,2,1,0,1,0,0,0,4.3072,1,17,0,1,0
32,1,0,0,0,0,0,0,3.9025,1,13,0,1,0
43,2,0,0,1,0,0,0,4.2664,0,21,0,1,0
42,1,1,0,0,0,1,1,4.2501,1,21,0,0,0
28,1,1,0,0,0,0,1,4.0836,1,13,0,1,0
45,2,0,0,1,0,1,0,4.428,1,26,0,0,0
57,2,0,0,1,0,1,0,4.2973,1,28,0,0,0
41,3,1,0,1,0,0,0,4.2291,0,22,0,1,0
37,2,1,0,1,0,0,0,4.0954,0,14,0,1,0
38,2,0,0,1,0,1,0,4.3764,1,31,0,0,0
34,2,1,0,1,0,0,0,3.9291,0,14,0,1,0
56,2,1,0,1,0,1,0,4.395,1,26,0,0,0
28,2,1,0,1,0,0,1,4.182,1,13,0,1,0
40,2,1,0,1,0,1,1,4.3087,1,25,0,0,0
37,2,0,0,1,0,1,1,4.2966,1,23,0,0,0
20,2,0,0,1,0,0,0,3.5842,0,13,0,1,0
49,2,1,0,1,0,1,1,4.2649,1,24,0,0,0
57,2,1,0,1,0,1,1,4.4384,1,27,0,0,0
53,2,1,0,1,0,1,1,4.3499,1,28,0,0,0
34,2,1,0,1,0,1,0,4.2339,1,26,0,0,0
41,2,1,0,1,0,1,1,4.3571,1,26,0,0,0
39,2,1,0,1,0,0,0,4.1504,1,16,0,1,0
53,2,1,0,1,0,1,0,4.3649,1,23,0,0,0
39,2,1,0,0,0,1,0,4.3168,1,20,0,0,0
51,2,1,0,1,0,1,1,4.2355,1,26,0,0,0
56,2,1,0,1,0,1,0,4.4599,1,26,0,0,0
57,2,1,0,1,0,1,1,4.4735,1,27,0,0,0
44,3,1,0,1,0,1,0,4.3393,1,25,0,0,0
41,2,1,0,1,0,0,1,3.9156,1,20,1,1,0
46,2,0,0,1,0,1,0,4.4309,1,24,0,0,1
49,2,1,0,1,0,1,1,4.3345,1,29,0,0,0
40,2,0,0,1,0,1,1,4.3653,1,26,0,0,0
50,2,0,0,1,0,1,1,4.3362,1,29,0,0,0
39,2,0,0,0,0,1,0,4.3875,1,21,0,0,0
51,2,1,0,1,0,1,1,4.2675,1,26,0,0,1
53,2,0,0,1,0,1,0,4.5246,1,31,0,0,0
47,2,1,0,1,0,1,0,4.2807,1,26,0,0,1
50,2,0,0,1,0,1,1,4.2704,1,26,0,0,0
42,3,1,0,1,0,1,0,4.3024,1,23,0,0,0
44,3,1,0,1,0,1,0,4.3393,1,25,0,0,0
35,2,1,0,1,0,1,1,4.3789,1,27,0,0,0
48,2,1,0,1,0,1,0,4.2131,1,28,0,0,1
45,2,0,0,1,0,0,0,4.092,1,16,0,1,0
48,2,1,0,1,0,1,1,4.304,1,27,0,0,0
46,2,0,0,1,0,1,0,4.4743,1,24,0,0,0
43,2,0,0,1,0,1,0,4.3419,1,24,0,0,0
47,2,1,0,1,0,1,0,4.3658,1,26,0,0,0
44,2,0,0,1,0,1,0,4.2716,1,24,0,0,0
50,2,1,0,1,0,1,1,4.2962,1,25,0,0,0
41,2,1,0,1,0,1,1,4.3083,1,26,0,0,0
49,2,1,0,1,0,1,1,4.1979,1,28,0,0,1
40,2,1,0,1,0,1,1,4.3153,1,25,0,0,0
46,2,1,0,1,0,1,0,4.301,1,26,0,0,0
56,2,1,0,1,0,1,0,4.4307,1,26,0,0,0
41,2,1,0,1,0,1,1,4.3571,1,26,0,0,0
35,3,1,0,1,0,0,0,3.9329,0,16,0,1,0
48,2,0,0,1,0,1,0,4.4524,1,26,0,0,0
46,2,1,0,1,0,0,0,4.2925,1,16,0,1,0
35,2,1,0,1,0,1,1,4.3217,1,27,0,0,0
45,3,1,0,1,0,1,0,4.3245,1,26,0,0,0
47,2,1,0,1,0,1,1,4.3497,1,26,0,0,0
45,2,1,0,1,0,1,1,4.3813,1,24,0,0,0
33,1,1,0,0,0,0,0,3.7984,1,11,0,1,0
51,2,0,0,1,0,1,1,4.4913,1,29,0,0,1
47,2,1,0,1,0,1,1,4.3497,1,26,0,0,0
45,2,0,0,1,0,1,0,4.2779,1,26,0,0,0
47,2,1,0,1,0,1,0,4.3232,1,26,0,0,0
40,2,0,0,1,0,1,1,4.3276,1,26,0,0,0
47,2,1,0,1,0,1,0,4.3923,1,24,0,0,0
29,3,1,0,1,0,0,0,3.8144,0,10,0,1,0
33,2,0,0,1,0,1,0,4.3926,1,26,0,0,0
56,2,1,0,1,0,1,0,4.5091,1,26,0,0,0
54,2,1,0,1,0,1,0,4.4032,1,24,0,0,1
43,2,0,0,1,0,0,1,4.284,1,21,0,1,0
43,2,0,0,1,0,0,1,4.1245,1,21,1,1,0
34,2,1,0,1,0,1,1,4.1607,1,26,0,0,0
32,2,1,0,1,0,1,0,4.2417,1,24,0,0,1
47,2,1,0,1,0,1,1,4.1899,1,22,0,0,0
45,3,1,0,1,0,1,0,4.3581,1,26,0,0,0
56,2,1,0,1,0,1,1,4.3985,1,31,0,0,0
44,2,1,0,1,0,1,0,4.209,1,23,0,0,0
39,2,1,0,1,0,0,1,3.9772,1,18,0,1,0
51,2,1,0,1,0,1,0,4.2991,1,28,0,0,0
33,2,1,0,1,0,0,0,4.2336,0,10,0,1,0
50,3,1,0,1,0,1,0,4.4182,1,31,0,0,0
50,2,1,0,1,0,1,1,4.3382,1,29,0,0,1
47,2,1,0,1,0,0,0,4.3128,1,17,0,1,0
20,2,1,0,1,0,0,0,3.6219,1,12,0,1,0
32,2,1,0,1,0,1,0,4.1556,1,24,0,0,0
41,2,1,0,1,0,1,1,4.3755,1,26,0,0,0
43,2,0,0,1,0,1,1,4.2199,1,24,0,0,0
42,1,0,0,0,0,1,0,4.318,1,21,0,0,0
48,2,1,0,1,0,1,0,4.3478,1,26,0,0,0
39,2,1,0,1,0,0,0,4.0991,0,18,0,1,0
47,3,1,0,1,0,1,0,4.2772,1,28,0,0,0
31,2,1,0,1,0,0,0,3.8213,0,11,0,1,0
47,2,1,0,1,0,1,1,4.3045,1,26,0,0,0
36,3,1,0,1,0,0,0,4.0997,0,17,0,1,0
44,2,1,0,1,0,1,0,4.2179,1,24,0,0,0
48,2,0,0,1,0,1,0,4.3116,1,28,0,0,0
47,2,1,0,1,0,1,0,4.3901,1,26,0,0,0
47,2,1,0,1,0,1,0,4.3741,1,25,0,0,0
37,2,1,0,1,0,1,1,4.1957,1,29,0,0,0
53,2,1,0,1,0,1,0,4.4377,1,31,0,0,0
45,2,0,0,1,0,0,1,4.0811,0,21,0,1,0
29,1,1,0,0,0,1,0,4.0902,1,21,0,0,0
31,2,0,0,1,0,0,1,3.9503,1,17,1,1,0
29,1,0,0,0,0,0,1,4.1852,0,15,0,1,0
49,2,1,0,1,0,1,1,4.3753,1,29,0,0,0
47,2,1,0,1,0,1,1,4.2646,1,26,0,0,0
47,2,1,0,1,0,1,0,4.3315,1,25,0,0,0
48,2,0,0,1,0,1,0,4.5637,1,26,0,0,0
44,2,1,0,1,0,1,1,4.2999,1,29,0,0,0
45,2,1,0,1,0,1,1,4.3813,1,24,0,0,0
48,2,1,0,1,0,1,1,4.304,1,27,0,0,0
43,2,1,0,1,0,0,1,4.3015,1,13,0,1,0
49,2,1,0,1,0,1,0,4.5152,1,26,0,0,1
35,3,1,0,1,0,0,0,3.9329,1,16,0,1,0
50,2,1,0,1,0,1,1,4.5113,1,27,0,0,0
38,3,1,0,1,0,0,1,4.0761,1,19,0,1,0
46,2,1,0,1,0,1,1,4.3937,1,25,0,0,1
52,2,1,0,1,0,1,1,4.4247,1,31,0,0,0
40,1,0,0,0,0,1,0,4.2751,1,21,0,0,0
54,2,1,0,1,0,1,0,4.3661,1,24,0,0,0
43,2,0,0,1,0,1,0,4.3594,1,24,0,0,0
48,2,1,0,1,0,1,0,4.3478,1,26,0,0,0
46,3,0,0,1,0,1,0,4.45,1,28,0,0,0
43,2,0,0,1,0,1,0,4.2313,1,24,0,0,0
50,2,1,0,1,0,1,0,4.3362,1,28,0,0,0
51,2,1,0,1,0,1,0,4.3111,1,30,0,0,0
46,2,1,0,1,0,1,1,4.3502,1,25,0,0,0
44,2,0,0,1,0,1,0,4.3088,1,25,0,0,0
50,2,1,0,1,0,0,0,4.2542,1,20,0,1,0
26,2,0,0,1,0,0,1,3.6133,1,19,0,1,0
38,2,1,0,1,0,0,1,4.0804,1,17,0,1,1
41,2,1,0,1,0,1,1,4.4362,1,26,0,0,0
45,2,0,0,1,0,1,0,4.2502,1,24,0,0,0
55,2,0,0,1,0,1,1,4.4126,1,31,0,0,0
45,2,1,0,1,0,1,0,4.2779,1,25,0,0,0
39,2,1,0,1,0,1,1,4.3681,1,24,0,0,0
50,2,0,0,1,0,1,1,4.3035,1,26,0,0,1
45,2,1,0,1,0,1,1,4.2801,1,30,0,0,0
51,2,1,0,1,0,1,1,4.2159,1,26,0,0,0
38,2,1,0,1,0,1,1,4.234,1,23,0,0,1
45,2,1,0,1,0,1,0,4.3033,1,23,0,0,0
44,2,1,0,1,0,1,0,4.3431,1,24,0,0,0
44,2,1,0,1,0,1,1,4.261,1,23,0,0,0
44,3,1,0,1,0,1,0,4.3565,1,25,0,0,0
52,2,1,0,1,0,1,1,4.2841,1,27,0,0,0
40,2,0,0,1,0,1,1,4.3653,1,26,0,0,0
48,2,1,0,1,0,1,0,4.3717,1,26,0,0,1
44,2,0,0,1,0,1,1,4.3431,1,24,0,0,0
34,2,1,0,1,0,0,1,4.0209,1,19,0,1,0
36,2,0,0,1,0,0,0,3.9858,1,15,0,1,0
48,3,1,0,1,0,1,1,4.4154,1,29,0,0,0
30,2,0,0,1,0,0,1,4.1232,1,16,0,1,0
41,2,1,0,1,0,1,1,4.3083,1,26,0,0,0
46,2,1,0,1,0,1,0,4.284,1,25,0,0,0
57,2,0,0,1,0,1,0,4.3872,1,28,0,0,0
36,2,0,0,1,0,0,1,3.9512,1,16,0,1,0
54,2,1,0,1,0,1,1,4.2561,1,29,0,0,0
46,2,1,0,1,0,1,1,4.2925,1,25,0,0,0
44,3,0,0,1,0,1,0,4.4019,1,26,0,0,0
48,2,1,0,1,0,1,0,4.2548,1,28,0,0,1
34,3,1,0,1,0,0,0,4.1385,1,15,0,1,0
56,2,1,0,1,0,1,1,4.3763,1,26,0,0,0
48,2,1,0,1,0,1,1,4.2071,1,23,0,0,0
34,2,1,0,1,0,1,0,4.2339,1,26,0,0,0
54,2,1,0,1,0,1,0,4.4542,1,24,0,0,0
45,2,1,0,1,0,1,0,4.3304,1,24,0,0,0
47,2,1,0,1,0,1,1,4.3497,1,26,0,0,0
35,2,1,0,1,0,1,1,4.3789,1,27,0,0,0
36,2,0,0,1,0,0,0,4.2045,1,14,0,1,0
48,2,1,0,1,0,1,0,4.4209,1,25,0,0,0
53,2,1,0,1,0,1,0,4.4,1,31,0,0,0
51,1,1,0,0,0,1,0,4.3344,1,21,0,0,0
42,2,1,0,1,0,0,1,4.08,1,17,0,1,0
44,3,1,0,1,0,1,1,4.3482,1,25,0,0,0
34,2,1,0,1,0,1,1,4.2195,1,26,0,0,0
38,1,1,0,0,0,0,0,4.4515,0,15,0,1,0
38,2,0,0,1,0,0,1,4.0606,1,19,0,1,0
54,2,1,0,1,0,1,0,4.5951,1,31,0,0,0
46,2,1,0,1,0,1,0,4.4123,1,23,0,0,0
44,2,1,0,1,0,1,0,4.3259,1,24,0,0,0
33,2,0,0,1,0,1,1,4.2336,1,26,0,0,0
42,3,1,0,1,0,1,0,4.3024,1,23,0,0,0
45,3,1,0,1,0,1,0,4.3245,1,26,0,0,0
47,2,1,0,1,0,1,0,4.4426,1,26,0,0,0
39,2,1,0,1,0,1,1,4.2655,1,24,0,0,0
38,2,1,0,1,0,0,1,4.0606,1,17,0,1,0
35,2,0,0,1,0,1,0,4.3077,1,28,0,0,0
42,2,1,0,1,0,1,1,4.3797,1,27,0,0,0
46,2,1,0,1,0,1,1,4.3937,1,25,0,0,0
44,2,0,0,1,0,1,0,4.3625,1,24,0,0,0
43,2,1,0,1,0,0,0,4.1939,1,13,1,1,0
47,2,0,0,1,0,1,0,4.4426,1,25,0,0,0
48,2,0,0,1,0,1,1,4.3813,1,28,0,0,0
33,1,1,0,0,0,0,0,3.8818,1,13,0,1,0
49,2,1,0,1,0,1,1,4.1599,1,24,0,0,0
46,2,0,0,1,0,1,0,4.4393,1,25,0,0,0
47,2,1,0,1,0,1,1,4.3476,1,26,0,0,0
33,2,1,0,1,0,1,0,4.2485,1,25,0,0,1
41,2,0,0,1,0,0,1,4.2107,1,20,0,1,0
49,2,0,0,1,0,1,1,4.3212,1,29,0,0,0
40,2,1,0,0,0,1,0,4.3776,1,21,0,0,0
52,2,0,0,1,0,1,0,4.5654,1,30,0,0,0
47,2,1,0,1,0,1,1,4.4348,1,27,0,0,0
35,2,1,0,1,0,0,1,3.9573,1,14,0,1,0
44,2,0,0,1,0,1,0,4.4534,1,24,0,0,0
33,2,1,0,1,0,1,0,4.3091,1,25,0,0,0
34,2,1,0,1,0,1,0,4.2561,1,26,0,0,0
47,2,1,0,1,0,1,1,4.305,1,26,0,0,0
31,2,1,0,0,0,0,0,3.9536,1,12,0,1,0
35,2,0,0,1,0,0,0,4.422,1,13,0,1,0
40,2,1,0,1,0,0,0,4.2653,0,19,0,1,0
41,2,1,0,1,0,1,1,4.3755,1,26,0,0,0
37,2,1,0,1,0,0,0,3.8747,1,17,1,1,0
31,2,1,0,1,0,1,0,4.0826,1,23,0,0,1
49,2,1,0,1,0,1,0,4.4744,1,26,0,0,1
48,2,1,0,1,0,1,0,4.4448,1,26,0,0,0
51,1,1,0,0,0,1,0,4.3884,1,21,0,0,0
48,2,1,0,1,0,0,1,4.1893,1,18,0,1,0
32,2,1,0,1,0,1,0,4.1792,1,24,0,0,0
31,2,0,0,1,0,1,0,4.1069,1,24,0,0,0
44,2,1,0,1,0,1,0,4.2805,1,24,0,0,0
51,2,1,0,1,0,1,1,4.3531,1,29,0,0,0
42,2,1,0,1,0,1,1,4.1845,1,21,0,0,0
40,2,1,0,1,0,0,1,4.2439,1,20,0,1,0
44,2,1,0,1,0,1,0,4.3431,1,24,0,0,0
48,2,1,0,1,0,1,0,4.3478,1,26,0,0,0
42,2,0,0,1,0,1,0,4.2821,1,23,0,0,0
48,2,0,0,1,0,1,1,4.2198,1,28,0,0,0
48,2,1,0,1,0,1,0,4.4783,1,25,0,0,0
49,2,0,0,1,0,1,1,4.3032,1,29,0,0,0
43,2,0,0,1,0,1,0,4.3328,1,23,0,0,0
46,2,1,0,1,0,1,1,4.3253,1,26,0,0,0
36,2,1,0,1,0,0,1,3.9959,1,15,0,1,0
35,2,1,0,1,0,0,0,4.2646,0,12,0,1,0
46,2,0,0,1,0,1,0,4.4123,1,26,0,0,0
22,2,1,0,1,0,0,1,3.6978,1,14,0,1,0
49,2,0,0,1,0,1,1,4.2724,1,25,0,0,0
57,2,1,0,1,0,1,1,4.4384,1,27,0,0,0
21,2,1,0,1,0,0,0,3.6897,1,13,0,1,0
49,2,1,0,1,0,1,0,4.2937,1,28,0,0,0
49,2,1,0,1,0,1,0,4.4356,1,26,0,0,0
46,2,1,0,1,0,1,1,4.2903,1,25,0,0,0
55,2,0,0,1,0,1,1,4.3195,1,26,0,0,0
35,2,1,0,1,0,0,0,3.8861,1,14,0,1,0
44,2,1,0,1,0,1,0,4.3171,1,23,0,0,0
36,2,1,0,1,0,0,0,4.2601,1,13,0,1,0
40,1,0,0,0,0,1,0,4.2751,1,21,0,0,0
51,2,1,0,1,0,1,1,4.3531,1,29,0,0,0
45,3,1,0,1,0,1,1,4.4053,1,26,0,0,0
49,2,1,0,1,0,1,0,4.3286,1,28,0,0,0
39,2,1,0,1,0,1,1,4.2655,1,24,0,0,0
51,2,1,0,1,0,1,1,4.3756,1,26,0,0,0
55,2,1,0,1,0,1,0,4.5317,1,25,0,0,0
51,2,0,0,1,0,1,1,4.4913,1,29,0,0,0
45,2,0,0,1,0,1,1,4.3858,1,31,0,0,0
46,2,1,0,1,0,1,0,4.336,1,26,0,0,1
35,2,1,0,1,0,1,0,4.0332,1,27,0,0,0
46,2,1,0,1,0,1,1,4.3937,1,25,0,0,1
43,2,1,0,1,0,1,1,4.2488,1,28,0,0,0
31,2,0,0,1,0,1,0,4.1715,1,24,0,0,0
45,3,1,0,1,0,1,1,4.3609,1,26,0,0,0
36,2,1,0,1,0,1,0,4.2391,1,28,0,0,0
40,2,0,0,1,0,1,1,4.4464,1,26,0,0,0
47,3,1,0,1,0,1,0,4.3197,1,28,0,0,0
39,1,1,0,0,0,0,1,4.0772,1,14,0,1,0
46,2,1,0,1,0,0,1,4.3089,1,16,0,1,1
36,2,1,0,1,0,1,0,4.2947,1,28,0,0,0
34,2,1,0,1,0,0,1,3.8666,1,13,0,1,0
51,1,1,0,0,0,1,0,4.3884,1,21,0,0,0
47,2,1,0,1,0,1,0,4.3476,1,26,0,0,0
46,2,1,0,1,0,0,0,4.2761,1,16,0,1,0
45,2,1,0,1,0,0,0,4.17,1,15,0,1,0
55,2,1,0,1,0,1,0,4.518,1,25,0,0,0
46,2,1,0,1,0,1,1,4.3174,1,25,0,0,0
51,2,0,0,1,0,1,1,4.2719,1,27,0,0,0
39,2,1,0,1,0,0,1,3.9736,0,14,0,1,0
56,2,1,0,1,0,1,0,4.3815,1,26,0,0,0
54,2,1,0,1,0,1,0,4.5581,1,31,0,0,1
34,2,1,0,1,0,1,0,4.1751,1,26,0,0,0
51,2,1,0,1,0,1,1,4.3756,1,26,0,0,0
40,2,1,0,1,0,1,1,4.3776,1,25,0,0,0
56,2,1,0,1,0,1,1,4.3628,1,31,0,0,1
38,2,1,0,1,0,0,0,3.9579,0,16,0,1,1
44,2,0,0,1,0,1,1,4.2976,1,24,0,0,0
35,2,1,0,1,0,0,0,4.2506,0,12,0,1,0
54,2,1,0,1,0,1,0,4.4542,1,24,0,0,0
47,2,1,0,1,0,1,0,4.3658,1,24,0,0,0
46,3,1,0,1,0,1,1,4.4087,1,27,0,0,1
55,2,1,0,1,0,1,0,4.4954,1,25,0,0,0
37,1,1,0,0,0,0,0,4.1726,0,7,0,1,0
35,2,1,0,1,0,1,1,4.3789,1,27,0,0,0
45,2,1,0,1,0,1,1,4.3201,1,24,0,0,0
40,2,1,0,1,0,1,1,4.4276,1,25,0,0,0
52,2,1,0,1,0,1,0,4.3653,1,31,0,0,0
51,2,1,0,1,0,1,1,4.3531,1,29,0,0,0
43,2,0,0,1,0,1,0,4.3328,1,23,0,0,0
50,2,0,0,1,0,1,0,4.5264,1,28,0,0,0
58,2,1,0,1,0,1,0,4.4633,1,28,0,0,0
56,2,1,0,1,0,1,0,4.5174,1,26,0,0,0
33,2,1,0,1,0,1,0,4.1273,1,25,0,0,0
25,2,0,0,0,0,0,0,3.8333,0,7,0,1,0
36,1,1,0,0,0,1,1,4.2317,1,21,0,0,0
47,2,1,0,1,0,1,1,4.3072,1,26,0,0,0
36,2,0,0,1,0,1,1,4.2737,1,29,0,0,0
47,2,1,0,1,0,1,1,4.3045,1,26,0,0,0
46,3,0,0,1,0,1,0,4.3324,1,28,0,0,0
58,2,1,0,1,0,1,0,4.3212,1,28,0,0,0
49,2,1,0,1,0,1,0,4.4256,1,26,0,0,0
44,3,0,0,1,0,1,0,4.3282,1,26,0,0,0
43,2,0,0,1,0,1,1,4.3152,1,29,0,0,0
34,2,1,0,1,0,0,0,3.9987,1,12,0,1,0
46,2,0,0,1,0,1,0,4.1949,1,26,0,0,0
39,2,1,0,1,0,1,1,4.2655,1,24,0,0,0
43,2,0,0,1,0,0,0,4.2114,1,14,0,1,0
31,2,0,0,1,0,0,1,4.0266,0,17,0,1,0
45,2,1,0,1,0,1,0,4.3916,1,24,0,0,0
36,2,1,0,1,0,0,0,3.9959,1,15,0,1,0
48,2,1,0,1,0,1,0,4.2487,1,26,0,0,0
35,2,0,0,1,0,0,1,3.9217,0,15,0,1,0
50,2,1,0,1,0,1,1,4.2864,1,29,0,0,0
46,2,0,0,1,0,1,1,4.3338,1,26,0,0,0
44,2,0,0,1,0,1,1,4.2976,1,24,0,0,0
43,2,1,0,1,0,0,0,4.1558,1,22,0,1,0
44,3,1,0,1,0,1,1,4.3028,1,25,0,0,0
46,2,0,0,1,0,1,1,4.3773,1,26,0,0,1
47,2,1,0,1,0,1,1,4.3901,1,26,0,0,0
45,2,1,0,1,0,1,0,4.2611,1,25,0,0,0
47,2,1,0,1,0,1,1,4.3072,1,26,0,0,0
45,2,1,0,1,0,1,0,4.2611,1,25,0,0,0
44,3,1,0,1,0,1,0,4.4019,1,25,0,0,0
43,3,1,0,1,0,1,0,4.4372,1,24,0,0,0
38,2,1,0,1,0,0,1,3.9752,1,17,1,1,0
47,2,0,0,1,0,1,1,4.3518,1,26,0,0,0
43,3,1,0,1,0,1,0,4.4837,1,24,0,0,0
42,2,0,0,1,0,0,1,4.3384,0,21,0,1,0
43,3,1,0,1,0,1,0,4.3266,1,24,0,0,1
35,2,0,0,1,0,0,0,4.1934,0,13,0,1,0
47,2,1,0,1,0,1,1,4.3072,1,26,0,0,0
50,2,1,0,1,0,1,0,4.2002,1,28,0,0,1
42,2,1,0,1,0,0,0,4.0823,1,20,0,1,0
48,2,1,0,1,0,1,0,4.2131,1,28,0,0,0
56,2,1,0,1,0,1,0,4.4817,1,26,0,0,0
45,3,1,0,1,0,1,0,4.4025,1,26,0,0,0
48,2,1,0,1,0,0,0,4.3635,1,18,0,1,0
51,2,1,0,1,0,1,1,4.2335,1,26,0,0,0
40,2,1,0,1,0,0,1,4.1128,1,15,0,1,0
49,2,0,0,1,0,1,0,4.2212,1,28,0,0,0
53,2,0,0,1,0,1,0,4.4404,1,24,0,0,0
47,2,1,0,1,0,1,0,4.3658,1,26,0,0,0
47,3,1,0,1,0,1,0,4.4027,1,28,0,0,0
40,2,1,0,1,0,1,1,4.3776,1,25,0,0,0
35,2,1,0,1,0,0,1,4.0116,1,14,1,1,0
31,2,1,0,1,0,1,0,4.0424,1,23,0,0,0
47,2,1,0,1,0,1,1,4.1899,1,22,0,0,0
51,2,1,0,1,0,1,0,4.5845,1,28,0,0,1
38,2,1,0,1,0,0,1,4.1986,1,15,0,1,0
54,2,1,0,1,0,1,0,4.5581,1,31,0,0,0
51,2,1,0,1,0,1,1,4.2875,1,26,0,0,0
45,2,1,0,1,0,1,0,4.0743,0,23,0,1,0
47,2,0,0,1,0,1,1,4.3518,1,27,0,0,0
43,3,1,0,1,0,1,0,4.3617,1,24,0,0,0
48,2,1,0,1,0,1,1,4.3971,1,27,0,0,0
47,2,1,0,1,0,1,1,4.3072,1,26,0,0,0
41,2,1,0,1,0,1,1,4.3083,1,26,0,0,0
45,2,0,0,1,0,1,0,4.4193,1,25,0,0,0
48,2,0,0,1,0,1,0,4.27,1,28,0,0,0
34,2,1,0,1,0,0,0,3.8781,1,13,0,1,0
38,2,1,0,1,0,0,0,4.146,0,15,0,1,0
33,2,1,0,1,0,1,0,4.2485,1,25,0,0,0
31,2,0,0,1,0,0,0,3.9345,1,12,0,1,0
51,2,1,0,1,0,1,1,4.2355,1,26,0,0,0
45,2,0,0,1,0,1,1,4.3201,1,25,0,0,0
39,2,1,0,1,0,0,1,3.8847,1,18,0,1,0
39,2,1,0,1,0,1,0,4.3655,1,31,0,0,0
50,2,1,0,1,0,1,1,4.2182,1,25,0,0,0
46,2,0,0,1,0,1,0,4.2925,1,26,0,0,1
48,2,1,0,1,0,1,0,4.4209,1,25,0,0,0
54,2,1,0,1,0,1,1,4.2561,1,29,0,0,0
45,3,1,0,1,0,1,0,4.3858,1,26,0,0,0
45,2,1,0,1,0,1,0,4.3916,1,24,0,0,0
45,2,0,0,1,0,1,1,4.2692,1,25,0,0,0
33,2,1,0,1,0,0,1,3.7377,0,12,0,1,0
56,2,1,0,1,0,1,1,4.412,1,26,0,0,0
48,2,1,0,1,0,1,0,4.3717,1,26,0,0,0
51,2,0,0,1,0,1,0,4.3355,1,31,0,0,0
46,2,1,0,1,0,1,1,4.3174,1,25,0,0,0
50,2,1,0,1,0,1,0,4.3362,1,28,0,0,0
51,2,1,0,1,0,1,0,4.3383,1,28,0,0,0
53,2,1,0,1,0,1,0,4.4377,1,31,0,0,0
55,2,0,0,1,0,1,0,4.577,1,26,0,0,0
61,2,1,0,1,0,1,0,4.4899,1,31,0,0,0
47,2,1,0,1,0,1,0,4.4166,1,25,0,0,0
32,2,1,0,1,0,1,0,4.2417,1,24,0,0,0
31,2,0,0,1,0,0,1,3.9345,0,11,0,1,1
47,2,1,0,1,0,1,1,4.3072,1,26,0,0,0
56,2,1,0,1,0,1,1,4.3628,1,26,0,0,1
47,2,0,0,1,0,1,0,4.2729,1,26,0,0,0
51,2,1,0,1,0,1,1,4.3531,1,29,0,0,0
43,2,1,0,1,0,1,1,4.3328,1,28,0,0,0
44,2,1,0,1,0,1,0,4.3885,1,24,0,0,0
60,2,1,0,1,0,1,0,4.4421,1,30,0,0,0
45,2,1,0,1,0,1,0,4.3201,1,23,0,0,0
41,2,1,0,1,0,1,1,4.485,1,26,0,0,0
55,2,1,0,1,0,0,0,4.4018,0,25,0,1,0
40,2,0,0,1,0,0,0,4.1087,1,20,0,1,0
42,2,0,0,1,0,1,1,4.386,1,28,0,0,0
49,2,1,0,1,0,1,0,4.4356,1,26,0,0,0
39,2,1,0,1,0,0,1,3.9066,1,14,0,1,0
41,2,1,0,1,0,0,1,3.9156,1,16,0,1,0
47,2,0,0,1,0,1,0,4.3762,1,28,0,0,0
50,2,0,0,1,0,1,1,4.2982,1,26,0,0,0
47,2,1,0,1,0,1,1,4.3476,1,26,0,0,0
40,2,0,0,1,0,1,1,4.4464,1,26,0,0,0
46,2,1,0,1,0,1,0,4.4038,1,25,0,0,0
49,2,1,0,1,0,1,0,4.5052,1,26,0,0,0
37,3,1,0,1,0,0,0,4.2222,0,18,0,1,0
56,2,1,0,1,0,1,0,4.4734,1,26,0,0,0
51,2,1,0,1,0,1,1,4.2875,1,26,0,0,0
48,2,1,0,1,0,1,1,4.4448,1,25,0,0,0
36,2,0,0,1,0,1,1,4.2737,1,29,0,0,0
36,2,1,0,1,0,0,0,4.2527,0,13,0,1,0
50,2,1,0,1,0,1,1,4.2962,1,25,0,0,0
49,2,1,0,1,0,1,0,4.2937,1,28,0,0,0
51,2,1,0,1,0,1,1,4.2747,1,26,0,0,1
18,1,1,0,0,0,0,0,3.6835,1,10,1,1,0
53,2,1,0,1,0,1,0,4.3884,1,23,0,0,0
47,2,1,0,1,0,1,0,4.3232,1,26,0,0,0
39,2,1,0,1,0,1,1,4.2781,1,24,0,0,1
42,3,0,0,1,0,1,0,4.4929,1,24,0,0,0
46,2,0,0,1,0,1,0,4.371,1,26,0,0,1
43,2,1,0,1,0,0,0,4.293,1,20,0,1,0
45,2,1,0,1,0,1,0,4.3304,1,24,0,0,0
40,2,1,0,1,0,0,0,3.9087,0,18,0,1,0
32,2,1,0,1,0,0,1,4.1556,1,17,0,1,0
60,2,0,0,1,0,1,0,4.4836,1,31,0,0,0
32,2,1,0,1,0,0,1,3.8903,0,11,0,1,0
46,2,1,0,1,0,1,0,4.3174,1,24,0,0,0
46,2,1,0,1,0,1,0,4.3524,1,23,0,0,0
50,2,1,0,1,0,1,1,4.1982,1,25,0,0,0
45,2,1,0,1,0,0,1,4.1445,1,24,0,1,0
46,2,0,0,1,0,1,1,4.284,1,26,0,0,0
37,2,0,0,1,0,1,1,4.2426,1,23,0,0,0
36,2,0,0,1,0,0,1,3.9364,1,16,0,1,0
36,2,1,0,1,0,0,0,4.2045,1,14,0,1,0
41,2,1,0,1,0,1,1,4.3571,1,26,0,0,0
45,2,1,0,1,0,1,1,4.3245,1,30,0,0,0
36,2,0,0,1,0,1,1,4.2737,1,29,0,0,0
33,2,1,0,1,0,0,1,4.332,0,18,0,1,0
39,2,1,0,1,0,0,0,4.3749,0,16,0,1,0
61,2,1,0,1,0,1,0,4.4899,1,31,0,0,0
44,2,1,0,1,0,1,1,4.1984,1,23,0,0,0
44,3,1,0,1,0,1,0,4.3848,1,25,0,0,0
47,2,1,0,1,0,1,0,4.3923,1,24,0,0,0
25,1,1,0,0,0,0,1,4.2137,1,10,0,1,1
35,2,0,0,1,0,1,0,4.0687,1,28,0,0,0
56,2,1,0,1,0,1,0,4.395,1,26,0,0,0
46,2,0,0,1,0,1,0,4.3874,1,26,0,0,0
53,2,0,0,1,0,1,0,4.4119,1,24,0,0,0
41,2,0,0,1,0,1,0,4.2107,1,21,0,0,0
45,3,1,0,1,0,1,0,4.3581,1,26,0,0,0
49,2,1,0,1,0,1,1,4.362,1,24,0,0,0
48,2,1,0,1,0,1,0,4.2548,1,28,0,0,0
48,2,1,0,1,0,1,0,4.3478,1,26,0,0,0
26,2,0,0,1,0,0,1,4.1329,0,12,0,1,0
52,2,0,0,1,0,1,1,4.1883,1,28,0,0,0
46,2,0,0,1,0,1,0,4.3688,1,26,0,0,0
49,2,0,0,1,0,1,1,4.2416,1,25,0,0,0
36,2,1,0,1,0,1,0,4.2947,1,28,0,0,0
44,3,0,0,1,0,1,0,4.4646,1,26,0,0,0
44,2,1,0,1,0,0,1,4.1524,1,19,0,1,0
45,2,0,0,1,0,1,0,4.3944,1,26,0,0,0
41,2,1,0,1,0,1,1,4.3571,1,26,0,0,0
45,2,1,0,1,0,1,1,4.3813,1,24,0,0,0
51,2,1,0,1,0,1,0,4.5061,1,28,0,0,0
44,3,0,0,1,0,1,1,4.4108,1,26,0,0,0
45,2,1,0,1,0,0,0,4.2189,0,23,0,1,0
43,2,0,0,1,0,1,0,4.4059,1,24,0,0,0
32,2,0,0,1,0,0,1,3.671,0,25,0,1,0
35,2,1,0,1,0,0,1,4.0116,1,14,1,1,0
56,2,1,0,1,0,1,1,4.3763,1,26,0,0,0
48,2,1,0,1,0,1,0,4.4783,1,25,0,0,0
56,2,1,0,1,0,1,0,4.4817,1,26,0,0,0
50,3,1,0,1,0,1,0,4.4582,1,31,0,0,1
45,2,1,0,1,0,1,1,4.3245,1,30,0,0,0
34,2,1,0,1,0,0,0,3.9513,1,14,0,1,0
46,3,1,0,1,0,1,1,4.4522,1,27,0,0,0
24,2,1,0,1,0,0,0,3.7721,1,16,0,1,0
40,2,1,0,1,0,0,0,4.1464,1,19,0,1,0
55,2,0,0,1,0,1,0,4.4542,1,26,0,0,0
54,2,0,0,1,0,1,0,4.5052,1,25,0,0,0
41,2,1,0,1,0,1,1,4.4362,1,26,0,0,0
46,2,0,0,1,0,1,0,4.3959,1,25,0,0,0
47,3,1,0,1,0,1,0,4.4452,1,28,0,0,0
59,2,1,0,1,0,1,1,4.3826,1,29,0,0,0
47,2,1,0,1,0,1,0,4.3232,1,26,0,0,0
51,2,1,0,1,0,1,1,4.2747,1,26,0,0,0
48,2,1,0,1,0,1,0,4.3538,1,26,0,0,0
44,2,1,0,1,0,1,0,4.2261,1,23,0,0,0
41,2,0,0,1,0,0,1,4.2755,1,19,0,1,0
42,2,1,0,1,0,0,1,3.7932,1,17,0,1,0
48,2,0,0,1,0,1,1,4.3397,1,24,0,0,0
45,2,1,0,1,0,1,0,4.3055,1,25,0,0,0
49,2,1,0,1,0,1,0,4.2878,1,28,0,0,0
38,2,0,0,1,0,1,1,4.3264,1,24,0,0,0
32,2,1,0,1,0,1,0,4.0931,1,24,0,0,0
34,2,1,0,1,0,1,0,4.2339,1,26,0,0,0
44,2,1,0,1,0,1,0,4.3171,1,23,0,0,0
47,2,1,0,1,0,1,0,4.4509,1,24,0,0,0
46,2,0,0,1,0,1,0,4.3524,1,25,0,0,0
56,2,1,0,1,0,1,1,4.3628,1,26,0,0,0
53,2,1,0,1,0,1,0,4.4377,1,31,0,0,0
32,2,0,0,1,0,0,0,4.0122,1,13,0,1,0
51,2,1,0,1,0,1,1,4.2552,1,26,0,0,0
51,2,1,0,1,0,1,1,4.3268,1,26,0,0,0
23,2,0,0,1,0,0,0,3.9149,0,16,0,1,0
46,2,1,0,1,0,1,0,4.2739,1,24,0,0,0
30,2,1,0,0,0,0,0,3.9362,0,11,0,1,0
44,2,1,0,1,0,1,0,4.3171,1,23,0,0,0
49,2,1,0,1,0,1,0,4.4356,1,26,0,0,0
41,2,1,0,1,0,1,1,4.3083,1,26,0,0,0
50,2,1,0,1,0,0,1,3.9211,0,25,0,1,0
40,2,1,0,1,0,1,1,4.4276,1,25,0,0,0
51,2,1,0,1,0,1,0,4.5453,1,28,0,0,0
51,2,1,0,1,0,1,1,4.3364,1,26,0,0,0
46,2,0,0,1,0,1,0,4.4473,1,24,0,0,0
36,2,1,0,1,0,1,0,4.0487,1,28,0,0,0
39,2,1,0,1,0,0,0,3.904,1,18,1,1,0
47,2,1,0,1,0,1,1,4.347,1,26,0,0,0
39,3,1,0,1,0,0,0,4.2462,0,20,0,1,0
44,3,1,0,1,0,1,0,4.3454,1,25,0,0,0
36,2,1,0,1,0,0,0,4.1835,1,13,0,1,0
53,2,1,0,1,0,1,0,4.3649,1,23,0,0,0
39,2,1,0,1,0,1,1,4.2462,1,24,0,0,0
36,1,1,0,0,0,1,1,4.2873,1,21,0,0,0
56,2,1,0,1,0,1,1,4.3763,1,26,0,0,0
53,2,1,0,1,0,1,1,4.1708,1,28,0,0,1
55,2,0,0,1,0,1,0,4.5407,1,26,0,0,0
29,2,0,0,1,0,0,1,3.9523,1,15,0,1,0
40,2,1,0,1,0,0,0,4.2251,1,20,0,1,0
44,2,1,0,1,0,1,0,4.3171,1,23,0,0,0
48,2,0,0,1,0,1,1,4.2198,1,28,0,0,1
47,2,1,0,1,0,1,1,4.3476,1,26,0,0,0
41,2,1,0,1,0,0,0,4.2595,1,18,0,1,0
42,2,1,0,1,0,0,0,4.2228,1,22,0,1,0
45,3,0,0,1,0,1,1,4.4579,1,27,0,0,0
51,2,1,0,1,0,1,0,4.3531,1,28,0,0,0
49,2,1,0,1,0,1,1,4.2387,1,28,0,0,0
35,3,0,0,1,0,0,0,4.1643,1,17,0,1,0
49,2,0,0,1,0,1,1,4.362,1,29,0,0,0
37,2,1,0,1,0,0,0,4.1957,1,16,0,1,0
54,2,1,0,1,0,1,0,4.3661,1,24,0,0,0
56,2,1,0,1,0,1,1,4.3628,1,26,0,0,0
47,2,1,0,1,0,1,1,4.4774,1,27,0,0,0
33,2,0,0,1,0,1,1,4.173,1,26,0,0,0
48,2,0,0,1,0,1,1,4.4783,1,26,0,0,0
51,2,1,0,1,0,1,0,4.3383,1,28,0,0,0
49,2,0,0,1,0,1,1,4.2416,1,25,0,0,0
47,2,1,0,1,0,1,0,4.3315,1,25,0,0,0
32,2,1,0,1,0,0,0,3.9917,1,11,0,1,0
43,3,1,0,1,0,1,0,4.3617,1,24,0,0,0
44,3,1,0,1,0,1,0,4.3393,1,25,0,0,0
41,2,1,0,1,0,1,1,4.2411,1,26,0,0,0
33,2,1,0,1,0,1,0,4.1502,1,25,0,0,0
46,2,1,0,1,0,1,0,4.3275,1,25,0,0,0
26,2,1,0,1,0,0,1,4.027,1,11,0,1,0
44,1,1,0,0,0,1,0,4.3885,1,21,0,0,0
49,2,0,0,1,0,1,0,4.354,1,28,0,0,0
44,2,1,0,1,0,0,1,4.1352,0,23,0,1,0
43,2,1,0,1,0,1,1,4.2023,1,28,0,0,0
48,2,1,0,1,0,1,0,4.2131,1,28,0,0,0
37,2,0,0,1,0,0,0,4.2497,1,15,1,1,0
48,2,1,0,1,0,1,0,4.4209,1,25,0,0,0
47,2,1,0,1,0,1,0,4.5095,1,24,0,0,0
34,2,0,0,1,0,0,1,4.0064,1,14,0,1,0
58,2,1,0,1,0,1,0,4.3813,1,28,0,0,0
44,2,1,0,1,0,1,0,4.2716,1,23,0,0,0
43,2,1,0,1,0,1,1,4.3328,1,28,0,0,0
27,2,1,0,1,0,0,1,4.0603,0,12,0,1,0
44,3,0,0,1,0,1,0,4.3736,1,26,0,0,0
47,3,1,0,1,0,1,0,4.3197,1,28,0,0,0
53,2,1,0,1,0,1,1,4.3499,1,28,0,0,0
50,2,0,0,1,0,1,0,4.384,1,31,0,0,0
48,2,1,0,1,0,1,0,4.3219,1,28,0,0,0
46,2,0,0,1,0,1,1,4.284,1,26,0,0,0
50,2,1,0,1,0,1,1,4.5513,1,27,0,0,0
25,2,1,0,1,0,0,0,4.0537,1,17,0,1,0
47,2,0,0,1,0,1,1,4.453,1,27,0,0,0
58,2,1,0,1,0,1,0,4.4288,1,28,0,0,0
45,2,0,0,1,0,1,1,4.2946,1,25,0,0,0
41,2,1,0,1,0,0,1,4.0923,1,16,0,1,0
43,2,0,0,1,0,1,1,4.2374,1,23,0,0,0
47,2,1,0,1,0,1,1,4.3497,1,26,0,0,0
34,2,1,0,1,0,1,1,4.1607,1,26,0,0,0
36,2,1,0,1,0,0,1,3.8055,0,15,0,1,0
45,2,0,0,1,0,1,1,4.1468,1,21,0,0,0
52,2,1,0,1,0,1,1,4.414,1,29,0,0,0
35,2,0,0,1,0,1,0,4.3077,1,28,0,0,0
33,2,1,0,1,0,1,0,4.1273,1,25,0,0,0
55,2,0,0,1,0,1,1,4.4489,1,31,0,0,0
41,2,1,0,1,0,0,0,4.3059,1,18,0,1,0
56,2,1,0,1,0,1,0,4.4599,1,26,0,0,1
39,2,1,0,1,0,0,0,4.263,1,19,0,1,0
36,2,1,0,1,0,0,1,4.0934,0,15,0,1,0
40,2,1,0,1,0,1,1,4.3776,1,25,0,0,0
34,2,0,0,1,0,1,1,4.3372,1,27,0,0,0
45,2,1,0,1,0,1,0,4.3916,1,24,0,0,0
36,2,1,0,1,0,0,1,3.8638,0,11,0,1,0
57,2,0,0,1,0,1,0,4.4223,1,28,0,0,0
46,2,1,0,1,0,1,1,4.3937,1,25,0,0,0
50,3,1,0,1,0,1,0,4.4182,1,31,0,0,0
44,3,1,0,1,0,1,0,4.4019,1,25,0,0,0
43,2,1,0,1,0,0,1,4.1093,1,21,0,1,0
46,3,1,0,1,0,1,1,4.4522,1,27,0,0,0
47,2,0,0,1,0,1,0,4.3741,1,26,0,0,0
53,2,1,0,1,0,1,0,4.4377,1,31,0,0,0
49,2,0,0,1,0,1,1,4.4765,1,27,0,0,0
29,2,1,0,1,0,0,1,4.1163,1,14,0,1,0
48,2,1,0,1,0,1,1,4.4387,1,27,0,0,0
35,2,0,0,1,0,1,0,4.0687,1,28,0,0,0
37,2,1,0,1,0,0,0,3.9669,0,17,0,1,0
43,1,1,0,0,0,1,0,4.2465,1,21,0,0,0
46,2,0,0,1,0,1,0,4.3688,1,26,0,0,0
45,3,1,0,1,0,1,0,4.4579,1,26,0,0,0
33,2,1,0,1,0,0,0,3.9226,1,11,0,1,0
40,2,0,0,1,0,1,1,4.3464,1,26,0,0,0
39,2,0,0,1,0,0,0,4.3749,1,17,0,1,0
46,2,1,0,1,0,1,1,4.3253,1,26,0,0,0
56,2,1,0,1,0,1,0,4.3458,1,26,0,0,0
45,3,1,0,1,0,1,0,4.3245,1,26,0,0,0
32,2,1,0,1,0,1,0,4.2417,1,24,0,0,0
41,1,1,0,0,0,1,0,4.3059,1,21,0,0,0
50,2,1,0,1,0,1,0,4.2002,1,28,0,0,0
45,2,1,0,1,0,1,1,4.3813,1,24,0,0,0
58,2,1,0,1,0,1,0,4.3813,1,28,0,0,0
42,3,1,0,1,0,1,0,4.2548,1,23,0,0,0
48,2,1,0,1,0,1,1,4.3457,1,27,0,0,0
49,2,1,0,1,0,0,0,4.3037,1,19,0,1,0
49,2,1,0,1,0,1,1,4.362,1,28,0,0,0
44,1,1,0,0,0,1,0,4.3885,1,21,0,0,0
36,2,1,0,1,0,0,1,4.1388,1,16,0,1,0
50,2,1,0,1,0,1,0,4.3591,1,30,0,0,0
41,2,1,0,1,0,1,1,4.3083,1,26,0,0,0
51,2,1,0,1,0,1,1,4.3139,1,29,0,0,0
50,2,0,0,1,0,1,1,4.3933,1,26,0,0,0
59,2,1,0,1,0,1,1,4.3826,1,29,0,0,0
48,2,0,0,1,0,1,1,4.2615,1,28,0,0,1
45,3,1,0,1,0,1,0,4.3413,1,26,0,0,0
43,3,0,0,1,0,1,0,4.4083,1,25,0,0,0
40,2,0,0,1,0,0,1,4.0939,1,20,1,1,0
53,2,1,0,1,0,1,0,4.4404,1,23,0,0,0
43,3,1,0,1,0,1,0,4.3731,1,24,0,0,1
45,2,0,0,1,0,1,0,4.2779,1,26,0,0,0
48,3,1,0,1,0,1,1,4.4154,1,29,0,0,0
49,2,0,0,1,0,1,1,4.3032,1,29,0,0,0
35,2,1,0,1,0,0,0,4.1614,1,13,0,1,0
40,2,1,0,1,0,1,1,4.3776,1,25,0,0,0
52,2,1,0,1,0,1,1,4.2841,1,27,0,0,0
41,2,1,0,1,0,1,1,4.3571,1,26,0,0,0
48,2,1,0,1,0,1,0,4.4052,1,28,0,0,0
45,3,1,0,1,0,1,0,4.3581,1,26,0,0,0
57,2,1,0,1,0,1,1,4.4868,1,27,0,0,0
49,2,1,0,1,0,1,1,4.457,1,26,0,0,0
38,2,0,0,1,0,0,1,4.0278,1,19,0,1,0
44,3,0,0,1,0,1,0,4.4191,1,26,0,0,0
34,2,0,0,1,0,1,1,4.3372,1,27,0,0,0
51,2,0,0,1,0,1,1,4.4913,1,29,0,0,0
40,2,1,0,1,0,1,1,4.3776,1,25,0,0,0
46,2,1,0,1,0,1,1,4.3174,1,25,0,0,0
46,3,1,0,1,0,1,0,4.2618,1,27,0,0,0
45,3,1,0,1,0,1,0,4.369,1,26,0,0,0
43,3,1,0,1,0,1,0,4.3907,1,24,0,0,0
44,2,1,0,1,0,1,1,4.3065,1,23,0,0,0
32,2,1,0,1,0,0,0,3.9025,1,12,1,1,0
57,2,1,0,1,0,1,1,4.5219,1,27,0,0,0
31,2,0,0,1,0,1,0,4.1069,1,24,0,0,0
41,2,1,0,1,0,0,0,4.2267,0,18,0,1,0
56,2,1,0,1,0,1,0,4.3593,1,26,0,0,0
47,2,0,0,1,0,1,1,4.453,1,27,0,0,0
41,2,1,0,1,0,1,1,4.3571,1,26,0,0,0
47,2,1,0,1,0,1,1,4.305,1,26,0,0,0
35,2,1,0,1,0,1,1,4.3789,1,27,0,0,0
48,2,1,0,1,0,1,0,4.4209,1,25,0,0,0
51,2,1,0,1,0,1,0,4.3736,1,31,0,0,0
48,2,1,0,1,0,0,1,4.1654,1,18,1,1,0
35,3,1,0,1,0,0,0,4.1287,1,16,0,1,0
37,3,1,0,1,0,0,1,4.1549,0,18,0,1,0
47,2,1,0,1,0,1,1,4.2325,1,25,0,0,0
43,2,1,0,1,0,0,1,4.0804,1,18,0,1,0
49,2,1,0,1,0,1,1,4.1979,1,28,0,0,0
50,3,1,0,1,0,1,0,4.4582,1,31,0,0,0
45,2,1,0,1,0,1,1,4.3201,1,24,0,0,0
47,2,1,0,1,0,1,0,4.3232,1,26,0,0,0
46,2,1,0,1,0,0,0,4.214,1,16,0,1,0
47,2,0,0,1,0,1,0,4.2729,1,28,0,0,0
51,2,1,0,1,0,1,1,4.3717,1,30,0,0,0
49,2,1,0,1,0,1,1,4.362,1,24,0,0,0
36,2,0,0,1,0,1,1,4.2737,1,29,0,0,1
45,2,1,0,1,0,1,0,4.3033,1,23,0,0,0
34,2,1,0,1,0,0,1,4.0545,0,12,0,1,0
41,2,1,0,1,0,1,1,4.3571,1,26,0,0,0
40,2,0,0,1,0,1,1,4.3153,1,26,0,0,0
47,2,0,0,1,0,1,0,4.4669,1,26,0,0,0
44,2,1,0,1,0,1,0,4.3885,1,24,0,0,0
32,2,1,0,1,0,1,0,4.2417,1,24,0,0,0
46,2,1,0,1,0,1,0,4.3174,1,24,0,0,0
27,2,0,0,1,0,0,0,3.9401,1,20,0,1,0
40,2,1,0,1,0,1,1,4.3087,1,25,0,0,0
40,2,0,0,1,0,0,1,3.9751,1,16,0,1,0
50,2,1,0,1,0,1,1,4.3382,1,29,0,0,0
55,2,0,0,1,0,1,1,4.4126,1,31,0,0,0
52,2,1,0,1,0,1,1,4.4632,1,31,0,0,0
46,2,1,0,1,0,1,0,4.2739,1,24,0,0,0
46,2,0,0,1,0,1,0,4.4557,1,25,0,0,0
46,2,0,0,1,0,1,0,4.5342,1,24,0,0,0
47,2,1,0,1,0,1,0,4.4,1,26,0,0,0
44,2,1,0,1,0,1,1,4.261,1,23,0,0,0
57,2,1,0,1,0,1,1,4.5219,1,27,0,0,0
36,2,0,0,1,0,1,1,4.2181,1,29,0,0,0
45,2,1,0,1,0,1,0,4.3304,1,24,0,0,0
39,2,1,0,1,0,0,1,3.9772,1,14,0,1,0
48,2,1,0,1,0,1,0,4.2883,1,26,0,0,0
27,2,0,0,1,0,0,1,3.8842,0,13,0,1,0
51,2,1,0,1,0,1,0,4.5061,1,28,0,0,0
61,2,1,0,1,0,1,0,4.4448,1,31,0,0,1
44,3,1,0,1,0,1,0,4.3393,1,25,0,0,0
44,3,0,0,1,0,1,0,4.3282,1,26,0,0,0
47,2,1,0,1,0,1,0,4.1961,1,27,0,0,0
39,2,1,0,1,0,1,1,4.3681,1,24,0,0,0
55,2,0,0,1,0,1,0,4.4887,1,26,0,0,0
57,2,1,0,1,0,1,1,4.4384,1,27,0,0,0
58,2,1,0,1,0,1,0,4.2997,1,28,0,0,0
50,2,1,0,1,0,1,1,4.266,1,25,0,0,0
48,2,1,0,1,0,1,0,4.4864,1,26,0,0,0
44,2,1,0,1,0,1,0,4.2805,1,24,0,0,0
45,2,0,0,1,0,1,1,4.2583,1,25,0,0,0
48,2,0,0,1,0,1,0,4.5276,1,26,0,0,0
34,1,1,0,0,0,0,0,4.0797,1,11,0,1,0
33,3,0,0,1,0,0,0,3.9603,1,15,0,1,0
33,3,0,0,1,0,0,0,3.9832,1,15,0,1,0
47,2,0,0,1,0,1,1,4.3518,1,26,0,0,0
48,2,1,0,1,0,1,0,4.3635,1,28,0,0,0
33,2,1,0,1,0,1,0,4.3091,1,25,0,0,0
46,2,1,0,1,0,1,0,4.3174,1,26,0,0,0
39,2,1,0,1,0,1,1,4.3168,1,24,0,0,0
46,2,0,0,1,0,1,0,4.3688,1,26,0,0,0
49,2,1,0,1,0,1,1,4.1979,1,28,0,0,1
28,1,0,0,0,0,1,0,4.182,1,21,0,0,0
50,2,1,0,1,0,1,0,4.4942,1,27,0,0,0
54,2,1,0,1,0,1,1,4.2931,1,29,0,0,0
44,2,0,0,1,0,1,1,4.4057,1,24,0,0,0
51,2,0,0,1,0,1,1,4.398,1,29,0,0,0
51,2,0,0,1,0,1,1,4.4521,1,29,0,0,0
50,2,1,0,1,0,1,1,4.266,1,25,0,0,0
45,2,1,0,1,0,1,0,4.286,1,24,0,0,0
54,2,1,0,1,0,1,0,4.4451,1,24,0,0,0
45,3,1,0,1,0,1,0,4.4579,1,26,0,0,0
49,2,0,0,1,0,1,1,4.2416,1,25,0,0,0
49,2,1,0,1,0,1,0,4.3286,1,28,0,0,0
45,3,1,0,1,0,1,1,4.2997,1,26,0,0,0
50,2,0,0,1,0,1,1,4.2562,1,26,0,0,0
47,2,1,0,1,0,1,0,4.4083,1,24,0,0,0
38,2,1,0,1,0,0,1,4.0606,0,15,0,1,0
46,2,1,0,1,0,1,0,4.4038,1,25,0,0,0
50,2,0,0,1,0,1,1,4.3933,1,26,0,0,0
23,2,0,0,1,0,0,0,3.882,1,16,0,1,0
31,2,1,0,1,0,0,1,3.8574,0,10,0,1,0
56,2,1,0,1,0,1,0,4.4664,1,26,0,0,0
42,1,1,0,0,0,1,1,4.2501,1,21,0,0,0
49,2,1,0,1,0,1,1,4.3212,1,24,0,0,0
47,2,1,0,1,0,1,1,4.2646,1,26,0,0,0
53,2,1,0,1,0,1,1,4.1708,1,28,0,0,0
47,2,1,0,1,0,1,1,4.3497,1,26,0,0,0
49,2,1,0,1,0,1,0,4.4256,1,26,0,0,0
40,2,1,0,1,0,0,1,3.9251,1,15,0,1,0
56,2,1,0,1,0,1,1,4.3271,1,26,0,0,0
44,3,0,0,1,0,1,1,4.3654,1,26,0,0,0
45,2,1,0,1,0,1,0,4.3304,1,24,0,0,0
43,3,1,0,1,0,1,0,4.4372,1,24,0,0,0
45,1,0,0,0,0,1,1,4.2524,1,21,0,0,0
38,2,0,0,1,0,1,1,4.234,1,24,0,0,0
47,2,1,0,1,0,1,1,4.3072,1,26,0,0,0
49,2,1,0,1,0,1,1,4.1679,1,24,0,0,0
36,3,0,0,1,0,0,0,4.1552,1,18,0,1,0
41,1,0,0,0,0,1,0,4.2779,1,21,0,0,0
47,2,1,0,1,0,1,1,4.3497,1,26,0,0,0
32,2,1,0,1,0,1,0,4.007,1,24,0,0,0
54,2,1,0,1,0,1,0,4.5581,1,31,0,0,0
41,2,0,0,1,0,1,1,4.485,1,27,0,0,0
51,2,0,0,1,0,1,0,4.3748,1,31,0,0,0
34,2,0,0,1,0,0,0,4.1019,1,14,0,1,0
37,2,1,0,1,0,0,0,4.0006,1,17,0,1,0
45,2,1,0,1,0,1,0,4.2144,1,23,0,0,0
45,2,1,0,1,0,0,0,4.0811,1,15,0,1,0
47,3,1,0,1,0,1,0,4.3197,1,28,0,0,0
49,2,0,0,1,0,1,0,4.3948,1,28,0,0,0
56,2,1,0,1,0,1,0,4.4307,1,26,0,0,0
38,2,1,0,1,0,0,1,4.096,1,17,0,1,0
47,2,1,0,1,0,1,0,4.4166,1,25,0,0,1
47,2,1,0,1,0,1,0,4.2221,1,26,0,0,0
34,2,1,0,1,0,1,0,4.3738,1,26,0,0,0
37,2,1,0,1,0,0,0,4.0468,1,15,0,1,0
54,2,0,0,1,0,1,1,4.3978,1,30,0,0,0
47,2,1,0,1,0,1,0,4.3658,1,24,0,0,0
45,2,0,0,1,0,1,1,4.3726,1,25,0,0,0
49,2,1,0,1,0,1,1,4.2241,1,24,0,0,0
48,2,1,0,1,0,1,0,4.4626,1,25,0,0,0
38,2,1,0,1,0,1,1,4.2866,1,23,0,0,0
46,2,1,0,1,0,1,0,4.3773,1,24,0,0,0
38,2,0,0,1,0,0,0,4.1883,0,17,0,1,0
47,2,1,0,1,0,1,1,4.3476,1,26,0,0,0
30,2,1,0,1,0,0,1,4.0314,1,15,0,1,0
48,2,1,0,1,0,1,0,4.2645,1,26,0,0,0
34,2,1,0,1,0,1,0,4.2195,1,26,0,0,0
32,1,1,0,0,0,0,1,3.9528,0,11,0,1,0
46,3,1,0,1,0,1,1,4.4087,1,27,0,0,0
38,2,1,0,1,0,1,1,4.234,1,23,0,0,0
45,3,1,0,1,0,1,0,4.3581,1,26,0,0,0
36,2,1,0,1,0,0,0,4.0651,1,15,0,1,0
44,2,1,0,1,0,1,1,4.3454,1,29,0,0,0
47,2,1,0,1,0,1,1,4.4348,1,27,0,0,0
33,2,1,0,1,0,1,0,4.1879,1,25,0,0,0
43,3,1,0,1,0,1,0,4.3731,1,24,0,0,0
47,2,1,0,1,0,0,1,4.2994,1,17,0,1,0
50,2,0,0,1,0,1,1,4.3035,1,26,0,0,0
40,2,1,0,1,0,0,0,4.2628,1,17,0,1,0
23,2,0,0,1,0,0,0,3.882,1,16,0,1,0
44,2,1,0,1,0,0,0,4.2522,1,14,0,1,0
43,3,1,0,1,0,1,0,4.2801,1,24,0,0,0
46,2,1,0,1,0,1,0,4.4828,1,26,0,0,0
54,2,1,0,1,0,1,0,4.5581,1,31,0,0,0
48,2,1,0,1,0,1,0,4.4052,1,25,0,0,0
46,2,1,0,1,0,1,1,4.3688,1,26,0,0,0
50,2,0,0,1,0,1,0,4.4713,1,28,0,0,0
36,2,1,0,1,0,1,0,4.1042,1,28,0,0,0
44,2,1,0,1,0,1,0,4.3171,1,23,0,0,0
46,2,1,0,1,0,1,0,4.4038,1,25,0,0,0
51,2,1,0,1,0,1,0,4.3923,1,28,0,0,0
57,2,1,0,1,0,1,1,4.5086,1,27,0,0,0
46,3,1,0,1,0,1,1,4.4087,1,27,0,0,0
41,1,0,0,0,0,1,0,4.2779,1,21,0,0,0
33,2,1,0,1,0,1,0,4.2485,1,25,0,0,0
47,3,1,0,1,0,1,0,4.2772,1,28,0,0,0
54,2,1,0,1,0,1,0,4.4032,1,24,0,0,0
40,2,1,0,1,0,1,1,4.3087,1,25,0,0,0
30,2,0,0,1,0,1,0,4.1647,1,23,0,0,0
49,2,1,0,1,0,1,1,4.457,1,26,0,0,0
48,2,1,0,1,0,1,0,4.4783,1,25,0,0,0
46,2,0,0,1,0,1,1,4.3338,1,26,0,0,0
33,2,1,0,1,0,1,0,4.3091,1,25,0,0,0
27,2,1,0,1,0,0,0,4.0603,1,19,0,1,0
52,2,1,0,1,0,1,0,4.3653,1,31,0,0,0
48,2,1,0,1,0,1,0,4.4469,1,25,0,0,0
45,2,0,0,1,0,1,0,4.4637,1,25,0,0,0
37,2,1,0,1,0,0,0,3.9927,1,16,0,1,0
45,2,0,0,1,0,1,1,4.3835,1,26,0,0,0
42,2,1,0,1,0,0,1,4.062,0,17,0,1,0
48,2,0,0,1,0,0,0,4.2207,1,19,0,1,0
40,2,0,0,1,0,1,1,4.3653,1,26,0,0,0
47,2,1,0,1,0,1,1,4.3497,1,26,0,0,0
47,2,1,0,1,0,1,0,4.3741,1,25,0,0,0
50,2,1,0,1,0,1,1,4.2962,1,25,0,0,0
46,2,1,0,1,0,1,0,4.2575,1,26,0,0,0
50,2,1,0,1,0,1,0,4.2402,1,28,0,0,0
46,2,1,0,1,0,1,0,4.4828,1,26,0,0,0
47,2,0,0,1,0,1,0,4.4747,1,25,0,0,0
35,2,1,0,1,0,0,1,4.0116,1,14,1,1,0
40,2,1,0,0,0,1,0,4.3276,1,21,0,0,0
45,2,0,0,1,0,1,0,4.3413,1,25,0,0,0
53,2,1,0,1,0,1,0,4.4027,1,23,0,0,0
44,3,1,0,1,0,1,0,4.3565,1,25,0,0,0
40,2,1,0,1,0,1,1,4.4276,1,25,0,0,1
43,3,1,0,1,0,1,0,4.4372,1,24,0,0,0
48,2,1,0,1,0,1,1,4.2071,1,23,0,0,0
58,2,1,0,1,0,1,0,4.3342,1,28,0,0,0
55,2,1,0,1,0,1,0,4.4817,1,25,0,0,0
41,2,0,0,1,0,0,1,4.046,0,17,0,1,0
47,3,1,0,1,0,1,0,4.4452,1,28,0,0,0
47,3,1,0,1,0,1,0,4.3197,1,28,0,0,0
47,3,1,0,1,0,1,0,4.4027,1,28,0,0,0
37,3,0,0,1,0,1,0,4.3374,0,19,0,1,0
47,2,1,0,1,0,1,0,4.3155,1,25,0,0,0
47,2,1,0,1,0,1,1,4.347,1,26,0,0,0
45,2,0,0,1,0,1,1,4.3413,1,31,0,0,0
31,2,1,0,1,0,1,0,4.0826,1,23,0,0,0
42,3,1,0,1,0,1,0,4.3024,1,23,0,0,0
38,2,1,0,1,0,1,0,4.3039,1,30,0,0,0
46,2,0,0,1,0,1,0,4.3874,1,24,0,0,0
56,2,0,0,1,0,1,1,4.5309,1,27,0,0,0
50,2,1,0,1,0,1,1,4.5513,1,27,0,0,0
34,2,0,0,1,0,1,0,4.0545,1,27,0,0,0
48,2,1,0,1,0,1,1,4.4387,1,27,0,0,0
45,2,1,0,1,0,1,0,4.3916,1,24,0,0,0
44,3,0,0,1,0,1,0,4.3282,1,26,0,0,0
42,2,1,0,1,0,1,1,4.475,1,27,0,0,0
34,2,1,0,1,0,0,0,3.9476,1,12,0,1,0
16,2,0,0,1,0,0,0,3.5,0,9,0,1,1
40,2,1,0,1,0,1,1,4.4276,1,25,0,0,0
43,2,1,0,1,0,1,1,4.2488,1,28,0,0,0
51,2,1,0,1,0,1,1,4.3268,1,26,0,0,0
44,3,1,0,1,0,1,0,4.4019,1,25,0,0,0
58,2,1,0,1,0,1,0,4.3342,1,28,0,0,0
51,2,1,0,1,0,1,0,4.3531,1,28,0,0,0
42,3,1,0,1,0,1,0,4.3501,1,23,0,0,0
35,2,0,0,1,0,1,0,4.0687,1,28,0,0,0
51,2,0,0,1,0,1,1,4.3111,1,27,0,0,0
52,2,1,0,1,0,1,1,4.4632,1,31,0,0,0
46,2,1,0,1,0,0,0,4.187,1,16,0,1,0
40,2,0,0,1,0,0,1,3.9726,1,16,0,1,0
32,2,1,0,1,0,1,0,4.3042,1,24,0,0,0
47,2,0,0,1,0,1,0,4.3559,1,26,0,0,0
36,1,1,0,0,0,1,1,4.2317,1,21,0,0,0
45,2,0,0,1,0,1,0,4.3413,1,25,0,0,0
39,2,1,0,1,0,1,1,4.2268,1,24,0,0,0
32,2,0,0,1,0,1,0,4.1792,1,25,0,0,0
45,3,1,0,1,0,1,0,4.369,1,26,0,0,0
32,3,1,0,1,0,0,0,4.1556,1,13,0,1,0
51,1,1,0,0,0,1,0,4.31,1,21,0,0,0
35,2,0,0,1,0,0,0,3.9217,1,15,1,1,1
40,2,1,0,1,0,1,1,4.3087,1,25,0,0,0
45,3,1,0,1,0,1,0,4.5023,1,26,0,0,0
33,2,0,0,1,0,1,1,4.2336,1,26,0,0,0
48,2,1,0,1,0,1,1,4.2071,1,23,0,0,0
44,2,0,0,1,0,1,0,4.3199,1,25,0,0,0
44,3,0,0,1,0,1,0,4.3565,1,26,0,0,0
54,2,0,0,1,0,1,0,4.4681,1,25,0,0,0
34,2,1,0,1,0,1,0,4.1973,1,26,0,0,0
48,2,1,0,1,0,1,1,4.3061,1,27,0,0,0
44,2,1,0,1,0,1,1,4.261,1,23,0,0,0
38,2,1,0,1,0,0,0,3.9977,0,17,0,1,0
50,2,0,0,1,0,1,0,4.384,1,31,0,0,0
53,2,0,0,1,0,1,0,4.3977,1,24,0,0,0
49,2,1,0,1,0,1,1,4.4162,1,26,0,0,0
39,2,1,0,1,0,1,1,4.2781,1,24,0,0,0
50,2,1,0,1,0,1,1,4.2864,1,29,0,0,0
47,2,1,0,1,0,1,1,4.275,1,25,0,0,0
33,2,1,0,1,0,1,0,4.1273,1,25,0,0,0
49,2,1,0,1,0,1,0,4.2878,1,28,0,0,0
34,2,1,0,1,0,0,0,4.1973,0,11,0,1,0
39,2,1,0,1,0,0,0,4.0604,1,18,0,1,0
40,2,1,0,1,0,1,1,4.3087,1,25,0,0,0
49,2,1,0,1,0,1,1,4.2241,1,24,0,0,1
49,2,0,0,1,0,1,1,4.2824,1,25,0,0,0
45,2,1,0,1,0,0,0,4.1364,1,15,1,1,0
47,2,1,0,1,0,1,1,4.2459,1,26,0,0,0
47,2,0,0,1,0,1,0,4.3741,1,26,0,0,0
45,2,1,0,1,0,1,1,4.267,1,25,0,0,0
48,2,1,0,1,0,1,0,4.3717,1,26,0,0,0
44,3,0,0,1,0,1,0,4.51,1,26,0,0,0
49,2,1,0,1,0,1,1,4.457,1,26,0,0,0
41,2,1,0,1,0,1,1,4.3571,1,26,0,0,0
47,2,1,0,1,0,0,1,4.3232,0,17,0,1,0
56,2,1,0,1,0,1,1,4.3985,1,31,0,0,1
19,2,0,0,1,0,0,1,3.4714,1,12,0,1,0
51,2,1,0,1,0,1,1,4.3139,1,29,0,0,0
45,2,0,0,1,0,0,0,4.2502,1,16,0,1,0
34,1,1,0,0,0,0,0,4.0875,1,11,0,1,0
42,2,0,0,1,0,1,0,4.2345,1,23,0,0,0
32,2,1,0,1,0,1,0,4.2417,1,24,0,0,0
48,2,0,0,1,0,1,1,4.2823,1,24,0,0,0
52,2,1,0,1,0,1,1,4.3226,1,27,0,0,0
43,2,1,0,1,0,1,1,4.3328,1,28,0,0,0
40,2,1,0,0,0,1,0,4.3776,1,21,0,0,0
36,1,1,0,0,0,1,1,4.2873,1,21,0,0,0
50,2,0,0,1,0,0,0,4.264,1,21,0,1,0
45,2,1,0,1,0,1,0,4.2611,1,25,0,0,0
53,2,1,0,1,0,1,1,4.3122,1,28,0,0,0
51,1,1,0,0,0,1,0,4.3884,1,21,0,0,0
53,2,1,0,1,0,1,0,4.4,1,31,0,0,0
42,2,1,0,1,0,0,0,3.8739,0,21,0,1,0
28,1,0,0,0,0,1,0,4.182,1,21,0,0,0
48,2,0,0,1,0,1,1,4.3533,1,26,0,0,0
49,2,1,0,1,0,1,0,4.2937,1,28,0,0,0
39,2,1,0,1,0,1,1,4.2268,1,24,0,0,0
42,3,0,0,1,0,1,0,4.4453,1,24,0,0,0
37,2,0,0,1,0,0,0,4.108,1,17,0,1,0
45,2,1,0,1,0,1,0,4.3223,1,25,0,0,0
47,2,0,0,1,0,1,0,4.3741,1,26,0,0,0
45,2,0,0,1,0,1,0,4.35,1,26,0,0,0
46,2,1,0,1,0,1,0,4.3794,1,26,0,0,0
39,2,0,0,0,0,1,0,4.3875,1,21,0,0,0
48,2,0,0,1,0,1,1,4.4366,1,26,0,0,0
39,2,1,0,1,0,0,0,4.1891,1,16,1,1,0
41,2,1,0,1,0,1,1,4.3755,1,26,0,0,0
45,2,1,0,1,0,1,1,4.2757,1,24,0,0,0
36,2,1,0,1,0,1,0,4.2391,1,28,0,0,1
48,2,1,0,1,0,1,1,4.2904,1,26,0,0,0
47,2,1,0,1,0,1,0,4.3232,1,26,0,0,1
43,2,1,0,1,0,1,1,4.2023,1,28,0,0,0
31,2,1,0,1,0,0,1,3.9779,1,16,0,1,0
35,2,1,0,1,0,1,1,4.243,1,27,0,0,0
33,2,0,0,1,0,0,1,4.1124,1,13,0,1,0
54,2,1,0,1,0,1,1,4.2561,1,29,0,0,0
47,2,1,0,1,0,0,1,3.9263,1,22,0,1,0
36,2,1,0,1,0,1,0,4.2947,1,28,0,0,0
51,2,1,0,1,0,1,1,4.3756,1,26,0,0,0
33,2,0,0,1,0,1,0,4.332,1,26,0,0,0
47,2,1,0,1,0,1,1,4.3901,1,26,0,0,0
54,2,1,0,1,0,1,0,4.3521,1,24,0,0,0
47,2,0,0,1,0,1,1,4.2242,1,23,0,0,0
46,3,0,0,1,0,1,0,4.45,1,28,0,0,1
31,2,1,0,1,0,0,1,3.9621,1,10,0,1,0
48,2,0,0,1,0,1,1,4.2823,1,24,0,0,0
36,2,1,0,1,0,1,0,4.0487,1,28,0,0,0
39,2,1,0,1,0,0,0,4.2336,1,16,0,1,1
45,2,1,0,1,0,0,1,4.1635,1,20,0,1,0
44,2,1,0,1,0,1,0,4.2805,1,24,0,0,0
47,2,1,0,1,0,1,0,4.4509,1,24,0,0,0
47,3,1,0,1,0,1,0,4.3197,1,28,0,0,0
47,2,1,0,1,0,1,1,4.3497,1,26,0,0,0
43,3,0,0,1,0,1,0,4.4083,1,25,0,0,1
47,2,1,0,1,0,1,1,4.305,1,26,0,0,0
37,2,1,0,1,0,0,0,3.936,1,16,0,1,0
39,2,0,0,1,0,0,0,3.9453,0,18,0,1,0
32,2,1,0,1,0,0,1,4.0778,1,17,0,1,0
44,3,0,0,1,0,1,0,4.3565,1,26,0,0,0
48,2,1,0,1,0,1,0,4.33,1,26,0,0,0
47,2,1,0,1,0,1,0,4.5095,1,24,0,0,0
40,2,1,0,1,0,1,1,4.4276,1,25,0,0,0
43,3,1,0,1,0,1,0,4.3617,1,24,0,0,0
47,2,1,0,1,0,1,0,4.3658,1,26,0,0,0
37,3,1,0,1,0,0,1,4.0131,1,18,0,1,0
35,2,0,0,1,0,1,0,4.1259,1,28,0,0,0
46,2,1,0,1,0,1,0,4.284,1,25,0,0,0
58,2,1,0,1,0,1,0,4.2867,1,28,0,0,0
39,2,1,0,1,0,0,1,3.9966,1,18,0,1,0
43,3,1,0,1,0,1,0,4.3152,1,24,0,0,0
49,2,0,0,1,0,1,1,4.2624,1,29,0,0,0
35,2,1,0,1,0,0,0,3.9929,1,14,1,1,0
33,2,1,0,1,0,0,1,3.8849,1,12,0,1,0
32,2,0,0,1,0,0,1,3.9375,1,12,0,1,0
31,2,0,0,1,0,0,1,4.0023,1,17,0,1,0
53,2,1,0,1,0,1,0,4.4377,1,31,0,0,0
36,1,1,0,0,0,1,1,4.2873,1,21,0,0,0
43,2,1,0,1,0,0,0,4.0894,1,23,0,1,0
36,2,1,0,1,0,1,0,4.2391,1,28,0,0,0
48,2,1,0,1,0,1,0,4.4626,1,25,0,0,0
48,2,1,0,1,0,1,1,4.3971,1,27,0,0,0
50,2,1,0,1,0,1,1,4.3382,1,29,0,0,0
47,2,1,0,1,0,1,0,4.3658,1,26,0,0,0
46,2,1,0,1,0,1,1,4.3174,1,25,0,0,0
32,1,1,0,0,0,0,0,4.0306,1,10,0,1,0
40,2,1,0,1,0,1,1,4.4276,1,25,0,0,0
53,2,1,0,1,0,1,0,4.3649,1,23,0,0,0
46,2,1,0,1,0,1,0,4.3174,1,24,0,0,0
53,2,1,0,1,0,1,0,4.4404,1,23,0,0,0
47,2,0,0,1,0,1,0,4.5095,1,26,0,0,0
61,2,1,0,1,0,1,0,4.4448,1,31,0,0,1
51,2,1,0,1,0,1,1,4.2355,1,26,0,0,0
37,2,0,0,1,0,1,1,4.1957,0,23,0,1,0
46,2,1,0,1,0,1,1,4.3174,1,25,0,0,0
32,2,1,0,1,0,0,0,3.7775,1,12,0,1,0
54,2,1,0,1,0,1,1,4.2931,1,29,0,0,0
47,2,1,0,1,0,1,0,4.289,1,25,0,0,0
37,2,0,0,1,0,0,1,4.1753,1,17,0,1,0
50,2,1,0,1,0,1,1,4.3382,1,29,0,0,0
38,2,0,0,1,0,1,1,4.379,1,24,0,0,0
56,2,1,0,1,0,1,0,4.4442,1,26,0,0,0
34,2,1,0,1,0,1,0,4.2339,1,26,0,0,0
40,2,0,0,1,0,0,0,4.1087,1,20,0,1,0
45,2,0,0,1,0,1,0,4.4193,1,25,0,0,0
48,2,1,0,1,0,1,1,4.3321,1,26,0,0,0
52,2,1,0,1,0,1,1,4.4632,1,31,0,0,0
50,2,0,0,1,0,1,0,4.384,1,31,0,0,0
33,3,1,0,1,0,0,0,4.0815,0,14,0,1,0
33,2,0,0,1,0,1,0,4.2862,1,26,0,0,0
57,2,0,0,1,0,1,0,4.4355,1,28,0,0,1
33,3,0,0,1,0,0,1,4.0209,1,15,0,1,0
40,2,0,0,1,0,1,1,4.3964,1,26,0,0,0
48,2,1,0,1,0,1,0,4.4052,1,28,0,0,0
34,2,0,0,1,0,0,1,4.1973,0,20,0,1,0
50,2,1,0,1,0,1,1,4.5113,1,27,0,0,0
47,2,1,0,1,0,1,0,4.4509,1,24,0,0,0
36,1,0,0,0,0,0,0,4.1388,1,17,0,1,0
56,2,0,0,1,0,1,1,4.4951,1,27,0,0,0
32,2,0,0,1,0,1,0,4.3278,1,25,0,0,0
30,2,1,0,1,0,0,0,4.0981,1,22,0,1,1
21,2,0,0,1,0,0,0,3.5538,0,14,0,1,0
41,2,0,0,1,0,1,1,4.2018,1,27,0,0,1
49,2,0,0,1,0,1,1,4.3212,1,29,0,0,0
33,2,1,0,1,0,1,0,4.165,1,25,0,0,0
36,2,0,0,1,0,0,0,4.1835,1,14,0,1,0
49,2,1,0,1,0,1,1,4.4978,1,27,0,0,0
42,2,1,0,1,0,1,1,4.475,1,27,0,0,0
45,2,1,0,1,0,1,0,4.2611,1,25,0,0,1
40,2,1,0,1,0,1,1,4.2587,1,25,0,0,0
48,2,1,0,1,0,1,1,4.2904,1,26,0,0,0
35,2,0,0,1,0,0,0,4.0931,1,14,0,1,0
48,2,0,0,1,0,1,0,4.5276,1,26,0,0,0
49,2,1,0,1,0,1,0,4.2529,1,28,0,0,0
34,2,1,0,1,0,1,0,4.2339,1,26,0,0,0
53,2,1,0,1,0,1,1,4.3499,1,28,0,0,0
56,2,1,0,1,0,1,0,4.4172,1,26,0,0,0
48,2,1,0,1,0,1,1,4.3971,1,27,0,0,0
52,2,1,0,1,0,1,1,4.4632,1,31,0,0,0
48,2,1,0,1,0,1,0,4.4864,1,26,0,0,0
50,2,1,0,1,0,1,1,4.1582,1,25,0,0,0
41,2,1,0,1,0,1,1,4.3083,1,26,0,0,0
45,2,0,0,1,0,1,1,4.3391,1,26,0,0,0
50,3,1,0,1,0,1,0,4.4182,1,31,0,0,0
34,1,0,0,0,0,1,1,4.2339,1,20,0,0,0
47,2,1,0,1,0,1,1,4.3476,1,26,0,0,1
32,2,0,0,1,0,1,0,4.3278,1,25,0,0,0
48,2,1,0,1,0,1,1,4.3457,1,27,0,0,0
49,2,1,0,1,0,1,1,4.2649,1,24,0,0,0
36,2,1,0,1,0,0,0,3.9931,1,16,0,1,0
43,2,1,0,1,0,0,0,4.1734,1,13,0,1,0
41,2,1,0,1,0,1,1,4.3571,1,26,0,0,0
29,2,0,0,1,0,1,0,4.0902,1,22,0,0,0
47,2,1,0,1,0,1,0,4.4,1,26,0,0,0
50,2,0,0,1,0,1,1,4.3362,1,29,0,0,0
48,2,1,0,1,0,1,0,4.4448,1,26,0,0,0
45,3,0,0,1,0,1,1,4.4134,1,27,0,0,0
44,2,0,0,1,0,1,0,4.3542,1,25,0,0,0
43,2,0,0,1,0,1,0,4.2954,1,24,0,0,0
21,2,1,0,1,0,0,0,3.6897,0,13,0,1,0
56,2,1,0,1,0,1,0,4.4599,1,26,0,0,0
46,2,1,0,1,0,1,0,4.336,1,26,0,0,0
50,1,1,0,0,0,1,0,4.3342,1,20,0,0,0
41,2,0,0,1,0,0,1,4.0708,0,21,0,1,0
45,2,1,0,1,0,1,0,4.286,1,24,0,0,0
46,2,0,0,1,0,1,0,4.4743,1,24,0,0,0
36,2,1,0,1,0,0,0,4.0277,0,16,0,1,0
39,2,1,0,1,0,1,1,4.2268,1,24,0,0,0
53,2,1,0,1,0,1,1,4.2008,1,28,0,0,1
44,3,1,0,1,0,1,0,4.3393,1,25,0,0,0
36,3,1,0,1,0,0,0,4.0067,1,17,1,1,0
33,2,0,0,1,0,1,0,4.1879,1,26,0,0,0
48,2,1,0,1,0,0,0,4.0846,1,18,0,1,0
40,2,1,0,1,0,1,1,4.3087,1,25,0,0,0
34,2,1,0,1,0,1,0,4.2195,1,26,0,0,0
51,2,1,0,1,0,1,0,4.5061,1,28,0,0,0
54,2,0,0,1,0,1,0,4.3661,1,25,0,0,0
28,2,0,0,1,0,0,1,3.9408,1,14,0,1,0
48,2,1,0,1,0,1,0,4.4864,1,26,0,0,0
40,1,0,0,0,0,1,0,4.3251,1,21,0,0,0
21,1,1,0,0,0,0,0,3.5585,1,13,1,1,0
48,2,0,0,1,0,1,1,4.2406,1,24,0,0,0
50,2,1,0,1,0,1,0,4.3362,1,28,0,0,0
48,2,0,0,1,0,1,1,4.3813,1,28,0,0,0
39,2,0,0,0,0,1,0,4.3875,1,21,0,0,0
36,2,0,0,1,0,0,0,4.1835,1,14,0,1,0
54,2,1,0,1,0,1,1,4.2931,1,29,0,0,1
25,2,1,0,1,0,0,0,3.7533,1,17,0,1,0
44,3,1,0,1,0,1,0,4.3282,1,25,0,0,0
50,2,1,0,1,0,1,1,4.3382,1,29,0,0,0
54,2,0,0,1,0,1,0,4.3873,1,25,0,0,0
54,2,1,0,1,0,1,0,4.3661,1,24,0,0,1
44,3,0,0,1,0,1,0,4.4019,1,26,0,0,0
47,3,1,0,1,0,1,0,4.4452,1,28,0,0,0
46,2,1,0,1,0,1,1,4.3174,1,25,0,0,0
50,2,1,0,1,0,1,1,4.2464,1,29,0,0,0
32,2,1,0,1,0,1,0,4.2417,1,24,0,0,0
42,3,0,0,1,0,1,0,4.4453,1,24,0,0,0
46,2,0,0,1,0,1,1,4.45,1,27,0,0,0
42,3,0,0,1,0,1,0,4.3024,1,24,0,0,0
42,2,1,0,1,0,0,0,4.2408,1,12,0,1,0
37,2,1,0,1,0,0,0,3.9591,0,16,0,1,0
39,2,1,0,1,0,0,0,4.221,0,16,0,1,0
57,2,1,0,1,0,1,1,4.5569,1,27,0,0,0
50,2,0,0,1,0,1,1,4.3533,1,26,0,0,0
43,2,0,0,1,0,1,1,4.3617,1,29,0,0,0
36,2,1,0,1,0,0,1,3.9166,1,15,0,1,1
35,2,1,0,1,0,0,1,3.8757,1,14,0,1,0
31,2,1,0,1,0,1,0,4.0826,1,23,0,0,0
46,2,1,0,1,0,1,0,4.336,1,26,0,0,0
42,2,1,0,1,0,0,0,4.0823,1,20,0,1,0
43,2,1,0,1,0,1,0,4.2664,1,23,0,0,0
53,2,1,0,1,0,1,1,4.3499,1,28,0,0,0
39,2,1,0,1,0,1,1,4.2781,1,24,0,0,0
34,2,1,0,1,0,1,1,4.1607,1,26,0,0,0
43,3,1,0,1,0,1,0,4.3617,1,24,0,0,0
34,2,1,0,1,0,1,0,4.1607,1,26,0,0,0
47,3,1,0,1,0,1,0,4.3197,1,28,0,0,0
47,2,1,0,1,0,1,1,4.3497,1,26,0,0,0
46,2,1,0,1,0,1,0,4.4043,1,26,0,0,0
40,2,0,0,1,0,1,1,4.2776,1,26,0,0,0
42,2,0,0,1,0,1,0,4.2821,1,23,0,0,0
38,2,1,0,1,0,1,1,4.1615,1,23,0,0,0
47,2,1,0,1,0,1,1,4.347,1,26,0,0,0
48,2,1,0,1,0,1,0,4.4783,1,25,0,0,0
46,2,1,0,1,0,1,0,4.3959,1,23,0,0,0
36,2,1,0,1,0,0,1,3.9512,1,15,0,1,0
46,2,0,0,1,0,1,1,4.3688,1,26,0,0,0
37,2,0,0,1,0,1,1,4.2426,1,23,0,0,1
45,2,1,0,1,0,1,1,4.2144,1,24,0,0,0
46,2,1,0,1,0,1,1,4.3253,1,26,0,0,0
47,2,0,0,1,0,1,1,4.1656,1,23,0,0,0
47,2,1,0,1,0,1,1,4.3476,1,26,0,0,0
45,2,0,0,1,0,1,0,4.3136,1,23,0,0,0
39,2,1,0,1,0,0,1,3.8553,1,14,0,1,0
44,2,0,0,1,0,1,0,4.4534,1,24,0,0,0
23,2,1,0,1,0,0,0,3.7951,1,15,0,1,1
52,2,1,0,1,0,1,1,4.4632,1,31,0,0,0
30,2,1,0,1,0,0,0,3.9199,0,10,0,1,0
32,2,1,0,1,0,1,0,4.0931,1,24,0,0,0
45,3,1,0,1,0,1,0,4.4579,1,26,0,0,0
53,2,1,0,1,0,1,0,4.3507,1,23,0,0,0
47,2,1,0,1,0,1,0,4.2807,1,26,0,0,0
36,2,1,0,1,0,1,0,4.1042,1,28,0,0,0
43,1,1,0,0,0,1,0,4.293,1,21,0,0,0
46,2,1,0,1,0,1,0,4.284,1,25,0,0,0
44,2,0,0,1,0,1,0,4.3454,1,24,0,0,0
56,2,1,0,1,0,1,1,4.3763,1,26,0,0,0
49,2,0,0,1,0,1,1,4.2624,1,29,0,0,1
44,3,1,0,1,0,1,0,4.3848,1,25,0,0,0
40,2,1,0,1,0,1,1,4.3087,1,25,0,0,0
50,2,1,0,1,0,1,0,4.2402,1,28,0,0,0
46,2,1,0,1,0,1,0,4.284,1,25,0,0,0
46,2,1,0,1,0,1,0,4.4043,1,26,0,0,0
35,2,0,0,1,0,1,0,4.1259,1,28,0,0,0
36,2,1,0,1,0,0,0,4.1416,1,14,0,1,0
31,2,1,0,1,0,0,1,4.0424,0,16,0,1,0
48,2,1,0,1,0,1,1,4.4031,1,25,0,0,0
43,3,1,0,1,0,1,0,4.3617,1,24,0,0,0
48,2,1,0,1,0,1,0,4.4864,1,26,0,0,0
37,2,0,0,1,0,0,0,4.2062,1,15,0,1,0
35,2,1,0,1,0,0,1,4.0004,1,14,0,1,0
47,2,1,0,1,0,1,0,4.3741,1,25,0,0,0
46,2,1,0,1,0,1,0,4.3773,1,24,0,0,0
41,2,1,0,1,0,1,1,4.3571,1,26,0,0,0
48,2,1,0,1,0,1,0,4.4448,1,26,0,0,0
38,2,1,0,1,0,0,0,4.0381,1,18,0,1,0
27,2,1,0,1,0,0,0,3.7919,1,19,0,1,0
45,3,1,0,1,0,1,0,4.3858,1,26,0,0,0
38,2,0,0,1,0,1,0,4.3237,1,31,0,0,0
34,2,1,0,1,0,1,0,4.1973,1,26,0,0,0
48,2,1,0,1,0,0,0,4.2385,1,18,0,1,0
36,2,1,0,1,0,0,1,3.9267,1,15,0,1,0
47,2,1,0,1,0,1,0,4.4166,1,25,0,0,0
29,1,1,0,0,0,1,0,3.9952,1,21,0,0,0
44,2,1,0,1,0,1,1,4.2999,1,29,0,0,0
45,2,1,0,1,0,1,0,4.2611,1,25,0,0,0
47,2,1,0,1,0,0,0,4.3818,1,17,0,1,0
33,2,0,0,1,0,0,1,3.9077,0,13,0,1,0
35,2,0,0,1,0,1,0,4.3077,1,28,0,0,0
47,2,1,0,1,0,1,1,4.305,1,26,0,0,0
49,2,1,0,1,0,1,0,4.4356,1,26,0,0,0
58,2,0,0,1,0,1,1,4.3468,1,29,0,0,1
52,2,0,0,1,0,1,0,4.3736,1,23,0,0,0
21,2,1,0,1,0,0,0,3.6897,1,13,0,1,0
34,2,1,0,1,0,1,0,4.315,1,26,0,0,0
44,2,0,0,1,0,1,0,4.2805,1,23,0,0,0
43,1,1,0,0,0,1,0,4.293,1,21,0,0,0
50,2,0,0,1,0,1,1,4.3762,1,29,0,0,0
44,2,0,0,1,0,1,1,4.3431,1,24,0,0,0
44,2,1,0,1,0,1,0,4.3171,1,23,0,0,0
43,3,1,0,1,0,1,0,4.4837,1,24,0,0,0
52,2,1,0,1,0,1,1,4.4632,1,31,0,0,0
29,2,1,0,1,0,0,0,3.837,1,21,0,1,0
39,2,1,0,1,0,1,1,4.3681,1,24,0,0,0
40,2,0,0,1,0,1,1,4.3776,1,26,0,0,0
35,2,0,0,1,0,0,1,3.8757,0,16,0,1,0
45,2,1,0,1,0,1,1,4.3813,1,24,0,0,1
57,2,1,0,1,0,1,0,4.2824,1,27,0,0,0
49,2,1,0,1,0,1,0,4.2878,1,28,0,0,0
46,2,0,0,1,0,1,1,4.3253,1,26,0,0,0
33,2,1,0,1,0,0,0,4.0289,0,11,0,1,0
34,2,1,0,1,0,1,0,4.2561,1,26,0,0,0
49,2,1,0,1,0,1,0,4.2529,1,28,0,0,0
44,3,0,0,1,0,1,0,4.4646,1,26,0,0,0
48,2,1,0,1,0,1,0,4.3122,1,26,0,0,0
44,1,1,0,0,0,1,0,4.3885,1,21,0,0,0
47,2,1,0,1,0,1,0,4.2807,1,26,0,0,0
34,2,1,0,1,0,1,1,4.1607,1,26,0,0,0
28,1,0,0,0,0,1,0,4.182,1,21,0,0,0
47,2,1,0,1,0,1,1,4.3497,1,26,0,0,0
36,1,1,0,0,0,1,1,4.1552,1,21,0,0,0
38,2,1,0,1,0,0,0,4.2608,1,15,1,1,0
40,1,1,0,0,0,1,0,4.2439,1,20,0,0,0
35,2,0,0,1,0,1,0,4.1259,1,28,0,0,0
39,2,1,0,1,0,1,1,4.2268,1,24,0,0,0
46,2,1,0,1,0,1,0,4.2925,1,26,0,0,0
50,2,1,0,1,0,1,1,4.2313,1,25,0,0,0
43,3,1,0,1,0,1,0,4.3907,1,24,0,0,0
47,3,1,0,1,0,1,0,4.4452,1,28,0,0,0
47,2,0,0,1,0,1,0,4.5095,1,26,0,0,0
44,2,1,0,1,0,1,1,4.3065,1,23,0,0,0
48,2,0,0,1,0,1,0,4.494,1,26,0,0,0
46,2,1,0,1,0,1,0,4.336,1,23,0,0,0
56,2,1,0,1,0,1,0,4.4307,1,26,0,0,0
43,1,1,0,0,0,1,0,4.293,1,21,0,0,0
47,2,1,0,1,0,1,1,4.3497,1,26,0,0,0
52,2,1,0,1,0,1,1,4.4285,1,29,0,0,0
54,2,1,0,1,0,1,1,4.2931,1,29,0,0,0
51,1,1,0,0,0,1,0,4.2952,1,21,0,0,0
41,2,1,0,1,0,0,0,4.1531,1,21,0,1,0
53,2,0,0,1,0,1,0,4.4119,1,24,0,0,1
42,1,1,0,0,0,1,1,4.2501,1,21,0,0,0
56,2,1,0,1,0,1,1,4.3985,1,31,0,0,0
55,2,1,0,1,0,1,0,4.4453,1,25,0,0,0
44,3,1,0,1,0,1,0,4.3282,1,25,0,0,0
45,2,1,0,1,0,1,1,4.3114,1,25,0,0,0
45,2,0,0,1,0,1,0,4.2946,1,24,0,0,0
51,2,1,0,1,0,1,1,4.2747,1,26,0,0,0
45,3,1,0,1,0,1,0,4.4579,1,26,0,0,0
33,2,0,0,1,0,1,1,4.173,1,26,0,0,0
42,2,1,0,1,0,0,1,3.7932,1,17,0,1,0
34,2,1,0,1,0,1,0,4.2195,1,26,0,0,0
46,2,1,0,1,0,1,0,4.4038,1,25,0,0,0
44,2,1,0,1,0,1,0,4.235,1,24,0,0,0
48,2,0,0,1,0,1,0,4.4524,1,26,0,0,1
43,2,1,0,1,0,0,0,3.8003,0,22,0,1,0
42,2,1,0,1,0,0,0,4.1869,1,22,0,1,0
49,2,0,0,1,0,1,0,4.3948,1,28,0,0,0
33,2,1,0,1,0,0,1,4.0408,1,13,0,1,0
47,2,1,0,1,0,1,0,4.3315,1,25,0,0,0
38,2,0,0,1,0,1,1,4.234,1,24,0,0,0
36,1,1,0,0,0,1,1,4.2873,1,21,0,0,0
34,2,1,0,1,0,1,0,4.3738,1,26,0,0,0
47,3,1,0,1,0,1,1,4.4027,1,28,0,0,0
44,2,1,0,1,0,1,1,4.3065,1,23,0,0,0
39,2,0,0,1,0,0,0,4.2311,0,20,0,1,0
48,2,0,0,1,0,1,0,4.6211,1,26,0,0,0
59,2,1,0,1,0,1,1,4.4165,1,29,0,0,0
46,2,1,0,1,0,0,0,4.0814,1,16,0,1,0
44,3,1,0,1,0,1,0,4.3393,1,25,0,0,0
17,2,1,0,1,0,0,0,3.4548,0,9,0,1,0
51,1,1,0,0,0,1,0,4.31,1,21,0,0,0
44,3,1,0,1,0,1,0,4.4019,1,25,0,0,0
45,2,1,0,1,0,1,0,4.4361,1,24,0,0,0
48,2,1,0,1,0,1,0,4.4885,1,25,0,0,0
46,3,1,0,1,0,1,1,4.3652,1,27,0,0,0
41,2,1,0,1,0,1,1,4.3571,1,26,0,0,0
47,2,0,0,1,0,1,1,4.2828,1,23,0,0,0
49,2,1,0,1,0,1,0,4.2803,1,27,0,0,0
46,1,1,0,0,0,1,1,4.1891,1,21,0,0,0
53,2,1,0,1,0,1,0,4.4377,1,31,0,0,0
46,2,0,0,1,0,1,0,4.4393,1,25,0,0,0
45,2,0,0,1,0,1,1,4.3858,1,31,0,0,0
34,2,1,0,1,0,1,0,4.315,1,26,0,0,0
42,2,0,0,1,0,1,1,4.2165,1,28,0,0,0
51,2,1,0,1,0,1,1,4.3139,1,29,0,0,0
33,2,1,0,1,0,1,0,4.1273,1,25,0,0,0
54,2,0,0,1,0,1,0,4.4542,1,25,0,0,0
54,2,1,0,1,0,1,1,4.2931,1,29,0,0,0
45,2,1,0,1,0,1,0,4.2167,1,25,0,0,0
52,2,0,0,1,0,1,1,4.0969,1,28,0,0,0
34,2,1,0,1,0,1,1,4.1607,1,26,0,0,0
41,2,1,0,1,0,1,1,4.3083,1,26,0,0,0
51,2,1,0,1,0,1,1,4.2747,1,26,0,0,0
47,2,0,0,1,0,1,0,4.3176,1,28,0,0,0
46,2,1,0,1,0,1,0,4.4043,1,26,0,0,0
32,2,1,0,1,0,0,0,3.9886,0,12,0,1,0
48,2,0,0,1,0,1,0,4.5794,1,26,0,0,0
49,2,1,0,1,0,1,1,4.2387,1,28,0,0,0
45,2,1,0,1,0,1,1,4.2757,1,24,0,0,0
29,1,1,0,0,0,1,0,4.1592,1,21,0,0,0
42,1,1,0,0,0,1,0,4.2321,1,20,0,0,0
39,2,1,0,1,0,0,1,3.904,1,14,0,1,0
43,2,1,0,1,0,1,1,4.2488,1,28,0,0,0
41,2,1,0,1,0,1,1,4.4362,1,26,0,0,0
55,2,0,0,1,0,1,1,4.3833,1,26,0,0,0
33,2,0,0,1,0,1,1,4.173,1,26,0,0,0
28,2,0,0,1,0,0,0,3.8927,0,9,0,1,0
42,2,0,0,1,0,0,1,3.9533,1,18,0,1,0
35,2,0,0,1,0,0,0,4.1147,1,13,0,1,0
52,2,1,0,1,0,1,1,4.3756,1,29,0,0,0
40,2,1,0,1,0,1,1,4.3087,1,25,0,0,0
35,2,1,0,1,0,1,0,4.229,1,27,0,0,0
45,2,0,0,1,0,1,0,4.5001,1,26,0,0,0
43,2,0,0,1,0,1,0,4.3503,1,23,0,0,0
37,2,0,0,1,0,0,1,3.905,1,16,0,1,0
56,2,1,0,1,0,1,0,4.4242,1,26,0,0,0
30,2,1,0,1,0,0,1,4.1484,0,15,0,1,1
51,2,1,0,1,0,1,1,4.2747,1,26,0,0,0
39,2,1,0,1,0,1,1,4.3681,1,24,0,0,0
54,2,1,0,1,0,1,0,4.4542,1,24,0,0,0
37,1,1,0,0,0,1,1,4.0104,0,16,0,1,0
45,3,1,0,1,0,1,0,4.3581,1,26,0,0,0
31,2,1,0,1,0,0,1,3.9503,1,16,0,1,0
46,2,0,0,1,0,1,0,4.4579,1,26,0,0,0
35,2,1,0,1,0,0,1,3.976,1,15,0,1,0
48,2,1,0,1,0,1,0,4.3478,1,26,0,0,0
50,2,1,0,1,0,1,1,4.1782,1,25,0,0,0
48,2,1,0,1,0,1,0,4.2721,1,27,0,0,0
45,2,0,0,1,0,1,0,4.3055,1,26,0,0,0
46,2,0,0,1,0,1,0,4.4123,1,26,0,0,0
47,2,1,0,1,0,1,0,4.4,1,26,0,0,0
41,2,1,0,1,0,1,1,4.4362,1,26,0,0,0
46,2,1,0,1,0,1,0,4.3773,1,24,0,0,0
50,2,1,0,1,0,1,1,4.2982,1,29,0,0,0
46,2,1,0,1,0,1,0,4.1976,1,26,0,0,1
46,2,0,0,1,0,1,1,4.3168,1,26,0,0,0
45,2,1,0,1,0,1,0,4.4361,1,24,0,0,0
50,1,0,0,0,0,1,0,4.4391,1,21,0,0,0
51,2,1,0,1,0,1,1,4.3364,1,26,0,0,0
51,2,1,0,1,0,1,1,4.3531,1,29,0,0,0
47,2,1,0,1,0,1,0,4.4509,1,24,0,0,0
42,1,1,0,0,0,1,1,4.2025,1,21,0,0,0
43,1,1,0,0,0,1,0,4.2465,1,21,0,0,0
50,2,1,0,1,0,1,1,4.5113,1,27,0,0,0
34,2,1,0,1,0,1,1,4.2195,1,26,0,0,0
47,2,0,0,1,0,1,0,4.3315,1,26,0,0,0
44,2,1,0,1,0,1,0,4.3431,1,24,0,0,0
48,2,1,0,1,0,1,0,4.3122,1,26,0,0,0
55,2,1,0,1,0,1,0,4.4453,1,25,0,0,0
44,2,0,0,1,0,1,0,4.2999,1,24,0,0,0
43,1,0,0,0,0,1,0,4.4609,1,21,0,0,0
35,2,1,0,1,0,1,1,4.3789,1,27,0,0,0
44,3,1,0,1,0,1,0,4.4019,1,25,0,0,1
27,1,1,0,0,0,0,1,4.0323,0,12,0,1,0
49,2,1,0,1,0,1,0,4.4644,1,26,0,0,0
40,2,0,0,1,0,1,1,4.3964,1,26,0,0,0
52,2,1,0,1,0,1,0,4.3653,1,31,0,0,0
58,2,1,0,1,0,1,1,4.401,1,28,0,0,0
50,2,0,0,1,0,0,0,4.1591,0,21,0,1,0
48,3,1,0,1,0,1,1,4.4571,1,29,0,0,0
49,2,1,0,1,0,1,1,4.3212,1,28,0,0,0
52,2,1,0,1,0,1,1,4.2841,1,27,0,0,0
51,2,1,0,1,0,1,1,4.2747,1,26,0,0,0
45,2,1,0,1,0,1,0,4.3391,1,25,0,0,0
42,2,1,0,1,0,1,1,4.4273,1,27,0,0,0
34,2,0,0,1,0,0,1,4.1134,1,15,0,1,0
49,2,1,0,1,0,1,1,4.3191,1,26,0,0,0
17,2,0,0,1,0,0,0,3.6169,0,10,0,1,0
55,2,0,0,1,0,1,0,4.4887,1,26,0,0,0
51,2,0,0,1,0,1,1,4.4817,1,31,0,0,0
30,2,0,0,1,0,0,1,3.8729,0,16,0,1,0
46,2,1,0,1,0,1,0,4.2304,1,24,0,0,0
31,2,1,0,1,0,1,0,4.0826,1,23,0,0,0
45,2,0,0,1,0,1,0,4.4637,1,25,0,0,0
49,2,1,0,1,0,1,1,4.2387,1,28,0,0,0
46,2,0,0,1,0,1,1,4.3275,1,26,0,0,0
55,2,0,0,1,0,1,1,4.3696,1,26,0,0,0
32,2,1,0,1,0,1,0,4.2417,1,24,0,0,0
40,1,0,0,0,0,1,1,4.2128,1,20,0,0,0
47,2,1,0,1,0,1,0,4.4669,1,24,0,0,0
42,2,1,0,1,0,1,1,4.4273,1,27,0,0,0
41,2,1,0,1,0,0,1,4.0899,1,20,0,1,0
33,2,1,0,1,0,0,0,4.0289,1,12,0,1,0
52,2,1,0,1,0,1,1,4.4285,1,29,0,0,0
44,2,1,0,1,0,1,0,4.2716,1,23,0,0,0
41,2,1,0,1,0,0,1,4.0828,1,20,0,1,0
46,2,1,0,1,0,1,0,4.4393,1,26,0,0,0
47,2,0,0,1,0,1,0,4.4,1,25,0,0,0
45,3,1,0,1,0,1,1,4.3609,1,26,0,0,0
56,2,1,0,1,0,1,0,4.4817,1,26,0,0,0
41,2,1,0,1,0,1,1,4.2779,1,26,0,0,0
45,2,1,0,1,0,1,0,4.3055,1,25,0,0,0
52,2,1,0,1,0,1,1,4.3226,1,27,0,0,0
45,2,1,0,1,0,1,0,4.3916,1,24,0,0,0
41,2,1,0,1,0,0,0,4.1595,1,21,0,1,0
42,2,0,0,1,0,1,0,4.3297,1,23,0,0,0
40,2,1,0,1,0,0,1,4.0587,1,19,0,1,0
39,3,1,0,1,0,0,0,3.9746,1,20,1,1,0
49,2,0,0,1,0,1,1,4.2724,1,25,0,0,0
35,2,0,0,1,0,1,0,4.0687,1,28,0,0,0
44,2,0,0,1,0,1,0,4.408,1,24,0,0,0
45,2,1,0,1,0,0,0,4.2421,1,15,0,1,0
44,2,0,0,1,0,1,1,4.4511,1,24,0,0,0
38,2,1,0,1,0,1,1,4.2141,1,23,0,0,0
44,2,0,0,1,0,1,0,4.3625,1,24,0,0,0
49,2,1,0,1,0,1,1,4.2649,1,28,0,0,0
31,2,0,0,1,0,0,0,4.1557,1,9,0,1,0
47,2,0,0,1,0,1,0,4.2304,1,28,0,0,0
39,2,1,0,1,0,0,1,3.9646,1,18,1,1,0
41,2,0,0,1,0,1,1,4.2018,1,27,0,0,0
34,2,1,0,1,0,1,0,4.315,1,26,0,0,0
39,2,0,0,0,0,1,0,4.3362,1,21,0,0,0
37,2,1,0,1,0,0,0,4.1957,1,14,0,1,0
52,2,1,0,1,0,0,1,4.2249,1,27,0,1,0
36,3,0,0,1,0,0,0,3.933,1,18,0,1,0
36,2,1,0,1,0,1,0,4.1042,1,28,0,0,0
39,2,0,0,1,0,1,1,4.3362,1,25,0,0,0
54,2,1,0,1,0,1,1,4.2931,1,29,0,0,0
46,2,0,0,1,0,1,0,4.4393,1,25,0,0,0
52,2,1,0,1,0,1,0,4.3269,1,31,0,0,0
37,2,1,0,1,0,0,1,4.0237,1,16,1,1,0
33,2,1,0,1,0,0,0,4.0518,0,12,0,1,0
44,2,0,0,1,0,1,0,4.408,1,24,0,0,0
45,3,1,0,1,0,1,0,4.3245,1,26,0,0,0
31,2,1,0,1,0,0,1,4.236,1,16,0,1,0
51,1,1,0,0,0,1,0,4.3736,1,21,0,0,0
43,2,1,0,1,0,1,1,4.2023,1,28,0,0,0
46,2,1,0,1,0,1,0,4.2739,1,24,0,0,0
35,2,1,0,1,0,1,1,4.3217,1,27,0,0,0
38,2,1,0,1,0,1,1,4.3065,1,23,0,0,0
42,2,0,0,1,0,1,1,4.3384,1,28,0,0,0
43,2,1,0,1,0,0,1,4.284,0,13,0,1,0
41,2,1,0,1,0,1,1,4.3083,1,26,0,0,0
48,2,0,0,1,0,1,1,4.1624,1,28,0,0,0
58,2,1,0,1,0,1,0,4.4158,1,28,0,0,0
37,2,1,0,1,0,0,0,4.263,1,15,0,1,0
51,2,0,0,1,0,1,1,4.4817,1,31,0,0,0
58,2,1,0,1,0,1,0,4.3342,1,28,0,0,0
33,2,1,0,1,0,1,0,4.3091,1,25,0,0,1
48,2,1,0,1,0,1,0,4.3635,1,28,0,0,0
31,2,0,0,1,0,1,0,4.1069,1,24,0,0,0
56,2,1,0,1,0,1,0,4.4951,1,26,0,0,0
44,1,1,0,0,0,0,0,4.235,1,14,0,1,0
40,1,1,0,0,0,1,0,4.1842,1,19,0,0,0
30,2,1,0,1,0,0,0,4.0402,0,22,0,1,0
40,2,1,0,1,0,0,0,4.2628,0,10,0,1,0
37,2,1,0,1,0,1,1,4.2497,1,29,0,0,0
45,2,0,0,1,0,1,1,4.3391,1,25,0,0,0
20,2,1,0,1,0,0,0,3.7219,0,12,0,1,0
38,2,1,0,1,0,0,1,3.9778,1,17,0,1,0
46,3,0,0,1,0,1,0,4.4065,1,28,0,0,0
36,1,1,0,0,0,1,1,4.2317,1,21,0,0,0
48,2,0,0,1,0,1,1,4.3813,1,28,0,0,0
50,2,1,0,1,0,1,0,4.3362,1,28,0,0,0
50,3,1,0,1,0,1,0,4.4582,1,31,0,0,0
53,2,0,0,1,0,0,0,4.2586,1,24,0,1,0
38,2,1,0,1,0,0,0,3.9156,1,16,0,1,0
45,2,1,0,1,0,1,1,4.4258,1,24,0,0,0
47,2,0,0,1,0,1,0,4.4188,1,28,0,0,0
46,2,1,0,1,0,1,1,4.3174,1,25,0,0,0
50,2,0,0,1,0,1,1,4.3991,1,28,0,0,0
34,2,1,0,1,0,0,1,3.8444,0,13,0,1,0
46,2,1,0,1,0,1,0,4.3773,1,24,0,0,0
39,2,1,0,1,0,0,1,3.9966,1,18,0,1,0
50,3,1,0,1,0,1,0,4.4582,1,31,0,0,0
44,1,1,0,0,0,1,0,4.3259,1,21,0,0,0
48,3,1,0,1,0,1,1,4.4571,1,29,0,0,0
43,3,1,0,1,0,1,0,4.3152,1,24,0,0,0
46,2,1,0,1,0,1,0,4.336,1,26,0,0,0
51,2,0,0,1,0,1,1,4.3383,1,27,0,0,0
47,2,1,0,1,0,1,1,4.3476,1,26,0,0,0
52,2,0,0,1,0,1,1,4.3653,1,28,0,0,0
35,2,1,0,1,0,0,1,3.9189,1,14,0,1,0
31,2,1,0,1,0,1,0,4.1471,1,23,0,0,0
41,2,1,0,1,0,1,1,4.3571,1,26,0,0,0
33,2,1,0,1,0,1,1,4.1502,1,25,0,0,0
43,3,1,0,1,0,1,1,4.2892,1,24,0,0,0
47,2,1,0,1,0,1,1,4.3072,1,26,0,0,0
51,2,0,0,1,0,1,1,4.3383,1,27,0,0,0
30,2,1,0,1,0,0,1,3.9396,0,15,0,1,0
58,2,1,0,1,0,1,0,4.3813,1,28,0,0,0
45,2,1,0,1,0,1,0,4.3304,1,24,0,0,0
41,2,1,0,1,0,0,0,4.2411,1,19,0,1,0
46,2,1,0,1,0,1,0,4.2903,1,25,0,0,0
34,2,1,0,1,0,0,1,3.7412,0,13,0,1,0
47,2,1,0,1,0,1,0,4.2464,1,25,0,0,0
53,2,1,0,1,0,1,1,4.3499,1,28,0,0,0
35,3,1,0,1,0,0,0,4.1503,1,16,0,1,0
44,2,0,0,1,0,0,0,4.1158,0,15,0,1,0
48,2,1,0,1,0,1,1,4.2071,1,23,0,0,0
48,2,1,0,1,0,1,0,4.4864,1,26,0,0,0
51,2,1,0,1,0,1,1,4.2875,1,26,0,0,0
47,2,1,0,1,0,1,0,4.4,1,26,0,0,0
41,2,1,0,1,0,1,1,4.3083,1,26,0,0,0
42,2,0,0,1,0,0,0,4.1782,1,13,1,1,0
29,1,1,0,0,0,1,0,4.0902,1,21,0,0,0
45,1,0,0,0,0,1,1,4.2524,1,21,0,0,0
45,3,1,0,1,0,1,0,4.3245,1,26,0,0,0
45,3,1,0,1,0,1,0,4.2021,1,26,0,0,0
47,2,0,0,1,0,1,0,4.3741,1,26,0,0,0
30,2,1,0,1,0,0,0,4.0981,1,22,0,1,0
54,2,1,0,1,0,1,0,4.3521,1,24,0,0,1
48,2,0,0,1,0,1,1,4.4366,1,26,0,0,0
52,2,1,0,1,0,1,1,4.4285,1,29,0,0,0
54,2,1,0,1,0,1,0,4.5441,1,31,0,0,0
57,2,0,0,1,0,1,0,4.2973,1,28,0,0,0
43,3,1,0,1,0,1,0,4.4837,1,24,0,0,0
55,2,1,0,1,0,1,0,4.4089,1,25,0,0,0
48,2,1,0,1,0,1,0,4.33,1,26,0,0,0
37,2,1,0,1,0,0,0,4.1522,0,15,0,1,0
36,2,1,0,1,0,0,0,4.1734,1,16,0,1,0
51,2,1,0,1,0,1,1,4.3756,1,26,0,0,1
47,2,1,0,1,0,1,1,4.3497,1,26,0,0,1
48,2,1,0,1,0,1,0,4.4448,1,26,0,0,0
56,2,1,0,1,0,1,0,4.4594,1,26,0,0,0
33,2,1,0,1,0,0,1,4.0438,1,18,0,1,0
48,2,1,0,1,0,1,1,4.4387,1,27,0,0,0
24,2,1,0,1,0,0,0,3.9702,1,16,0,1,0
40,1,1,0,0,0,1,0,4.2439,1,20,0,0,0
29,3,1,0,1,0,0,0,3.9094,0,10,0,1,0
46,1,1,0,0,0,1,1,4.1891,1,21,0,0,0
35,2,1,0,1,0,0,0,3.99,1,15,0,1,0
32,2,1,0,1,0,1,0,4.1792,1,24,0,0,0
46,2,0,0,1,0,1,0,4.4743,1,24,0,0,0
26,2,1,0,1,0,0,0,4.056,1,18,0,1,0
33,2,1,0,1,0,1,0,4.1273,1,25,0,0,0
50,3,1,0,1,0,1,0,4.4182,1,31,0,0,0
46,2,1,0,1,0,1,1,4.3338,1,25,0,0,0
34,2,1,0,1,0,1,0,4.2561,1,26,0,0,0
47,2,1,0,1,0,1,1,4.3072,1,26,0,0,0
52,2,1,0,1,0,1,0,4.3653,1,31,0,0,0
45,2,1,0,1,0,1,1,4.3813,1,24,0,0,0
50,2,0,0,1,0,1,0,4.3289,1,31,0,0,0
36,1,1,0,0,0,1,1,4.2873,1,21,0,0,0
46,2,0,0,1,0,1,1,4.3338,1,26,0,0,0
40,2,1,0,1,0,0,1,3.8653,1,15,1,1,0
49,2,1,0,1,0,1,0,4.2878,1,28,0,0,0
41,2,1,0,1,0,1,1,4.3571,1,26,0,0,0
47,2,0,0,1,0,1,0,4.3762,1,28,0,0,0
42,1,1,0,0,0,1,1,4.2977,1,21,0,0,0
30,2,1,0,1,0,0,0,3.9736,1,9,0,1,0
45,2,1,0,1,0,1,0,4.3835,1,25,0,0,0
51,2,1,0,1,0,0,1,4.4052,0,21,0,1,0
49,2,1,0,1,0,1,1,4.362,1,28,0,0,0
45,2,1,0,1,0,0,1,4.4339,1,22,0,1,0
40,2,1,0,1,0,1,1,4.2587,1,25,0,0,0
40,2,0,0,1,0,0,1,4.1817,0,16,0,1,0
39,1,1,0,0,0,1,0,4.1798,1,19,0,0,0
33,2,1,0,1,0,0,0,4.1124,0,10,0,1,0
57,2,0,0,1,0,1,0,4.2973,1,28,0,0,0
48,2,1,0,1,0,1,1,4.3321,1,26,0,0,0
41,1,1,0,0,0,1,0,4.2571,1,21,0,0,0
56,2,1,0,1,0,1,0,4.4442,1,26,0,0,0
47,2,1,0,1,0,1,1,4.2646,1,26,0,0,0
55,2,0,0,1,0,1,0,4.5043,1,26,0,0,0
46,2,1,0,1,0,1,0,4.336,1,26,0,0,0
24,2,0,0,1,0,0,0,3.8554,0,17,0,1,0
33,2,1,0,1,0,0,0,3.9802,0,13,0,1,0
56,2,1,0,1,0,1,0,4.5091,1,26,0,0,0
44,3,0,0,1,0,1,1,4.3654,1,26,0,0,0
43,3,0,0,1,0,1,0,4.3442,1,25,0,0,0
46,2,1,0,1,0,1,0,4.3773,1,24,0,0,0
31,3,0,0,1,0,0,1,3.9779,1,13,0,1,0
48,2,1,0,1,0,1,1,4.2071,1,23,0,0,0
45,2,1,0,1,0,0,0,4.4258,1,22,0,1,0
36,3,1,0,1,0,0,1,4.0651,1,17,0,1,0
37,2,1,0,1,0,0,0,4.0131,1,16,0,1,1
34,2,1,0,1,0,1,1,4.2195,1,26,0,0,0
40,2,0,0,1,0,0,0,4.1153,1,18,0,1,0
27,2,0,0,1,0,0,1,3.9121,1,13,0,1,0
48,2,1,0,1,0,0,1,4.1156,0,23,0,1,0
56,2,1,0,1,0,1,0,4.3885,1,26,0,0,0
53,2,0,0,1,0,1,0,4.4404,1,24,0,0,0
52,2,1,0,1,0,1,1,4.2841,1,27,0,0,0
40,2,0,0,1,0,1,1,4.3653,1,26,0,0,0
41,2,1,0,1,0,0,1,4.2291,1,19,0,1,0
46,2,1,0,1,0,1,1,4.2903,1,25,0,0,0
53,2,1,0,1,0,1,0,4.4027,1,23,0,0,1
49,2,1,0,1,0,1,1,4.3753,1,29,0,0,0
50,3,1,0,1,0,1,0,4.3631,1,31,0,0,1
51,2,1,0,1,0,1,0,4.4128,1,31,0,0,0
46,2,1,0,1,0,1,0,4.3959,1,26,0,0,0
49,2,1,0,1,0,1,0,4.4744,1,26,0,0,0
43,3,0,0,1,0,1,0,4.2801,1,25,0,0,0
51,2,1,0,1,0,1,0,4.3736,1,31,0,0,0
47,2,1,0,1,0,1,1,4.3901,1,26,0,0,0
44,2,1,0,1,0,1,0,4.3171,1,23,0,0,0
45,3,1,0,1,0,1,0,4.2969,1,26,0,0,0
55,2,1,0,1,0,1,0,4.4297,1,25,0,0,0
34,2,0,0,1,0,0,0,4.0767,1,15,0,1,0
48,2,1,0,1,0,1,1,4.2071,1,23,0,0,0
45,2,1,0,1,0,0,0,4.2189,0,23,0,1,0
51,2,1,0,1,0,1,0,4.4913,1,28,0,0,0
33,1,0,0,0,0,0,0,4.1502,1,11,0,1,0
52,2,1,0,1,0,1,0,4.3653,1,31,0,0,0
43,2,0,0,1,0,1,1,4.2374,1,23,0,0,0
35,3,1,0,1,0,0,0,4.1643,1,16,0,1,0
44,2,0,0,1,0,1,1,4.3825,1,25,0,0,0
48,2,1,0,1,0,1,0,4.3874,1,26,0,0,1
33,2,1,0,1,0,1,0,4.2485,1,25,0,0,0
52,2,1,0,1,0,1,1,4.2841,1,27,0,0,0
51,2,1,0,1,0,1,1,4.3139,1,29,0,0,0
44,3,1,0,1,0,1,0,4.4019,1,25,0,0,0
43,2,1,0,1,0,1,0,4.3305,1,23,0,0,0
31,2,1,0,1,0,1,0,4.1471,1,23,0,0,0
45,2,1,0,1,0,1,0,4.2692,1,24,0,0,0
39,2,1,0,1,0,0,1,4.0234,1,18,1,1,0
49,2,1,0,1,0,1,0,4.4765,1,26,0,0,0
36,1,1,0,0,0,1,1,4.2873,1,21,0,0,0
51,2,1,0,1,0,1,1,4.3268,1,26,0,0,0
61,2,1,0,1,0,1,0,4.4571,1,31,0,0,0
50,2,1,0,1,0,1,1,4.266,1,25,0,0,0
45,2,0,0,1,0,1,0,4.2779,1,26,0,0,0
52,2,0,0,1,0,1,1,4.1883,1,28,0,0,0
56,2,0,0,1,0,1,1,4.5309,1,27,0,0,0
49,2,1,0,1,0,1,1,4.3212,1,28,0,0,0
47,3,1,0,1,0,1,0,4.4452,1,28,0,0,1
50,2,1,0,1,0,1,0,4.2402,1,28,0,0,0
39,2,0,0,1,0,1,1,4.4387,1,25,0,0,0
53,2,1,0,1,0,1,1,4.3122,1,28,0,0,0
48,2,1,0,1,0,1,0,4.2131,1,28,0,0,0
44,2,0,0,1,0,1,0,4.3454,1,24,0,0,0
43,3,1,0,1,0,1,0,4.3152,1,24,0,0,0
47,2,1,0,1,0,1,0,4.3497,1,27,0,0,0
48,2,1,0,1,0,1,0,4.2131,1,28,0,0,1
45,2,1,0,1,0,1,0,4.2946,1,25,0,0,0
33,2,0,0,1,0,1,0,4.2862,1,26,0,0,0
37,2,1,0,1,0,1,1,4.1957,1,29,0,0,0
41,2,1,0,1,0,1,1,4.3571,1,26,0,0,0
31,3,0,0,1,0,0,1,4.0181,0,13,0,1,0
33,2,0,0,1,0,1,0,4.3926,1,26,0,0,0
54,2,0,0,1,0,1,0,4.4681,1,25,0,0,0
45,3,1,0,1,0,1,0,4.3413,1,26,0,0,0
33,2,1,0,1,0,1,0,4.1502,1,25,0,0,0
51,2,1,0,1,0,1,1,4.2355,1,26,0,0,0
45,2,0,0,1,0,1,0,4.2779,1,26,0,0,0
50,2,1,0,1,0,1,1,4.4713,1,27,0,0,0
34,2,1,0,1,0,1,0,4.1607,1,26,0,0,0
49,2,1,0,1,0,1,0,4.1967,1,28,0,0,0
39,2,1,0,1,0,0,1,3.9359,1,14,0,1,0
31,2,0,0,1,0,0,1,3.8858,0,12,0,1,0
34,2,1,0,1,0,1,0,4.2195,1,26,0,0,0
47,2,1,0,1,0,1,0,4.2807,1,26,0,0,0
61,2,1,0,1,0,1,0,4.4448,1,31,0,0,0
45,2,1,0,1,0,1,1,4.3201,1,24,0,0,0
37,2,0,0,1,0,0,0,4.0672,1,17,0,1,0
46,3,1,0,1,0,1,0,4.2618,1,27,0,0,0
45,2,1,0,1,0,1,1,4.4258,1,24,0,0,0
46,2,0,0,1,0,1,0,4.4123,1,26,0,0,0
48,2,1,0,1,0,1,1,4.3198,1,28,0,0,0
48,2,0,0,1,0,1,1,4.2198,1,28,0,0,0
47,2,1,0,1,0,1,1,4.3072,1,26,0,0,0
44,2,1,0,1,0,1,0,4.1441,1,24,0,0,0
49,2,1,0,1,0,1,1,4.4978,1,27,0,0,0
39,2,1,0,1,0,0,1,3.9453,1,18,0,1,0
49,2,1,0,1,0,1,1,4.362,1,24,0,0,0
50,2,1,0,1,0,1,1,4.4713,1,27,0,0,0
36,2,0,0,1,0,0,1,3.8611,0,12,0,1,1
47,2,0,0,1,0,1,0,4.3762,1,28,0,0,0
52,2,1,0,1,0,1,1,4.4632,1,31,0,0,0
45,3,1,0,1,0,1,0,4.3581,1,26,0,0,0
34,2,1,0,1,0,1,0,4.2195,1,26,0,0,0
49,2,1,0,1,0,1,0,4.459,1,26,0,0,0
45,2,1,0,1,0,1,0,4.3391,1,22,0,0,0
31,2,0,0,1,0,1,0,4.2603,1,24,0,0,0
53,2,1,0,1,0,1,0,4.4404,1,23,0,0,0
27,2,1,0,1,0,0,0,4.0603,0,19,0,1,0
43,3,1,0,1,0,0,0,4.2664,1,24,0,1,0
45,2,1,0,1,0,1,0,4.2611,1,25,0,0,0
34,2,0,0,1,0,0,0,3.9987,1,14,0,1,0
50,2,1,0,1,0,1,1,4.3382,1,29,0,0,0
52,2,1,0,1,0,1,1,4.4247,1,31,0,0,0
41,2,1,0,1,0,1,1,4.3083,1,26,0,0,0
51,2,1,0,1,0,1,1,4.2552,1,26,0,0,0
48,2,1,0,1,0,1,0,4.2548,1,28,0,0,0
49,2,1,0,1,0,1,0,4.3794,1,26,0,0,0
46,2,0,0,1,0,1,0,4.3253,1,26,0,0,0
52,2,1,0,1,0,1,1,4.3717,1,31,0,0,0
47,2,1,0,1,0,1,0,4.4509,1,24,0,0,1
46,2,0,0,1,0,1,0,4.336,1,25,0,0,0
50,2,0,0,1,0,1,1,4.2562,1,26,0,0,0
51,2,1,0,1,0,1,0,4.3196,1,31,0,0,0
47,2,1,0,1,0,1,1,4.4348,1,27,0,0,0
34,2,1,0,1,0,1,1,4.1607,1,26,0,0,0
48,3,1,0,1,0,1,1,4.3737,1,29,0,0,0
44,3,0,0,1,0,1,0,4.2939,1,26,0,0,0
45,3,1,0,1,0,1,0,4.5023,1,26,0,0,0
56,2,1,0,1,0,1,0,4.395,1,26,0,0,0
45,3,1,0,1,0,1,0,4.3858,1,26,0,0,0
56,2,1,0,1,0,1,1,4.5086,1,26,0,0,0
42,3,0,0,1,0,1,0,4.2728,1,24,0,0,0
33,2,0,0,1,0,1,0,4.2485,1,26,0,0,0
51,2,1,0,1,0,1,1,4.3531,1,29,0,0,0
40,2,0,0,1,0,1,1,4.3276,1,26,0,0,0
46,2,1,0,1,0,1,0,4.4473,1,25,0,0,0
51,2,0,0,1,0,1,1,4.4424,1,31,0,0,0
53,2,1,0,1,0,1,0,4.4,1,31,0,0,0
35,1,0,0,0,0,1,1,4.3002,1,21,0,0,0
49,2,1,0,1,0,1,0,4.5561,1,26,0,0,0
57,2,1,0,1,0,1,1,4.4868,1,27,0,0,0
46,2,1,0,1,0,0,1,4.0587,1,16,0,1,0
49,2,1,0,1,0,1,0,4.2937,1,28,0,0,0
41,2,1,0,1,0,1,1,4.3267,1,26,0,0,0
55,2,1,0,1,0,1,0,4.4089,1,25,0,0,0
52,2,1,0,1,0,1,0,4.3787,1,22,0,0,0
44,2,0,0,1,0,1,0,4.2999,1,24,0,0,0
49,2,1,0,1,0,1,1,4.1979,1,28,0,0,0
43,2,1,0,1,0,0,1,4.0254,1,18,0,1,0
50,2,1,0,1,0,1,1,4.2464,1,29,0,0,0
49,2,1,0,1,0,0,1,3.9926,0,24,0,1,0
47,2,1,0,1,0,1,0,4.4669,1,24,0,0,1
43,2,1,0,1,0,1,0,4.3129,1,23,0,0,0
46,1,1,0,0,0,1,1,4.2326,1,21,0,0,0
46,1,1,0,0,0,1,1,4.2326,1,21,0,0,0
47,2,1,0,1,0,1,0,4.3232,1,26,0,0,1
55,2,1,0,1,0,1,0,4.4089,1,25,0,0,0
33,2,1,0,1,0,1,0,4.1273,1,25,0,0,0
42,2,0,0,1,0,1,0,4.2821,1,23,0,0,0
56,2,1,0,1,0,1,1,4.412,1,26,0,0,1
43,3,1,0,1,0,1,0,4.4372,1,24,0,0,1
40,2,0,0,1,0,1,1,4.3276,1,26,0,0,0
38,2,1,0,1,0,1,1,4.2866,1,23,0,0,0
47,2,1,0,1,0,1,1,4.3072,1,26,0,0,0
45,3,0,0,1,0,1,0,4.2742,1,27,0,0,0
46,2,1,0,1,0,1,0,4.284,1,25,0,0,0
54,2,0,0,1,0,1,0,4.4171,1,25,0,0,0
47,2,0,0,1,0,1,0,4.3315,1,26,0,0,0
33,2,1,0,1,0,1,0,4.2485,1,25,0,0,0
55,2,1,0,1,0,1,0,4.4089,1,25,0,0,0
31,2,1,0,1,0,1,0,4.1471,1,23,0,0,0
46,2,0,0,1,0,1,1,4.4935,1,27,0,0,0
53,2,1,0,1,0,1,1,4.2602,1,28,0,0,0
51,2,1,0,1,0,1,1,4.3531,1,29,0,0,0
32,2,1,0,1,0,1,0,4.2417,1,24,0,0,0
54,2,1,0,1,0,1,0,4.521,1,31,0,0,0
56,2,1,0,1,0,1,0,4.4459,1,26,0,0,0
41,3,0,0,1,0,1,0,4.3571,1,23,0,0,0
40,2,0,0,1,0,0,1,3.8398,1,16,0,1,0
51,2,1,0,1,0,1,1,4.3268,1,26,0,0,0
40,2,1,0,1,0,0,1,4.0251,1,19,0,1,0
37,2,0,0,1,0,1,1,4.2426,1,23,0,0,0
48,2,0,0,1,0,1,1,4.3397,1,24,0,0,0
53,2,1,0,1,0,1,0,4.348,1,31,0,0,0
48,2,1,0,1,0,1,1,4.1654,1,23,0,0,0
48,2,1,0,1,0,1,1,4.3321,1,26,0,0,0
47,2,0,0,1,0,1,1,4.203,1,27,0,0,0
31,2,1,0,1,0,1,0,4.1471,1,23,0,0,0
41,2,1,0,1,0,0,0,4.4243,1,18,0,1,0
51,2,1,0,1,0,1,0,4.3923,1,28,0,0,0
26,2,0,0,1,0,0,0,3.6714,0,19,0,1,0
44,2,1,0,1,0,1,0,4.0926,0,23,0,1,0
48,2,1,0,1,0,1,1,4.304,1,27,0,0,0
47,2,0,0,1,0,1,0,4.3559,1,26,0,0,0
34,2,1,0,1,0,0,0,4.1607,1,13,0,1,0
46,2,0,0,1,0,1,0,4.3089,1,25,0,0,0
24,2,1,0,1,0,0,0,3.8868,1,16,0,1,0
49,2,1,0,1,0,1,1,4.2649,1,24,0,0,0
43,2,1,0,1,0,0,0,4.2664,1,21,0,1,0
38,2,1,0,1,0,0,1,3.7931,0,17,0,1,0
31,1,1,0,0,0,0,0,4.1069,0,8,0,1,0
36,2,1,0,1,0,1,0,4.2947,1,28,0,0,0
55,2,0,0,1,0,1,0,4.577,1,26,0,0,0
49,2,1,0,1,0,1,1,4.3345,1,29,0,0,0
59,2,1,0,1,0,1,1,4.3826,1,29,0,0,0
48,2,1,0,1,0,1,0,4.4448,1,26,0,0,0
44,2,1,0,1,0,1,0,4.2805,1,24,0,0,0
36,2,1,0,1,0,1,0,4.1042,1,28,0,0,0
45,2,0,0,1,0,1,0,4.3223,1,26,0,0,0
48,3,1,0,1,0,1,1,4.4154,1,29,0,0,0
49,2,1,0,1,0,1,0,4.4256,1,26,0,0,0
34,2,0,0,1,0,1,1,4.1973,0,20,0,1,0
46,1,1,0,0,0,1,1,4.1292,1,21,0,0,0
40,2,1,0,0,0,1,0,4.3776,1,21,0,0,0
49,2,1,0,1,0,1,1,4.2387,1,28,0,0,0
45,2,1,0,1,0,1,1,4.3201,1,24,0,0,0
38,2,0,0,1,0,1,1,4.3264,1,24,0,0,0
46,2,1,0,1,0,1,1,4.3816,1,31,0,0,0
31,2,0,0,1,0,1,0,4.1715,1,24,0,0,0
49,2,1,0,1,0,1,0,4.2878,1,28,0,0,0
47,2,1,0,1,0,1,1,4.3901,1,26,0,0,0
37,3,1,0,1,0,0,1,4.0672,1,18,0,1,0
34,2,1,0,1,0,1,1,4.2195,1,26,0,0,0
47,2,1,0,1,0,0,0,4.1878,0,17,0,1,0
45,3,1,0,1,0,1,0,4.3245,1,26,0,0,0
46,2,1,0,1,0,1,1,4.2468,1,25,0,0,0
50,2,0,0,1,0,1,0,4.5264,1,28,0,0,0
46,2,1,0,1,0,1,1,4.3816,1,31,0,0,0
49,2,1,0,1,0,1,1,4.2803,1,28,0,0,0
53,2,1,0,1,0,1,1,4.133,1,28,0,0,0
56,2,1,0,1,0,1,0,4.4664,1,26,0,0,0
47,2,1,0,1,0,1,0,4.3476,1,26,0,0,0
34,2,1,0,1,0,1,0,4.1751,1,26,0,0,0
35,2,1,0,1,0,1,0,4.1719,1,27,0,0,0
40,2,1,0,1,0,0,1,3.9037,1,15,0,1,0
44,2,0,0,1,0,1,0,4.2745,1,25,0,0,0
39,2,0,0,1,0,1,1,4.3168,1,25,0,0,0
44,2,1,0,1,0,1,0,4.3171,1,23,0,0,0
45,2,1,0,1,0,1,0,4.2589,1,23,0,0,0
42,2,1,0,1,0,1,1,4.4273,1,27,0,0,0
51,2,1,0,1,0,1,1,4.3139,1,29,0,0,0
44,2,1,0,1,0,1,1,4.3065,1,23,0,0,0
54,2,1,0,1,0,1,1,4.2931,1,29,0,0,1
42,1,1,0,0,0,1,0,4.3088,1,21,0,0,0
41,2,1,0,1,0,1,1,4.3571,1,26,0,0,0
44,3,1,0,1,0,1,0,4.3393,1,25,0,0,0
37,2,1,0,1,0,0,1,4.0237,1,16,0,1,1
32,2,1,0,1,0,1,0,4.0931,1,24,0,0,0
51,2,1,0,1,0,1,0,4.4128,1,31,0,0,0
34,2,1,0,1,0,1,1,4.1019,1,26,0,0,0
48,2,1,0,1,0,1,1,4.3457,1,27,0,0,1
41,1,1,0,0,0,1,0,4.2571,1,21,0,0,0
45,3,1,0,1,0,1,1,4.3609,1,26,0,0,0
29,1,1,0,0,0,1,0,4.1592,1,21,0,0,0
34,3,1,0,1,0,0,0,4.0575,1,15,0,1,0
47,2,1,0,1,0,1,0,4.4,1,26,0,0,0
47,2,0,0,1,0,1,1,4.2667,1,23,0,0,0
43,1,1,0,0,0,1,0,4.2465,1,21,0,0,0
47,2,1,0,1,0,1,1,4.347,1,26,0,0,0
48,2,0,0,1,0,0,0,4.2071,1,27,0,1,0
46,2,1,0,1,0,1,0,4.2654,1,25,0,0,0
28,1,0,0,0,0,1,0,4.1106,1,21,0,0,0
45,2,1,0,1,0,1,0,4.2589,1,23,0,0,0
49,2,1,0,1,0,1,0,4.2529,1,28,0,0,0
48,3,1,0,1,0,1,1,4.4154,1,29,0,0,0
33,2,1,0,1,0,0,1,3.6771,0,12,0,1,0
53,2,0,0,1,0,1,0,4.3599,1,24,0,0,0
25,2,1,0,1,0,0,0,3.9239,1,17,0,1,0
23,2,1,0,1,0,0,0,3.882,1,15,0,1,0
47,2,0,0,1,0,1,0,4.3176,1,28,0,0,0
45,3,1,0,1,0,1,0,4.369,1,26,0,0,0
39,2,1,0,1,0,1,1,4.3168,1,24,0,0,0
51,1,1,0,0,0,1,0,4.3736,1,21,0,0,0
44,2,1,0,1,0,0,0,3.9712,1,23,1,1,0
43,2,0,0,1,0,1,1,4.3305,1,23,0,0,0
59,2,1,0,1,0,1,1,4.3148,1,29,0,0,0
44,2,1,0,1,0,0,0,4.1813,1,14,1,1,0
33,2,1,0,1,0,1,0,4.1273,1,25,0,0,0
43,2,1,0,1,0,1,0,4.2664,1,23,0,0,0
52,2,1,0,1,0,1,1,4.467,1,29,0,0,0
51,2,1,0,1,0,1,1,4.2875,1,26,0,0,0
53,2,1,0,1,0,1,1,4.3499,1,28,0,0,0
41,2,1,0,1,0,0,0,4.2451,0,11,0,1,0
50,2,1,0,1,0,1,1,4.2562,1,25,0,0,0
44,2,1,0,1,0,1,0,4.2261,1,23,0,0,0
50,3,1,0,1,0,1,0,4.4582,1,31,0,0,0
49,2,1,0,1,0,1,1,4.1979,1,28,0,0,0
32,2,1,0,1,0,1,0,4.0931,1,24,0,0,0
46,2,1,0,1,0,0,0,4.2597,0,16,0,1,0
54,2,1,0,1,0,1,0,4.507,1,31,0,0,0
49,2,1,0,1,0,1,1,4.2241,1,24,0,0,0
45,3,1,0,1,0,1,0,4.369,1,26,0,0,0
46,2,0,0,1,0,1,0,4.3439,1,26,0,0,0
48,2,1,0,1,0,1,0,4.33,1,26,0,0,0
44,1,1,0,0,0,1,0,4.434,1,21,0,0,0
44,2,0,0,1,0,0,0,4.1358,1,15,1,1,0
47,2,1,0,1,0,1,1,4.3497,1,26,0,0,0
34,2,1,0,1,0,0,0,4.0797,0,12,0,1,0
46,2,1,0,1,0,1,0,4.2575,1,26,0,0,0
37,3,1,0,1,0,0,0,4.0804,1,18,1,1,0
28,1,0,0,0,0,1,0,4.1106,1,21,0,0,0
47,2,0,0,1,0,1,0,4.4669,1,26,0,0,0
50,2,0,0,1,0,1,0,4.4562,1,28,0,0,0
42,2,1,0,1,0,1,1,4.4273,1,27,0,0,0
35,2,1,0,1,0,0,1,3.9976,0,14,0,1,0
43,2,1,0,1,0,0,1,3.9408,1,18,1,1,0
41,2,1,0,1,0,0,1,4.1779,0,16,0,1,0
52,2,0,0,1,0,0,1,4.2507,0,23,0,1,1
40,2,1,0,1,0,0,1,3.9153,1,15,0,1,0
53,2,1,0,1,0,1,0,4.3129,1,23,0,0,0
42,3,0,0,1,0,1,0,4.3204,1,24,0,0,0
28,2,1,0,1,0,0,1,4.182,1,13,0,1,0
48,2,1,0,1,0,1,1,4.3321,1,26,0,0,0
53,2,1,0,1,0,1,1,4.1708,1,28,0,0,0
46,2,1,0,1,0,1,0,4.4473,1,25,0,0,0
32,2,0,0,1,0,1,0,4.1792,1,25,0,0,0
38,2,0,0,1,0,1,1,4.1132,0,18,0,1,0
46,2,1,0,1,0,1,0,4.2575,1,26,0,0,0
45,2,0,0,1,0,1,0,4.3944,1,26,0,0,0
39,2,0,0,1,0,0,1,4.0259,1,19,0,1,0
48,2,1,0,1,0,1,0,4.4448,1,26,0,0,0
40,2,1,0,0,0,1,0,4.3276,1,21,0,0,0
35,2,0,0,1,0,0,1,4.0576,0,15,0,1,0
44,2,1,0,1,0,0,0,4.2865,1,14,0,1,0
43,2,1,0,1,0,0,0,4.2488,0,13,0,1,0
42,2,1,0,1,0,0,1,3.9181,0,17,0,1,0
35,2,1,0,1,0,1,1,4.3217,1,27,0,0,0
45,2,1,0,1,0,1,0,4.3304,1,24,0,0,0
37,2,1,0,1,0,1,1,4.1957,1,29,0,0,0
41,1,0,0,0,0,1,1,4.2267,1,21,0,0,0
40,2,0,0,1,0,1,1,4.3653,1,26,0,0,0
33,2,1,0,1,0,1,0,4.3091,1,25,0,0,0
36,2,1,0,1,0,0,0,4.0515,1,15,1,1,0
35,1,1,0,0,0,1,1,4.2214,1,20,0,0,0
45,2,1,0,1,0,1,1,4.2757,1,24,0,0,0
36,2,1,0,1,0,1,0,4.2391,1,28,0,0,0
56,2,1,0,1,0,1,0,4.4442,1,26,0,0,0
43,3,1,0,1,0,0,0,4.2778,1,24,0,1,0
48,2,1,0,1,0,1,1,4.1654,1,23,0,0,0
39,2,1,0,1,0,0,1,4.0604,1,18,0,1,0
51,2,1,0,1,0,1,1,4.2355,1,26,0,0,0
44,2,1,0,1,0,1,0,4.3171,1,23,0,0,0
43,2,1,0,1,0,0,1,4.0491,1,18,0,1,0
55,2,0,0,1,0,1,0,4.4453,1,26,0,0,0
52,2,1,0,1,0,1,0,4.3653,1,31,0,0,1
33,2,0,0,1,0,1,1,4.2336,1,26,0,0,0
42,3,1,0,1,0,1,0,4.3501,1,23,0,0,0
44,2,1,0,1,0,0,1,4.0904,0,19,0,1,0
51,1,1,0,0,0,1,0,4.3736,1,21,0,0,0
48,2,0,0,1,0,1,0,4.6211,1,26,0,0,0
38,2,0,0,1,0,0,1,3.8828,1,14,0,1,0
47,2,0,0,1,0,1,1,4.453,1,27,0,0,0
45,2,0,0,1,0,1,1,4.3858,1,31,0,0,0
52,2,1,0,1,0,1,1,4.414,1,29,0,0,0
49,2,1,0,1,0,1,0,4.4665,1,26,0,0,1
47,2,0,0,1,0,1,0,4.3559,1,26,0,0,0
26,2,1,0,1,0,0,1,3.921,0,11,0,1,0
47,2,0,0,1,0,1,1,4.3518,1,26,0,0,0
46,2,1,0,1,0,1,0,4.4473,1,25,0,0,0
46,2,0,0,1,0,1,0,4.4038,1,24,0,0,0
34,2,0,0,1,0,1,1,4.3372,1,27,0,0,0
41,2,1,0,1,0,0,0,4.0251,1,20,0,1,0
53,2,0,0,1,0,1,0,4.3222,1,24,0,0,0
42,2,1,0,1,0,1,1,4.0347,0,21,0,1,0
51,2,1,0,1,0,1,1,4.2747,1,26,0,0,0
34,2,1,0,1,0,1,1,4.1019,1,26,0,0,0
47,2,0,0,1,0,1,1,4.3232,1,27,0,0,0
39,2,1,0,1,0,0,1,3.9872,1,18,0,1,0
49,2,1,0,1,0,1,0,4.5969,1,26,0,0,0
48,2,1,0,1,0,1,1,4.2904,1,26,0,0,1
54,2,1,0,1,0,1,0,4.3941,1,24,0,0,0
48,2,1,0,1,0,1,0,4.3061,1,26,0,0,0
48,2,1,0,1,0,1,1,4.4448,1,26,0,0,0
46,2,1,0,1,0,1,0,4.2739,1,24,0,0,0
54,2,1,0,1,0,1,0,4.5581,1,31,0,0,0
43,3,1,0,1,0,1,0,4.3617,1,24,0,0,0
33,2,0,0,1,0,1,0,4.1879,1,26,0,0,0
36,1,1,0,0,0,1,1,4.2873,1,21,0,0,0
35,2,1,0,1,0,1,1,4.3789,1,27,0,0,0
38,2,1,0,1,0,1,1,4.3065,1,23,0,0,0
34,2,0,0,1,0,0,0,4.1973,1,12,0,1,0
48,2,1,0,1,0,1,1,4.2904,1,26,0,0,0
51,2,0,0,1,0,1,1,4.3383,1,27,0,0,0
33,2,0,0,1,0,1,1,4.1124,1,26,0,0,0
45,2,0,0,1,0,1,0,4.3749,1,23,0,0,0
46,2,1,0,1,0,1,0,4.3174,1,24,0,0,0
55,2,1,0,1,0,1,0,4.3868,1,25,0,0,0
44,2,1,0,1,0,1,1,4.2999,1,29,0,0,0
51,2,1,0,1,0,1,1,4.3531,1,29,0,0,0
32,3,1,0,1,0,0,0,4.1556,1,13,0,1,0
44,2,0,0,1,0,1,0,4.3088,1,25,0,0,0
61,2,1,0,1,0,1,0,4.4899,1,31,0,0,0
49,2,0,0,1,0,1,1,4.362,1,29,0,0,0
41,2,1,0,1,0,0,0,4.034,0,20,0,1,0
48,2,1,0,1,0,1,1,4.3971,1,27,0,0,0
47,2,0,0,1,0,1,0,4.4851,1,25,0,0,0
50,2,0,0,1,0,1,1,4.3762,1,29,0,0,0
48,2,0,0,1,0,1,0,4.3397,1,27,0,0,0
45,2,1,0,1,0,1,0,4.3033,1,23,0,0,0
44,2,1,0,1,0,1,0,4.2179,1,24,0,0,0
47,2,1,0,1,0,1,1,4.3072,1,26,0,0,0
47,2,0,0,1,0,1,1,4.3232,1,27,0,0,0
46,2,1,0,1,0,1,0,4.3338,1,24,0,0,0
28,2,1,0,1,0,0,0,3.7534,0,20,0,1,0
46,2,1,0,1,0,1,1,4.249,1,25,0,0,0
46,2,1,0,1,0,1,0,4.284,1,25,0,0,0
30,2,0,0,1,0,0,1,4.1232,1,16,0,1,0
32,2,1,0,1,0,1,0,4.0931,1,24,0,0,0
47,2,1,0,1,0,1,0,4.4,1,26,0,0,0
48,2,1,0,1,0,1,0,4.4864,1,26,0,0,0
44,3,1,0,1,0,1,0,4.4019,1,25,0,0,0
55,2,0,0,1,0,1,0,4.459,1,26,0,0,0
36,1,1,0,0,0,1,1,4.2873,1,21,0,0,0
22,2,1,0,1,0,0,0,3.6978,1,14,0,1,0
41,2,1,0,1,0,1,1,4.369,1,26,0,0,0
47,2,0,0,1,0,1,1,4.4105,1,27,0,0,0
37,3,1,0,1,0,0,0,4.2089,1,18,0,1,0
43,1,1,0,0,0,1,0,4.293,1,21,0,0,0
50,2,1,0,1,0,1,1,4.2562,1,25,0,0,0
47,2,1,0,1,0,1,0,4.3315,1,25,0,0,0
49,2,1,0,1,0,1,0,4.3286,1,28,0,0,0
47,2,1,0,1,0,1,0,4.4083,1,24,0,0,0
47,3,0,0,1,0,1,1,4.4717,1,29,0,0,0
43,2,1,0,1,0,1,1,4.3328,1,28,0,0,0
56,2,1,0,1,0,1,0,4.4594,1,26,0,0,0
45,2,0,0,1,0,1,0,4.4025,1,23,0,0,0
37,2,0,0,1,0,1,1,4.2426,1,23,0,0,0
48,2,0,0,1,0,1,0,4.3397,1,28,0,0,0
37,2,1,0,1,0,0,0,4.1957,1,16,0,1,0
51,2,1,0,1,0,1,1,4.2747,1,26,0,0,0
45,2,1,0,1,0,1,0,4.2779,1,25,0,0,0
50,2,1,0,1,0,1,1,4.3382,1,29,0,0,0
54,2,1,0,1,0,1,0,4.5581,1,31,0,0,0
47,3,1,0,1,0,1,0,4.4452,1,28,0,0,0
46,2,0,0,1,0,1,1,4.4123,1,26,0,0,0
47,2,1,0,1,0,1,1,4.3476,1,26,0,0,0
50,2,1,0,1,0,1,1,4.5113,1,27,0,0,0
54,2,1,0,1,0,1,1,4.2561,1,29,0,0,0
41,2,1,0,1,0,1,1,4.4362,1,26,0,0,0
45,3,1,0,1,0,1,0,4.4025,1,26,0,0,0
46,2,0,0,1,0,1,0,4.4123,1,26,0,0,0
51,2,0,0,1,0,1,1,4.3383,1,27,0,0,0
32,2,1,0,1,0,1,0,4.3042,1,24,0,0,0
52,2,1,0,1,0,1,1,4.3901,1,29,0,0,0
51,1,1,0,0,0,1,0,4.3344,1,21,0,0,0
48,2,1,0,1,0,1,1,4.304,1,27,0,0,0
37,2,1,0,1,0,0,0,4.263,1,14,0,1,0
33,2,0,0,1,0,1,1,4.0896,1,26,0,0,0
20,2,1,0,1,0,0,1,3.5219,0,12,0,1,1
32,2,0,0,0,0,0,0,4.1167,1,14,0,1,0
47,2,1,0,1,0,1,0,4.2807,1,26,0,0,0
47,2,1,0,1,0,1,0,4.3232,1,26,0,0,0
40,2,1,0,1,0,0,0,4.0276,1,19,0,1,1
44,2,0,0,1,0,0,0,4.2239,1,15,0,1,0
45,3,1,0,1,0,1,0,4.4025,1,26,0,0,0
42,1,1,0,0,0,1,1,4.2977,1,21,0,0,0
37,2,1,0,1,0,0,0,3.99,1,17,0,1,0
47,3,1,0,1,0,1,0,4.4452,1,28,0,0,0
44,2,1,0,1,0,1,0,4.235,1,24,0,0,0
42,1,0,0,0,0,1,0,4.3384,1,20,0,0,0
51,2,1,0,1,0,1,0,4.3736,1,31,0,0,0
54,2,1,0,1,0,1,0,4.3521,1,24,0,0,0
36,2,1,0,1,0,0,1,4.0934,0,15,0,1,0
21,2,0,0,1,0,0,0,3.7257,0,14,0,1,0
43,3,1,0,1,0,1,0,4.2512,1,24,0,0,0
47,2,1,0,1,0,1,0,4.4669,1,24,0,0,0
47,2,1,0,1,0,0,0,4.1878,0,24,0,1,0
46,3,0,0,1,0,1,0,4.45,1,28,0,0,0
33,2,1,0,1,0,1,0,4.3091,1,25,0,0,0
54,2,1,0,1,0,1,1,4.2931,1,29,0,0,0
46,2,0,0,1,0,1,1,4.3688,1,26,0,0,0
51,2,0,0,1,0,1,1,4.4817,1,31,0,0,0
41,2,1,0,1,0,0,1,3.8788,1,16,0,1,0
40,2,0,0,1,0,1,1,4.3964,1,26,0,0,0
47,3,1,0,1,0,1,0,4.2185,1,28,0,0,0
46,2,0,0,1,0,1,0,4.3524,1,25,0,0,0
44,2,1,0,1,0,1,1,4.261,1,23,0,0,0
50,3,1,0,1,0,1,0,4.4582,1,31,0,0,0
43,2,1,0,1,0,1,1,4.0827,0,18,0,1,0
51,2,1,0,1,0,1,1,4.3756,1,26,0,0,0
49,2,1,0,1,0,1,0,4.2529,1,28,0,0,0
49,2,1,0,1,0,1,1,4.2241,1,24,0,0,0
37,2,0,0,1,0,1,1,4.2966,1,23,0,0,0
46,2,1,0,1,0,1,1,4.3816,1,31,0,0,0
56,2,1,0,1,0,1,0,4.4459,1,26,0,0,0
45,2,0,0,1,0,1,0,4.4193,1,25,0,0,0
38,2,0,0,1,0,1,0,4.2512,1,31,0,0,0
41,2,1,0,1,0,1,1,4.485,1,26,0,0,0
51,2,1,0,1,0,1,0,4.3531,1,28,0,0,0
44,2,0,0,1,0,1,0,4.1747,0,23,0,1,0
44,2,1,0,1,0,1,1,4.2156,1,23,0,0,0
42,2,0,0,1,0,0,0,4.1869,1,21,0,1,0
45,3,1,0,1,0,1,0,4.3858,1,26,0,0,0
45,2,1,0,1,0,1,1,4.3201,1,24,0,0,0
45,2,1,0,1,0,1,0,4.2611,1,25,0,0,0
50,2,1,0,1,0,1,1,4.226,1,25,0,0,0
46,3,1,0,1,0,1,1,4.4522,1,27,0,0,0
37,2,0,0,1,0,0,0,4.1753,1,15,0,1,0
53,2,0,0,1,0,1,0,4.3346,1,24,0,0,0
46,3,0,0,1,0,1,0,4.229,1,28,0,0,0
54,2,1,0,1,0,1,1,4.255,0,24,0,1,0
38,2,1,0,1,0,1,1,4.1814,1,23,0,0,0
44,2,0,0,1,0,1,0,4.2999,1,24,0,0,0
36,2,0,0,1,0,0,0,3.9275,1,17,0,1,0
37,3,1,0,1,0,0,0,4.006,1,18,0,1,0
43,3,1,0,1,0,1,0,4.3617,1,24,0,0,0
51,2,1,0,1,0,1,1,4.3364,1,26,0,0,0
48,2,1,0,1,0,1,0,4.4052,1,28,0,0,0
44,2,1,0,1,0,1,1,4.261,1,23,0,0,0
49,2,1,0,1,0,1,0,4.2937,1,28,0,0,0
47,2,1,0,1,0,1,1,4.2485,1,26,0,0,0
46,2,1,0,1,0,1,1,4.3381,1,31,0,0,0
46,2,1,0,1,0,1,0,4.3959,1,26,0,0,0
38,2,1,0,1,0,0,1,3.9354,1,17,0,1,0
47,2,1,0,1,0,1,1,4.3045,1,26,0,0,0
47,2,0,0,1,0,1,0,4.3741,1,26,0,0,0
44,2,0,0,1,0,1,0,4.3454,1,24,0,0,0
51,2,0,0,1,0,1,1,4.2451,1,27,0,0,0
36,2,1,0,1,0,0,0,4.1388,1,16,0,1,0
53,2,1,0,1,0,1,1,4.3122,1,28,0,0,0
43,2,0,0,1,0,1,0,4.2954,1,24,0,0,0
46,2,1,0,1,0,1,0,4.4038,1,25,0,0,0
37,2,1,0,1,0,1,1,4.2222,1,22,0,0,0
43,2,1,0,1,0,1,1,4.2023,1,28,0,0,0
46,2,1,0,1,0,1,0,4.4473,1,25,0,0,0
53,2,1,0,1,0,1,1,4.2386,1,28,0,0,0
44,3,0,0,1,0,1,0,4.4191,1,26,0,0,0
34,2,1,0,1,0,1,0,4.2195,1,26,0,0,0
55,2,0,0,1,0,1,0,4.5407,1,26,0,0,0
34,2,1,0,1,0,1,0,4.1973,1,26,0,0,0
30,2,1,0,1,0,0,1,3.8151,0,9,0,1,0
43,3,0,0,1,0,1,0,4.3907,1,25,0,0,1
48,2,1,0,1,0,1,1,4.3321,1,26,0,0,0
44,3,1,0,1,0,1,0,4.3393,1,25,0,0,0
45,2,1,0,1,0,1,0,4.3033,1,23,0,0,0
45,2,0,0,1,0,1,0,4.3304,1,25,0,0,0
47,2,1,0,1,0,1,0,4.4327,1,25,0,0,0
36,2,1,0,1,0,1,0,3.9722,1,28,0,0,0
44,2,1,0,1,0,1,1,4.2999,1,29,0,0,0
31,2,1,0,1,0,0,1,4.0266,0,16,0,1,1
51,2,1,0,1,0,1,1,4.3531,1,29,0,0,0
45,3,1,0,1,0,1,0,4.4579,1,26,0,0,0
49,2,1,0,1,0,1,0,4.4644,1,26,0,0,0
45,3,1,0,1,0,1,0,4.4025,1,26,0,0,0
46,2,1,0,1,0,1,1,4.2468,1,25,0,0,0
56,2,1,0,1,0,1,0,4.5309,1,26,0,0,0
48,2,1,0,1,0,1,1,4.3321,1,26,0,0,0
48,2,1,0,1,0,1,0,4.1715,1,28,0,0,0
50,3,1,0,1,0,1,0,4.4182,1,31,0,0,0
48,2,0,0,1,0,1,1,4.2645,1,28,0,0,0
44,3,0,0,1,0,1,0,4.3565,1,26,0,0,0
58,2,0,0,1,0,1,1,4.4633,1,29,0,0,0
46,3,1,0,1,0,1,1,4.4522,1,27,0,0,0
48,2,1,0,1,0,1,1,4.3971,1,27,0,0,0
51,2,1,0,1,0,1,0,4.4521,1,28,0,0,0
45,2,0,0,1,0,1,1,4.2757,1,25,0,0,0
46,2,1,0,1,0,1,0,4.3174,1,24,0,0,0
55,2,0,0,1,0,1,0,4.459,1,26,0,0,0
47,2,1,0,1,0,1,0,4.4083,1,24,0,0,0
57,2,0,0,1,0,1,0,4.3872,1,28,0,0,0
50,2,1,0,1,0,1,1,4.2464,1,29,0,0,0
50,2,1,0,1,0,1,0,4.3762,1,28,0,0,0
39,2,1,0,1,0,0,1,3.9066,1,18,0,1,0
47,2,1,0,1,0,1,1,4.2485,1,22,0,0,0
55,2,0,0,1,0,1,0,4.416,1,26,0,0,0
39,2,1,0,1,0,1,0,4.3655,1,31,0,0,0
44,2,0,0,1,0,1,0,4.3259,1,23,0,0,0
55,2,1,0,1,0,1,0,4.3588,1,25,0,0,0
47,2,1,0,1,0,1,0,4.4509,1,24,0,0,0
47,2,1,0,1,0,1,1,4.3072,1,26,0,0,0
45,2,1,0,1,0,1,0,4.3033,1,23,0,0,0
41,2,0,0,1,0,1,1,4.485,1,27,0,0,0
49,3,0,0,1,0,1,0,4.4611,1,31,0,0,0
40,2,1,0,1,0,1,0,4.1562,0,20,0,1,0
48,2,1,0,1,0,0,0,4.2542,1,18,0,1,0
33,2,1,0,0,0,0,0,4.1879,1,14,0,1,0
55,2,0,0,1,0,1,0,4.4524,1,26,0,0,0
49,2,1,0,1,0,1,1,4.2241,1,24,0,0,0
38,2,1,0,1,0,1,1,4.2866,1,23,0,0,0
50,2,1,0,1,0,1,1,4.2562,1,25,0,0,0
41,2,1,0,1,0,1,1,4.2595,1,26,0,0,0
44,2,0,0,1,0,0,1,4.0643,1,20,1,1,0
49,2,1,0,1,0,1,1,4.4978,1,27,0,0,0
51,2,0,0,1,0,1,0,4.3748,1,31,0,0,1
42,2,1,0,1,0,0,1,3.9098,1,17,1,1,0
51,2,1,0,1,0,1,0,4.4128,1,31,0,0,0
52,2,1,0,1,0,1,1,4.3901,1,29,0,0,0
47,2,1,0,1,0,1,1,4.4774,1,27,0,0,0
55,2,0,0,1,0,1,0,4.4023,1,26,0,0,0
45,3,1,0,1,0,1,0,4.369,1,26,0,0,0
49,3,1,0,1,0,1,0,4.4048,1,30,0,0,0
51,2,1,0,1,0,1,0,4.4128,1,31,0,0,0
35,1,1,0,0,0,0,0,4.0716,1,13,0,1,0
48,2,1,0,1,0,1,1,4.3321,1,26,0,0,0
39,2,1,0,1,0,0,1,3.9527,1,18,0,1,0
48,2,1,0,1,0,1,1,4.304,1,27,0,0,0
28,2,1,0,1,0,0,0,3.5976,1,20,1,1,0
38,2,1,0,1,0,1,1,4.2866,1,23,0,0,0
34,2,1,0,1,0,1,0,4.2561,1,26,0,0,0
35,2,1,0,1,0,0,0,3.9789,1,14,0,1,0
43,1,0,0,0,0,1,0,4.4144,1,21,0,0,0
32,2,1,0,1,0,1,0,4.1167,1,24,0,0,0
39,2,1,0,1,0,0,1,4.1385,0,19,0,1,0
35,2,1,0,1,0,0,0,4.0144,1,14,1,1,0
46,2,0,0,1,0,1,1,4.3338,1,26,0,0,0
41,2,1,0,1,0,0,1,3.8266,1,20,1,1,0
40,2,1,0,1,0,1,1,4.3776,1,25,0,0,0
60,2,0,0,1,0,1,0,4.4502,1,31,0,0,0
35,2,1,0,1,0,1,0,4.1719,1,27,0,0,0
46,3,0,0,1,0,1,0,4.4065,1,28,0,0,0
49,2,1,0,1,0,1,0,4.5052,1,26,0,0,0
46,2,1,0,1,0,1,0,4.2739,1,24,0,0,0
45,2,0,0,1,0,1,0,4.4193,1,25,0,0,0
36,2,0,0,1,0,0,0,4.107,1,16,0,1,0
49,2,1,0,1,0,1,0,4.5561,1,26,0,0,0
53,2,1,0,1,0,1,0,4.4,1,31,0,0,0
51,2,1,0,1,0,1,1,4.2747,1,26,0,0,0
33,2,0,0,1,0,1,0,4.2256,1,26,0,0,0
43,2,0,0,1,0,0,0,4.1383,0,14,0,1,0
44,2,1,0,1,0,1,0,4.3259,1,24,0,0,0
44,2,1,0,1,0,1,0,4.2716,1,23,0,0,0
46,2,1,0,1,0,1,1,4.3253,1,26,0,0,0
49,2,1,0,1,0,1,1,4.2937,1,29,0,0,0
36,1,1,0,0,0,0,1,4.149,0,15,0,1,0
42,2,0,0,1,0,1,1,4.2641,1,28,0,0,0
42,2,1,0,1,0,1,1,4.475,1,27,0,0,0
49,2,1,0,1,0,1,1,4.457,1,27,0,0,0
45,2,0,0,1,0,1,0,4.4003,1,24,0,0,0
45,2,0,0,1,0,1,1,4.3726,1,25,0,0,0
44,2,1,0,1,0,1,0,4.2976,1,24,0,0,0
37,2,1,0,1,0,0,0,4.1753,1,14,0,1,0
21,2,1,0,1,0,0,0,3.6897,1,13,0,1,0
46,2,1,0,1,0,1,1,4.2304,1,25,0,0,0
46,2,1,0,1,0,1,1,4.3937,1,25,0,0,0
46,2,1,0,1,0,1,0,4.4043,1,26,0,0,0
51,2,1,0,1,0,1,0,4.3736,1,31,0,0,0
49,2,1,0,1,0,1,0,4.4256,1,26,0,0,0
52,2,1,0,1,0,1,1,4.4285,1,29,0,0,0
54,2,1,0,1,0,1,0,4.3941,1,24,0,0,0
44,3,0,0,1,0,1,0,4.3736,1,26,0,0,0
43,2,1,0,1,0,1,0,4.3129,1,23,0,0,0
50,2,1,0,1,0,1,1,4.2182,1,25,0,0,0
49,2,1,0,1,0,1,0,4.2529,1,28,0,0,0
52,2,0,0,1,0,1,1,4.1499,1,28,0,0,0
35,2,1,0,1,0,0,0,4.0791,0,14,0,1,0
45,2,0,0,1,0,1,1,4.3391,1,25,0,0,0
58,2,0,0,1,0,1,1,4.3943,1,29,0,0,0
41,2,0,0,1,0,0,1,3.9948,1,17,0,1,0
40,2,0,0,1,0,1,1,4.3653,1,26,0,0,0
45,2,1,0,1,0,1,1,4.3813,1,24,0,0,0
42,3,1,0,1,0,1,0,4.3501,1,23,0,0,0
51,2,1,0,1,0,1,1,4.3139,1,29,0,0,0
45,3,1,0,1,0,1,0,4.4579,1,26,0,0,0
48,3,1,0,1,0,1,1,4.4571,1,29,0,0,0
46,2,1,0,1,0,1,0,4.3275,1,25,0,0,0
43,2,1,0,1,0,1,0,4.3129,1,23,0,0,0
48,2,1,0,1,0,1,0,4.3219,1,28,0,0,0
50,2,1,0,1,0,1,1,4.2562,1,25,0,0,0
49,2,1,0,1,0,1,1,4.3753,1,29,0,0,0
43,2,0,0,1,0,1,0,4.0979,0,23,0,1,0
24,2,0,0,1,0,0,0,3.7202,0,17,0,1,0
53,2,1,0,1,0,1,0,4.4,1,31,0,0,0
47,2,1,0,1,0,1,1,4.3045,1,26,0,0,0
26,2,1,0,1,0,0,1,3.9501,1,18,0,1,0
44,3,1,0,1,0,1,0,4.3393,1,25,0,0,0
48,2,1,0,1,0,1,1,4.2904,1,26,0,0,0
47,2,1,0,1,0,0,0,4.3072,1,17,0,1,0
55,2,1,0,1,0,1,0,4.4954,1,25,0,0,0
54,2,1,0,1,0,1,1,4.2931,1,29,0,0,0
51,2,1,0,1,0,1,1,4.2747,1,26,0,0,0
44,3,1,0,1,0,1,0,4.4019,1,25,0,0,0
45,2,1,0,1,0,0,1,4.1862,1,24,0,1,0
51,2,1,0,1,0,1,1,4.2552,1,26,0,0,0
47,2,1,0,1,0,1,0,4.4509,1,24,0,0,0
47,2,0,0,1,0,1,0,4.3741,1,26,0,0,0
51,2,1,0,1,0,1,0,4.3736,1,31,0,0,0
52,2,1,0,1,0,1,0,4.3653,1,31,0,0,0
51,2,1,0,1,0,1,0,4.4913,1,28,0,0,0
52,2,1,0,1,0,1,0,4.3653,1,31,0,0,0
43,3,0,0,1,0,1,0,4.4083,1,25,0,0,0
36,2,1,0,1,0,0,0,4.0305,1,14,0,1,0
41,1,1,0,0,0,1,0,4.2571,1,21,0,0,0
51,2,0,0,1,0,1,1,4.4373,1,29,0,0,0
57,2,1,0,1,0,1,1,4.4868,1,27,0,0,0
38,2,1,0,1,0,0,1,3.9053,0,13,0,1,0
45,2,1,0,1,0,1,0,4.3304,1,24,0,0,0
47,2,1,0,1,0,1,1,4.2646,1,26,0,0,0
48,2,1,0,1,0,1,1,4.3061,1,27,0,0,1
49,2,1,0,1,0,1,1,4.1979,1,28,0,0,0
40,2,1,0,0,0,1,0,4.3776,1,21,0,0,0
47,2,1,0,1,0,1,0,4.4426,1,26,0,0,0
57,2,1,0,1,0,1,1,4.5219,1,27,0,0,0
45,2,1,0,1,0,1,1,4.3201,1,24,0,0,0
22,2,1,0,1,0,0,0,3.7322,1,14,0,1,0
43,1,1,0,0,0,1,0,4.2465,1,21,0,0,0
39,3,1,0,1,0,0,0,4.0385,1,20,0,1,1
46,2,0,0,1,0,0,0,4.2982,1,17,0,1,1
43,2,1,0,1,0,0,0,4.4144,1,20,0,1,0
46,2,0,0,1,0,1,1,4.3275,1,26,0,0,0
44,2,1,0,1,0,1,1,4.3065,1,23,0,0,0
41,1,1,0,0,0,1,0,4.3059,1,21,0,0,0
31,1,1,0,0,0,0,0,3.9102,0,11,0,1,0
45,2,0,0,1,0,1,1,4.3413,1,31,0,0,0
43,2,0,0,1,0,1,0,4.2199,1,22,0,0,0
48,2,1,0,1,0,1,0,4.1557,1,28,0,0,0
48,2,1,0,1,0,1,0,4.4052,1,28,0,0,0
47,2,1,0,1,0,1,0,4.4083,1,24,0,0,0
33,2,1,0,1,0,0,0,3.8818,1,13,0,1,0
25,2,1,0,1,0,0,0,3.9737,1,17,0,1,0
41,2,0,0,1,0,1,1,4.2018,1,27,0,0,0
45,2,0,0,1,0,1,0,4.4025,1,23,0,0,0
38,2,0,0,1,0,0,0,3.9156,1,18,1,1,0
48,2,1,0,1,0,1,0,4.52,1,25,0,0,0
42,1,1,0,0,0,1,1,4.2977,1,21,0,0,0
46,2,1,0,1,0,1,0,4.3959,1,23,0,0,0
46,2,0,0,1,0,1,0,4.3959,1,25,0,0,0
48,2,1,0,1,0,1,1,4.4031,1,26,0,0,0
36,2,1,0,1,0,0,0,3.8599,0,14,0,1,0
46,2,0,0,1,0,1,0,4.5342,1,24,0,0,1
53,2,1,0,1,0,1,0,4.3649,1,23,0,0,1
48,2,0,0,1,0,1,0,4.3116,1,28,0,0,0
50,2,0,0,1,0,1,1,4.3362,1,29,0,0,0
50,2,1,0,1,0,1,0,4.2402,1,28,0,0,0
35,2,1,0,1,0,0,1,4.036,1,14,0,1,0
48,2,1,0,1,0,1,0,4.4864,1,26,0,0,0
31,2,0,0,1,0,1,0,4.1069,1,24,0,0,0
45,2,1,0,1,0,1,1,4.3813,1,24,0,0,0
50,2,1,0,1,0,1,1,4.4962,1,27,0,0,0
49,2,1,0,1,0,1,0,4.5152,1,26,0,0,0
34,2,1,0,1,0,1,1,4.0797,1,26,0,0,0
34,2,0,0,1,0,1,1,4.396,1,27,0,0,0
48,2,1,0,1,0,1,1,4.3457,1,27,0,0,0
42,2,1,0,1,0,0,0,4.1392,1,22,0,1,0
44,2,0,0,1,0,1,0,4.408,1,24,0,0,0
57,2,1,0,1,0,1,1,4.5569,1,27,0,0,0
33,2,1,0,1,0,0,0,3.9306,1,12,0,1,0
39,2,0,0,0,0,1,0,4.3362,1,21,0,0,0
48,2,1,0,1,0,1,0,4.2548,1,28,0,0,0
49,2,0,0,1,0,1,0,4.2212,1,28,0,0,0
50,3,1,0,1,0,1,0,4.4182,1,31,0,0,0
20,2,0,0,1,0,0,1,3.8219,0,13,0,1,0
47,2,1,0,1,0,1,0,4.4426,1,26,0,0,0
52,2,1,0,1,0,1,0,4.347,1,30,0,0,0
34,2,1,0,1,0,0,1,4.1973,1,19,0,1,0
45,2,1,0,1,0,1,0,4.3835,1,25,0,0,1
50,2,0,0,1,0,1,1,4.2562,1,26,0,0,0
56,2,1,0,1,0,1,0,4.4172,1,26,0,0,0
48,2,1,0,1,0,1,0,4.4052,1,28,0,0,1
45,2,1,0,1,0,1,0,4.3835,1,25,0,0,0
43,2,1,0,1,0,0,1,4.2199,0,23,0,1,0
45,2,1,0,1,0,1,0,4.3304,1,24,0,0,0
34,2,0,0,1,0,0,0,4.1241,0,12,0,1,0
44,2,1,0,1,0,1,0,4.2805,1,24,0,0,0
16,2,0,0,1,0,0,0,3.25,1,9,0,1,0
45,3,1,0,1,0,1,0,4.3858,1,26,0,0,0
48,2,1,0,1,0,1,1,4.3457,1,27,0,0,0
25,1,1,0,0,0,0,1,4.1337,1,10,0,1,0
36,3,1,0,1,0,0,0,4.0651,0,17,0,1,0
50,2,1,0,1,0,1,1,4.2864,1,29,0,0,0
50,2,1,0,1,0,1,1,4.2464,1,29,0,0,0
47,2,0,0,1,0,1,1,4.3232,1,27,0,0,0
45,2,1,0,1,0,1,0,4.3304,1,24,0,0,0
39,2,1,0,1,0,1,0,4.3143,1,31,0,0,0
44,2,0,0,1,0,0,0,4.2201,0,23,0,1,0
46,2,1,0,1,0,1,0,4.2925,1,26,0,0,0
48,2,0,0,1,0,1,0,4.5276,1,26,0,0,0
46,2,0,0,1,0,1,1,4.2739,1,26,0,0,0
43,2,1,0,1,0,1,1,4.2465,1,22,0,0,0
50,2,1,0,1,0,1,0,4.1451,1,28,0,0,0
47,2,1,0,1,0,1,0,4.3072,1,24,0,0,0
45,2,1,0,1,0,1,0,4.2167,1,25,0,0,0
45,3,1,0,1,0,1,1,4.4053,1,26,0,0,0
50,2,1,0,1,0,1,1,4.2864,1,29,0,0,0
55,2,0,0,1,0,1,0,4.4453,1,26,0,0,0
54,2,1,0,1,0,1,0,4.5581,1,31,0,0,0
43,2,1,0,1,0,1,1,4.2,1,22,0,0,0
52,2,0,0,1,0,1,0,4.4506,1,23,0,0,0
46,2,0,0,1,0,1,0,4.3874,1,24,0,0,0
35,3,0,0,1,0,0,1,3.9357,1,17,0,1,0
50,2,0,0,1,0,1,1,4.2304,1,26,0,0,0
42,2,1,0,1,0,0,0,4.1596,1,20,0,1,0
24,2,1,0,1,0,0,1,3.4864,0,16,0,1,0
51,2,1,0,1,0,1,0,4.5061,1,28,0,0,0
45,2,0,0,1,0,1,1,4.3835,1,26,0,0,0
55,2,1,0,1,0,1,0,4.3588,1,25,0,0,0
42,2,0,0,1,0,0,1,3.9574,1,18,1,1,0
46,2,0,0,1,0,1,1,4.2512,1,25,0,0,0
40,2,1,0,1,0,1,1,4.4276,1,25,0,0,0
47,3,1,0,1,0,1,0,4.4452,1,28,0,0,0
34,2,1,0,1,0,1,0,4.1973,1,26,0,0,1
53,2,0,0,1,0,1,0,4.2987,1,24,0,0,0
35,2,0,0,1,0,0,1,3.9085,1,21,0,1,0
50,2,0,0,1,0,1,1,4.2704,1,26,0,0,0
43,2,1,0,1,0,0,0,4.2816,0,20,0,1,0
35,2,1,0,1,0,0,1,4.0116,1,14,1,1,0
45,2,1,0,1,0,1,0,4.3391,1,25,0,0,0
44,2,1,0,1,0,1,0,4.2633,1,24,0,0,0
48,2,0,0,1,0,1,0,4.5042,1,26,0,0,1
43,3,1,0,1,0,1,0,4.3152,1,24,0,0,0
47,2,0,0,1,0,1,0,4.3315,1,26,0,0,0
34,2,1,0,1,0,1,0,4.3738,1,26,0,0,0
36,1,1,0,0,0,0,0,4.2947,1,13,0,1,0
33,2,1,0,1,0,1,0,4.1879,1,25,0,0,0
39,2,0,0,1,0,1,1,4.3168,1,25,0,0,0
47,2,1,0,1,0,1,0,4.3315,1,25,0,0,0
36,2,1,0,1,0,0,0,4.086,1,14,0,1,0
40,2,1,0,1,0,0,0,3.9964,1,18,0,1,0
42,2,1,0,1,0,0,0,4.3001,0,12,0,1,0
45,3,1,0,1,0,1,0,4.3245,1,26,0,0,0
44,2,0,0,1,0,1,0,4.3088,1,25,0,0,0
45,2,1,0,1,0,1,0,4.3304,1,24,0,0,0
49,2,0,0,1,0,1,1,4.362,1,29,0,0,0
42,2,1,0,1,0,0,1,3.9128,0,17,0,1,0
36,2,1,0,1,0,0,0,4.0487,1,16,0,1,1
41,2,1,0,1,0,0,0,4.1779,1,11,0,1,0
37,2,1,0,1,0,0,0,4.1008,1,16,0,1,0
48,2,1,0,1,0,1,0,4.3717,1,26,0,0,0
48,2,0,0,1,0,1,1,4.3813,1,24,0,0,0
56,2,1,0,1,0,1,0,4.395,1,26,0,0,0
50,2,1,0,1,0,1,1,4.3382,1,29,0,0,0
44,3,0,0,1,0,1,0,4.4019,1,26,0,0,0
37,2,0,0,1,0,0,1,3.9012,0,13,0,1,0
44,2,0,0,1,0,1,1,4.3431,1,24,0,0,0
57,2,0,0,1,0,1,0,4.4355,1,28,0,0,0
49,2,1,0,1,0,1,0,4.3286,1,28,0,0,0
52,2,1,0,1,0,1,0,4.3653,1,31,0,0,1
50,2,1,0,1,0,0,0,4.262,0,20,0,1,0
56,2,1,0,1,0,1,0,4.4307,1,26,0,0,0
55,2,0,0,1,0,1,0,4.5251,1,26,0,0,0
52,2,1,0,1,0,1,1,4.4632,1,31,0,0,0
47,2,1,0,1,0,1,0,4.3901,1,26,0,0,0
40,2,0,0,1,0,0,1,4.0537,0,21,0,1,0
43,3,1,0,1,0,1,0,4.2801,1,24,0,0,0
41,2,1,0,1,0,0,1,4.0132,1,16,0,1,0
52,2,1,0,1,0,0,0,4.2001,0,22,0,1,0
44,2,1,0,1,0,1,0,4.2716,1,23,0,0,0
51,2,1,0,1,0,1,1,4.2552,1,26,0,0,0
46,2,1,0,1,0,1,1,4.3174,1,25,0,0,1
47,3,0,0,1,0,1,1,4.4717,1,29,0,0,0
39,2,0,0,1,0,1,1,4.3168,1,25,0,0,0
50,2,1,0,1,0,1,1,4.226,1,25,0,0,0
45,2,1,0,1,0,1,0,4.3391,1,25,0,0,0
51,2,1,0,1,0,1,1,4.2972,1,26,0,0,0
45,2,0,0,1,0,1,0,4.3581,1,25,0,0,0
49,2,1,0,1,0,1,1,4.362,1,24,0,0,0
56,2,1,0,1,0,1,0,4.4442,1,26,0,0,0
37,2,1,0,1,0,0,0,4.0981,1,17,0,1,0
34,2,0,0,1,0,0,0,4.0064,1,14,0,1,0
43,1,1,0,0,0,1,0,4.293,1,21,0,0,0
42,1,1,0,0,0,1,1,4.2977,1,21,0,0,0
36,2,1,0,1,0,1,0,4.1042,1,28,0,0,0
43,2,1,0,1,0,0,1,4.2755,1,23,0,1,0
44,2,1,0,1,0,1,1,4.3065,1,23,0,0,0
47,2,0,0,1,0,1,0,4.3559,1,26,0,0,0
51,2,1,0,1,0,1,1,4.2159,1,26,0,0,0
44,3,1,0,1,0,1,0,4.3393,1,25,0,0,0
48,2,0,0,1,0,1,1,4.2615,1,28,0,0,0
47,2,1,0,1,0,1,0,4.3476,1,26,0,0,0
47,2,1,0,1,0,1,0,4.3315,1,25,0,0,0
42,3,0,0,1,0,1,0,4.4453,1,24,0,0,0
41,2,1,0,1,0,1,1,4.3083,1,26,0,0,0
45,2,1,0,1,0,1,1,4.3369,1,24,0,0,0
32,2,1,0,1,0,0,1,4.2653,1,17,0,1,0
45,2,0,0,1,0,1,0,4.4637,1,23,0,0,0
49,2,1,0,1,0,1,1,4.3212,1,28,0,0,0
48,2,0,0,1,0,0,0,4.2624,1,19,0,1,0
48,2,1,0,1,0,1,1,4.2487,1,23,0,0,0
47,2,1,0,1,0,1,1,4.3497,1,26,0,0,0
49,2,1,0,1,0,1,0,4.4356,1,26,0,0,0
49,2,0,0,1,0,1,1,4.2416,1,25,0,0,0
55,2,1,0,1,0,1,0,4.3726,1,25,0,0,1
33,3,0,0,1,0,0,0,3.9981,1,15,0,1,0
48,3,1,0,1,0,1,1,4.4154,1,29,0,0,0
53,2,1,0,1,0,1,1,4.133,1,28,0,0,0
42,3,1,0,1,0,1,0,4.1892,1,23,0,0,0
33,2,0,0,1,0,1,1,4.173,1,26,0,0,0
49,2,1,0,1,0,1,1,4.1979,1,28,0,0,0
39,3,1,0,1,0,0,0,4.1411,1,20,0,1,0
37,2,0,0,1,0,0,1,3.8267,1,17,0,1,0
40,3,1,0,1,0,1,0,4.2087,0,21,0,1,0
35,2,1,0,1,0,1,1,4.3217,1,27,0,0,1
48,2,0,0,1,0,1,1,4.3397,1,28,0,0,1
40,2,1,0,0,0,1,0,4.3776,1,21,0,0,0
43,3,1,0,1,0,1,0,4.3907,1,24,0,0,0
36,2,1,0,1,0,0,0,4.1388,1,14,0,1,0
41,2,1,0,1,0,0,0,4.2779,0,18,0,1,0
29,2,1,0,1,0,0,1,4.2542,1,14,0,1,0
47,2,1,0,1,0,1,0,4.4166,1,25,0,0,0
45,2,1,0,1,0,1,0,4.3472,1,24,0,0,0
34,2,1,0,1,0,1,1,4.2928,0,19,0,1,0
46,2,1,0,1,0,1,0,4.3275,1,25,0,0,0
33,2,1,0,1,0,0,0,4.0259,1,13,0,1,0
42,3,1,0,1,0,1,0,4.3501,1,23,0,0,0
48,2,1,0,1,0,1,0,4.4783,1,25,0,0,0
36,2,1,0,1,0,1,0,4.0487,1,28,0,0,0
55,2,1,0,1,0,1,0,4.4089,1,25,0,0,1
41,2,1,0,1,0,1,1,4.3083,1,26,0,0,0
46,2,1,0,1,0,1,0,4.3174,1,24,0,0,0
37,2,0,0,1,0,0,0,3.8384,1,18,1,1,0
45,2,0,0,1,0,0,0,4.1967,1,16,0,1,0
38,2,1,0,1,0,1,1,4.2866,1,23,0,0,0
34,2,1,0,1,0,1,1,4.1607,1,26,0,0,0
45,2,1,0,1,0,1,0,4.3304,1,24,0,0,0
47,2,1,0,1,0,1,0,4.289,1,25,0,0,0
47,2,1,0,1,0,1,1,4.3497,1,26,0,0,0
43,1,1,0,0,0,1,0,4.293,1,21,0,0,0
42,3,1,0,1,0,1,0,4.3024,1,23,0,0,0
48,2,0,0,1,0,1,0,4.5221,1,26,0,0,0
41,1,1,0,0,0,1,0,4.2083,1,21,0,0,0
53,2,0,0,1,0,1,0,4.5766,1,31,0,0,0
41,2,1,0,1,0,1,1,4.3267,1,26,0,0,0
43,2,1,0,1,0,1,0,4.3129,1,23,0,0,0
45,3,1,0,1,0,1,0,4.3245,1,26,0,0,0
46,2,1,0,1,0,1,0,4.301,1,26,0,0,0
44,2,1,0,1,0,0,0,4.2096,1,14,0,1,0
46,2,1,0,1,0,1,1,4.3174,1,25,0,0,0
50,2,1,0,1,0,1,1,4.266,1,25,0,0,0
45,1,0,0,0,0,1,1,4.2524,1,21,0,0,0
31,2,1,0,1,0,0,0,4.051,0,10,0,1,1
54,2,0,0,1,0,1,0,4.4171,1,25,0,0,1
44,2,1,0,1,0,1,0,4.2805,1,24,0,0,0
59,2,1,0,1,0,1,1,4.4165,1,29,0,0,0
49,2,1,0,1,0,1,0,4.449,1,26,0,0,0
40,2,0,0,1,0,1,1,4.4964,1,26,0,0,0
33,2,1,0,1,0,1,0,4.2485,1,25,0,0,0
47,2,1,0,1,0,1,1,4.3476,1,26,0,0,0
47,2,0,0,1,0,1,1,4.3658,1,27,0,0,0
37,2,1,0,1,0,1,1,4.1212,1,29,0,0,0
54,2,1,0,1,0,1,1,4.2561,1,29,0,0,0
51,2,1,0,1,0,1,1,4.2747,1,26,0,0,0
55,2,1,0,1,0,1,0,4.3726,1,25,0,0,0
51,2,1,0,1,0,1,0,4.5453,1,28,0,0,0
52,2,1,0,1,0,1,1,4.2841,1,27,0,0,0
43,2,1,0,1,0,1,1,4.2488,1,28,0,0,0
43,1,1,0,0,0,1,0,4.293,1,21,0,0,0
34,2,1,0,1,0,1,0,4.1973,1,26,0,0,0
18,2,0,0,1,0,0,0,3.4613,1,11,0,1,0
47,2,1,0,1,0,1,0,4.4,1,26,0,0,0
52,2,0,0,1,0,1,0,4.3736,1,23,0,0,0
39,2,1,0,1,0,0,0,4.2723,1,16,0,1,0
46,2,0,0,1,0,1,1,4.3688,1,26,0,0,0
50,2,1,0,1,0,1,1,4.2562,1,25,0,0,0
36,2,1,0,1,0,0,0,3.9512,1,16,0,1,0
56,2,1,0,1,0,1,0,4.4242,1,26,0,0,0
49,2,1,0,1,0,1,0,4.5969,1,26,0,0,0
53,2,0,0,1,0,1,0,4.3507,1,24,0,0,0
49,2,1,0,1,0,1,0,4.1416,1,27,0,0,0
32,2,1,0,1,0,1,0,4.2417,1,24,0,0,0
48,2,1,0,1,0,1,0,4.4864,1,26,0,0,0
48,2,1,0,1,0,1,0,4.3478,1,26,0,0,0
52,2,1,0,1,0,0,0,4.2198,0,22,0,1,0
45,3,1,0,1,0,1,0,4.4579,1,26,0,0,0
38,2,0,0,1,0,1,0,4.3237,1,31,0,0,0
58,2,1,0,1,0,1,0,4.3342,1,28,0,0,1
53,2,1,0,1,0,1,1,4.2386,1,28,0,0,0
45,3,1,0,1,0,1,0,4.3581,1,26,0,0,0
47,2,0,0,1,0,1,0,4.3176,1,28,0,0,0
48,2,0,0,1,0,1,1,4.2406,1,24,0,0,0
46,2,1,0,1,0,1,1,4.3381,1,31,0,0,0
33,2,1,0,1,0,1,0,4.3091,1,25,0,0,0
48,3,1,0,1,0,1,1,4.4571,1,29,0,0,0
48,2,1,0,1,0,1,0,4.4864,1,26,0,0,0
47,2,0,0,1,0,1,0,4.5095,1,26,0,0,0
29,1,1,0,0,0,1,0,4.0902,1,21,0,0,0
47,2,1,0,1,0,1,1,4.3497,1,26,0,0,0
55,2,1,0,1,0,1,1,4.3833,1,30,0,0,0
42,3,1,0,1,0,1,0,4.3501,1,23,0,0,0
46,2,1,0,1,0,1,1,4.3937,1,25,0,0,0
49,2,1,0,1,0,1,0,4.3286,1,28,0,0,0
56,2,0,0,1,0,1,1,4.5309,1,27,0,0,0
41,2,1,0,1,0,0,0,4.1715,1,19,0,1,0
47,2,1,0,1,0,1,0,4.4083,1,24,0,0,0
49,2,1,0,1,0,1,1,4.3753,1,29,0,0,0
39,2,1,0,1,0,0,0,4.1479,1,16,0,1,0
45,2,1,0,1,0,1,0,4.4361,1,24,0,0,0
42,2,1,0,1,0,1,1,4.4273,1,27,0,0,0
34,2,1,0,1,0,1,1,4.2195,1,26,0,0,0
31,2,1,0,1,0,1,0,4.1715,1,23,0,0,0
35,2,1,0,1,0,1,1,4.3789,1,27,0,0,0
34,2,0,0,1,0,1,1,4.396,1,27,0,0,0
58,2,1,0,1,0,1,0,4.2652,1,28,0,0,0
43,2,0,0,1,0,1,0,4.2863,1,23,0,0,0
34,3,0,0,1,0,0,0,3.9176,0,16,0,1,0
55,2,0,0,1,0,1,0,4.5251,1,26,0,0,0
49,2,1,0,1,0,1,1,4.2783,1,29,0,0,0
50,2,0,0,1,0,1,1,4.3933,1,26,0,0,0
45,2,1,0,1,0,1,0,4.2589,1,23,0,0,0
47,2,0,0,1,0,1,0,4.5437,1,25,0,0,0
46,2,1,0,1,0,1,0,4.2575,1,26,0,0,0
47,2,0,0,1,0,1,0,4.2304,1,28,0,0,0
52,2,1,0,1,0,1,1,4.4247,1,31,0,0,0
52,2,1,0,1,0,1,1,4.4285,1,29,0,0,0
56,2,1,0,1,0,1,1,4.3406,1,26,0,0,0
38,2,1,0,1,0,1,1,4.234,1,23,0,0,0
35,3,1,0,1,0,0,0,4.2214,0,16,0,1,0
57,2,1,0,1,0,1,1,4.4868,1,27,0,0,0
45,2,1,0,1,0,0,1,4.0665,0,20,0,1,0
47,2,1,0,1,0,0,0,4.2143,1,17,0,1,0
31,3,0,0,1,0,0,0,3.9292,0,13,0,1,0
23,2,0,0,1,0,0,1,3.882,1,16,1,1,0
57,2,0,0,1,0,1,0,4.2973,1,28,0,0,0
48,2,1,0,1,0,1,0,4.4052,1,25,0,0,0
46,2,1,0,1,0,1,1,4.3174,1,25,0,0,0
41,2,1,0,1,0,0,1,3.8948,1,21,1,1,0
47,2,1,0,1,0,1,1,4.3072,1,26,0,0,0
44,2,0,0,1,0,0,1,4.0426,1,20,0,1,0
50,2,1,0,1,0,1,1,4.2864,1,29,0,0,0
34,2,0,0,1,0,0,1,3.9003,1,14,0,1,0
47,2,0,0,1,0,1,0,4.1717,1,28,0,0,0
45,3,1,0,1,0,1,0,4.2969,1,26,0,0,0
43,3,1,0,1,0,1,0,4.2687,1,24,0,0,0
39,2,1,0,1,0,0,0,4.0898,0,17,0,1,0
23,2,0,0,1,0,0,0,3.6753,1,16,0,1,0
33,2,1,0,1,0,0,0,4.0518,1,12,0,1,0
23,2,1,0,1,0,0,0,3.7951,1,15,0,1,0
46,2,0,0,1,0,1,1,4.3253,1,26,0,0,0
42,2,1,0,1,0,0,0,4.3564,1,19,0,1,0
53,2,0,0,1,0,1,0,4.4639,1,24,0,0,0
32,2,1,0,1,0,0,1,4.3278,1,17,0,1,0
47,2,1,0,1,0,1,1,4.2646,1,26,0,0,0
49,2,1,0,1,0,1,1,4.457,1,26,0,0,0
47,2,1,0,1,0,1,0,4.3315,1,25,0,0,0
43,2,1,0,1,0,0,0,3.8943,0,22,0,1,0
37,2,1,0,1,0,0,0,4.108,0,16,0,1,0
38,2,1,0,1,0,1,1,4.1615,1,23,0,0,0
45,2,0,0,1,0,1,0,4.2779,1,25,0,0,0
54,2,1,0,1,0,1,0,4.4032,1,24,0,0,0
53,2,0,0,1,0,1,0,4.3884,1,24,0,0,0
47,2,1,0,1,0,1,0,4.3658,1,26,0,0,0
57,2,0,0,1,0,1,0,4.3457,1,28,0,0,0
30,2,1,0,1,0,0,0,4.0981,1,22,0,1,0
46,2,0,0,1,0,1,0,4.4144,1,26,0,0,0
35,2,0,0,1,0,1,0,4.2506,1,28,0,0,0
48,2,0,0,1,0,1,1,4.3397,1,24,0,0,0
34,3,1,0,1,0,0,0,4.0209,1,15,0,1,0
43,2,1,0,1,0,1,1,4.3328,1,28,0,0,0
34,2,1,0,1,0,0,1,3.8414,1,9,0,1,0
44,2,1,0,1,0,1,1,4.3454,1,29,0,0,0
60,2,0,0,1,0,1,0,4.4502,1,31,0,0,0
32,2,1,0,1,0,1,0,4.2417,1,24,0,0,0
48,2,1,0,1,0,1,0,4.3538,1,26,0,0,0
46,2,0,0,1,0,1,0,4.4309,1,24,0,0,0
54,2,1,0,1,0,1,0,4.357,1,24,0,0,0
46,2,1,0,1,0,1,0,4.3773,1,24,0,0,0
47,2,1,0,1,0,1,0,4.3232,1,26,0,0,0
42,1,1,0,0,0,1,0,4.2611,1,21,0,0,0
46,2,1,0,1,0,1,0,4.2575,1,26,0,0,0
42,2,0,0,1,0,0,1,4.062,0,18,0,1,0
40,2,1,0,1,0,1,1,4.4276,1,25,0,0,0
49,2,1,0,1,0,1,1,4.1599,1,24,0,0,0
37,3,1,0,1,0,0,0,4.1681,1,18,0,1,0
33,2,1,0,1,0,1,0,4.2485,1,25,0,0,0
40,1,0,0,0,0,1,0,4.2751,1,21,0,0,0
31,2,1,0,1,0,1,0,4.1471,1,23,0,0,0
47,2,1,0,1,0,1,0,4.3497,1,24,0,0,1
39,2,1,0,1,0,1,1,4.3681,1,24,0,0,0
47,3,1,0,1,0,1,1,4.3015,1,28,0,0,0
54,2,1,0,1,0,1,0,4.4542,1,24,0,0,0
53,2,1,0,1,0,1,0,4.3507,1,23,0,0,0
54,2,1,0,1,0,1,0,4.4032,1,24,0,0,0
39,2,1,0,1,0,1,0,4.3655,1,31,0,0,0
41,2,1,0,1,0,0,0,4.3571,0,18,0,1,0
34,2,1,0,1,0,0,0,3.9735,1,14,0,1,0
43,2,0,0,1,0,1,0,4.2664,1,22,0,0,0
50,2,1,0,1,0,1,1,4.3913,1,27,0,0,0
44,2,1,0,1,0,1,0,4.209,1,23,0,0,0
38,3,1,0,1,0,0,1,4.0761,1,19,0,1,1
51,2,1,0,1,0,1,1,4.2972,1,26,0,0,0
31,2,1,0,1,0,1,0,4.0826,1,23,0,0,0
46,2,1,0,1,0,1,0,4.4038,1,25,0,0,0
41,2,1,0,1,0,1,1,4.485,1,26,0,0,0
43,2,1,0,1,0,1,0,4.2023,1,23,0,0,0
47,2,1,0,1,0,1,0,4.552,1,24,0,0,0
43,2,1,0,1,0,1,1,4.2488,1,28,0,0,1
22,2,1,0,1,0,0,0,3.6978,1,14,0,1,0
56,2,1,0,1,0,1,1,4.4343,1,31,0,0,0
47,2,1,0,1,0,0,0,4.3072,1,17,0,1,0
36,2,1,0,1,0,1,0,4.1042,1,28,0,0,0
45,3,1,0,1,0,1,0,4.4025,1,26,0,0,0
45,3,1,0,1,0,1,1,4.3609,1,26,0,0,0
58,2,1,0,1,0,1,1,4.3665,1,28,0,0,0
46,2,1,0,1,0,1,1,4.3381,1,31,0,0,0
36,2,0,0,1,0,0,0,3.8611,1,16,0,1,0
39,3,1,0,1,0,0,0,4.163,1,20,0,1,0
40,2,0,0,1,0,1,1,4.3776,1,26,0,0,0
49,2,1,0,1,0,1,1,4.457,1,26,0,0,0
48,2,1,0,1,0,1,0,4.2721,1,27,0,0,0
48,2,0,0,1,0,1,1,4.4366,1,26,0,0,0
33,2,1,0,1,0,1,0,4.1879,1,25,0,0,0
42,2,1,0,1,0,1,1,4.1392,1,27,0,0,0
42,1,1,0,0,0,1,0,4.2611,1,21,0,0,0
53,2,0,0,1,0,1,0,4.5016,1,24,0,0,0
46,2,1,0,1,0,1,0,4.3275,1,25,0,0,0
43,2,0,0,1,0,1,0,4.3328,1,23,0,0,0
43,2,0,0,1,0,1,1,4.3015,1,23,0,0,0
52,2,1,0,1,0,1,0,4.3269,1,31,0,0,0
48,2,0,0,1,0,1,1,4.3397,1,24,0,0,0
42,2,0,0,1,0,1,1,4.3384,1,28,0,0,0
49,2,1,0,1,0,1,1,4.2937,1,29,0,0,0
40,2,1,0,1,0,0,1,4.0062,1,15,0,1,0
49,2,1,0,1,0,1,0,4.3286,1,28,0,0,0
49,2,1,0,1,0,1,0,4.4082,1,26,0,0,0
50,2,1,0,1,0,1,1,4.2962,1,25,0,0,0
47,2,0,0,1,0,1,0,4.5095,1,26,0,0,0
49,2,1,0,1,0,1,0,4.2529,1,28,0,0,0
47,2,1,0,1,0,1,1,4.3072,1,26,0,0,0
55,2,0,0,1,0,1,0,4.4524,1,26,0,0,0
51,2,1,0,1,0,1,1,4.3364,1,26,0,0,0
42,2,1,0,1,0,1,0,4.2228,1,22,0,0,0
53,2,1,0,1,0,1,1,4.3499,1,28,0,0,0
34,2,0,0,1,0,1,1,4.3372,1,27,0,0,0
48,2,1,0,1,0,1,0,4.4783,1,25,0,0,0
45,3,1,0,1,0,1,0,4.3581,1,26,0,0,0
42,2,1,0,1,0,0,0,4.2141,0,22,0,1,0
35,3,1,0,1,0,0,1,3.9888,1,16,0,1,0
34,2,0,0,1,0,1,0,4.2417,1,27,0,0,0
28,1,1,0,0,0,0,0,3.8249,0,7,0,1,0
44,3,1,0,1,0,1,0,4.3565,1,25,0,0,0
55,2,0,0,1,0,1,0,4.3886,1,26,0,0,0
59,2,1,0,1,0,1,1,4.4165,1,29,0,0,0
45,2,1,0,1,0,1,0,4.2421,1,25,0,0,0
46,2,1,0,1,0,1,0,4.3609,1,26,0,0,0
33,2,0,0,1,0,1,0,4.2256,1,26,0,0,0
43,3,1,0,1,0,1,0,4.3907,1,24,0,0,0
53,2,1,0,1,0,1,0,4.4377,1,31,0,0,0
34,2,1,0,1,0,1,0,4.1973,1,26,0,0,0
46,2,1,0,1,0,1,0,4.2739,1,24,0,0,0
41,2,1,0,1,0,1,1,4.3571,1,26,0,0,0
55,2,1,0,1,0,1,0,4.3225,1,25,0,0,0
48,2,1,0,1,0,1,1,4.2071,1,23,0,0,0
48,2,0,0,1,0,1,1,4.3533,1,29,0,0,0
36,2,1,0,1,0,0,1,4.0378,1,15,0,1,0
33,2,0,0,1,0,1,0,4.2256,1,26,0,0,0
50,2,0,0,1,0,1,0,4.424,1,31,0,0,0
51,2,1,0,1,0,1,1,4.2747,1,26,0,0,0
43,2,0,0,1,0,1,1,4.3617,1,29,0,0,0
47,2,1,0,1,0,1,0,4.3658,1,26,0,0,0
49,2,0,0,1,0,1,0,4.2212,1,28,0,0,1
48,3,1,0,1,0,1,1,4.4571,1,29,0,0,0
47,2,1,0,1,0,1,0,4.2807,1,26,0,0,0
54,2,0,0,1,0,1,0,4.3661,1,25,0,0,0
50,2,1,0,1,0,1,1,4.2562,1,25,0,0,0
40,2,1,0,1,0,1,1,4.4276,1,25,0,0,0
57,2,0,0,1,0,1,0,4.2973,1,28,0,0,0
34,2,1,0,1,0,1,1,4.2195,1,26,0,0,0
48,2,1,0,1,0,1,0,4.4448,1,26,0,0,0
48,2,0,0,1,0,1,0,4.2406,1,28,0,0,0
35,2,1,0,1,0,0,0,3.8897,1,15,0,1,0
48,2,1,0,1,0,1,1,4.4387,1,27,0,0,0
34,2,1,0,1,0,1,1,4.1607,1,26,0,0,0
46,2,1,0,1,0,1,0,4.4828,1,26,0,0,1
28,2,1,0,1,0,0,0,4.1106,1,20,0,1,0
45,3,1,0,1,0,1,1,4.4053,1,26,0,0,0
28,2,1,0,1,0,0,1,4.182,1,13,0,1,0
47,2,0,0,1,0,1,0,4.5437,1,25,0,0,0
34,2,1,0,1,0,1,1,4.2195,1,26,0,0,0
56,2,1,0,1,0,1,0,4.4951,1,26,0,0,0
41,2,0,0,1,0,1,1,4.485,1,27,0,0,0
45,1,0,0,0,0,1,1,4.2524,1,21,0,0,0
39,2,1,0,1,0,1,1,4.2268,1,24,0,0,0
47,2,1,0,1,0,1,0,4.3476,1,26,0,0,0
54,2,1,0,1,0,1,0,4.4032,1,24,0,0,0
46,1,1,0,0,0,1,1,4.2326,1,21,0,0,0
52,2,1,0,1,0,1,1,4.4247,1,31,0,0,0
44,2,1,0,1,0,1,0,4.3171,1,23,0,0,0
53,2,1,0,1,0,1,0,4.584,1,30,0,0,0
47,2,0,0,1,0,1,1,4.3658,1,27,0,0,0
56,2,0,0,1,0,1,0,4.2579,1,27,0,0,0
34,3,0,0,1,0,0,0,3.962,1,16,0,1,0
31,2,1,0,1,0,0,1,4.1715,1,16,1,1,0
55,2,0,0,1,0,1,0,4.3886,1,26,0,0,0
46,2,0,0,1,0,1,0,4.3874,1,26,0,0,0
53,2,1,0,1,0,1,1,4.3122,1,28,0,0,0
44,3,1,0,1,0,1,0,4.4019,1,25,0,0,0
47,2,0,0,1,0,1,1,4.2807,1,27,0,0,0
50,2,1,0,1,0,1,1,4.226,1,25,0,0,0
45,2,1,0,1,0,1,1,4.3813,1,24,0,0,1
37,2,1,0,1,0,0,0,4.1726,1,17,0,1,0
48,2,1,0,1,0,1,0,4.3122,1,26,0,0,1
42,1,1,0,0,0,1,1,4.2501,1,21,0,0,0
50,2,0,0,1,0,1,1,4.3035,1,26,0,0,0
50,2,1,0,1,0,1,1,4.2982,1,29,0,0,0
33,2,1,0,1,0,1,0,4.3091,1,25,0,0,0
36,2,1,0,1,0,0,0,3.8611,1,16,0,1,0
38,2,1,0,1,0,0,1,4.0933,0,23,0,1,0
31,2,0,0,1,0,1,0,4.1715,1,24,0,0,0
48,2,1,0,1,0,1,0,4.3478,1,26,0,0,0
39,2,1,0,1,0,1,1,4.3168,1,24,0,0,1
38,2,1,0,1,0,1,1,4.2866,1,23,0,0,0
54,2,1,0,1,0,1,0,4.2902,1,24,0,0,0
48,2,1,0,1,0,1,1,4.4387,1,27,0,0,0
46,2,1,0,1,0,1,1,4.3816,1,31,0,0,1
35,2,0,0,1,0,0,0,3.9113,1,15,0,1,0
32,2,0,0,1,0,0,0,3.9292,1,11,0,1,0
50,1,0,0,0,0,1,0,4.4391,1,21,0,0,0
19,2,1,0,1,0,0,0,3.6163,0,11,0,1,0
23,2,1,0,1,0,0,0,3.7951,0,15,0,1,0
37,2,1,0,1,0,0,1,3.9216,1,16,0,1,0
44,3,1,0,1,0,1,0,4.3848,1,25,0,0,0
56,2,1,0,1,0,1,0,4.4799,1,26,0,0,0
38,2,1,0,1,0,0,1,3.9682,0,23,0,1,0
32,2,0,0,1,0,0,1,4.1639,0,18,0,1,1
54,2,0,0,1,0,1,0,4.4244,1,25,0,0,0
51,2,1,0,1,0,1,1,4.3531,1,29,0,0,0
46,2,1,0,1,0,1,0,4.336,1,26,0,0,0
48,2,1,0,1,0,1,0,4.4626,1,25,0,0,0
41,2,1,0,1,0,1,1,4.3267,1,26,0,0,0
44,2,1,0,1,0,1,0,4.3431,1,24,0,0,1
50,2,1,0,1,0,1,1,4.2431,1,29,0,0,0
36,2,1,0,1,0,1,0,4.1042,1,28,0,0,0
32,2,0,0,1,0,0,1,4.0389,1,12,0,1,0
50,2,1,0,1,0,1,1,4.226,1,25,0,0,0
38,2,1,0,1,0,0,0,4.1658,1,18,0,1,0
43,3,1,0,1,0,1,0,4.4837,1,24,0,0,0
44,2,1,0,1,0,1,1,4.261,1,23,0,0,0
50,2,1,0,1,0,1,1,4.226,1,25,0,0,0
44,1,1,0,0,0,1,0,4.3885,1,21,0,0,0
36,2,1,0,1,0,0,0,4.2391,1,13,0,1,0
49,2,1,0,1,0,1,1,4.1979,1,28,0,0,0
23,2,1,0,1,0,0,0,3.7951,1,15,0,1,0
55,2,1,0,1,0,1,0,4.3952,1,25,0,0,0
34,2,1,0,1,0,1,1,4.1607,1,26,0,0,0
37,2,1,0,1,0,1,1,4.1212,1,29,0,0,0
39,2,1,0,1,0,0,0,4.0259,1,19,0,1,0
44,2,1,0,1,0,1,0,4.2007,1,24,0,0,0
40,2,1,0,1,0,0,0,4.024,1,18,0,1,0
33,2,1,0,1,0,1,0,4.1879,1,25,0,0,0
43,3,1,0,1,0,1,0,4.3152,1,24,0,0,0
48,2,1,0,1,0,1,0,4.3635,1,28,0,0,0
47,2,1,0,1,0,1,0,4.2807,1,26,0,0,0
32,2,0,0,1,0,1,0,4.2028,1,25,0,0,0
28,2,1,0,1,0,0,0,3.8788,0,20,0,1,0
47,2,1,0,1,0,0,1,4.3232,0,17,0,1,0
43,2,0,0,1,0,1,0,4.2664,1,22,0,0,0
50,3,1,0,1,0,1,0,4.4582,1,31,0,0,0
35,2,1,0,1,0,0,0,3.976,0,15,0,1,0
51,2,1,0,1,0,1,0,4.4316,1,28,0,0,0
35,2,1,0,1,0,0,0,4.0791,1,14,0,1,0
41,2,1,0,1,0,1,1,4.3571,1,26,0,0,0
51,2,0,0,1,0,1,0,4.3748,1,31,0,0,0
41,2,1,0,1,0,1,1,4.3755,1,26,0,0,0
52,2,1,0,1,0,1,1,4.4247,1,31,0,0,1
47,2,0,0,1,0,1,0,4.4586,1,25,0,0,0
23,2,0,0,1,0,0,0,3.7623,1,16,0,1,0
31,3,1,0,1,0,0,0,3.9536,1,12,0,1,0
49,2,1,0,1,0,1,1,4.4978,1,27,0,0,1
55,2,1,0,1,0,1,0,4.3726,1,25,0,0,0
46,2,1,0,1,0,1,0,4.2304,1,24,0,0,0
47,2,1,0,1,0,1,0,4.2807,1,26,0,0,0
48,2,1,0,1,0,1,0,4.3219,1,28,0,0,0
28,1,0,0,0,0,1,0,4.182,1,21,0,0,1
31,2,1,0,1,0,1,0,4.1471,1,23,0,0,0
52,2,1,0,1,0,1,0,4.3269,1,31,0,0,0
49,2,1,0,1,0,1,1,4.4978,1,27,0,0,0
51,2,0,0,1,0,1,1,4.2719,1,27,0,0,0
42,1,1,0,0,0,1,1,4.2977,1,21,0,0,0
32,2,0,0,1,0,1,0,4.2028,1,25,0,0,0
50,2,1,0,1,0,1,1,4.2464,1,29,0,0,0
49,2,1,0,1,0,1,1,4.3212,1,28,0,0,0
41,2,1,0,1,0,0,1,3.7962,1,16,0,1,0
46,2,0,0,1,0,1,0,4.3089,1,25,0,0,0
52,2,1,0,1,0,1,1,4.4632,1,31,0,0,0
30,2,1,0,1,0,0,1,4.0314,0,15,0,1,0
51,2,1,0,1,0,1,0,4.3531,1,28,0,0,0
57,2,0,0,1,0,1,0,4.2404,1,28,0,0,0
37,2,1,0,1,0,0,0,4.1416,1,16,0,1,0
42,2,0,0,1,0,0,0,4.2462,1,21,0,1,0
29,2,0,0,1,0,0,0,4.0304,0,9,0,1,0
35,3,1,0,1,0,0,0,4.0931,0,16,0,1,0
45,2,1,0,1,0,1,0,4.2611,1,25,0,0,0
34,3,0,0,1,0,0,0,3.9398,1,16,0,1,0
49,2,0,0,1,0,1,1,4.3032,1,29,0,0,0
43,3,1,0,1,0,1,0,4.3617,1,24,0,0,0
41,2,1,0,1,0,1,1,4.369,1,26,0,0,0
33,2,1,0,1,0,1,1,4.1502,1,25,0,0,0
35,2,1,0,1,0,0,1,3.9544,1,15,0,1,0
46,2,1,0,1,0,1,0,4.284,1,25,0,0,0
56,2,1,0,1,0,1,0,4.5309,1,26,0,0,1
48,2,1,0,1,0,1,1,4.2249,1,27,0,0,0
38,2,1,0,1,0,1,1,4.234,1,23,0,0,0
54,2,0,0,1,0,1,0,4.4311,1,25,0,0,0
41,1,1,0,0,0,1,1,4.1875,1,20,0,0,0
47,3,1,0,1,0,1,0,4.3197,1,28,0,0,0
44,2,1,0,1,0,1,0,4.3171,1,23,0,0,0
44,2,1,0,1,0,1,1,4.261,1,23,0,0,0
45,2,0,0,1,0,1,0,4.35,1,26,0,0,0
48,2,0,0,1,0,0,0,4.2385,0,19,0,1,0
47,2,1,0,1,0,1,1,4.3497,1,26,0,0,0
45,2,0,0,1,0,1,0,4.3391,1,26,0,0,0
39,2,1,0,1,0,0,1,3.904,1,14,0,1,0
50,2,1,0,1,0,1,1,4.2982,1,29,0,0,0
49,2,1,0,1,0,1,0,4.2878,1,28,0,0,0
41,2,1,0,1,0,1,1,4.4362,1,26,0,0,0
42,3,1,0,1,0,1,0,4.3501,1,23,0,0,0
47,2,1,0,1,0,1,0,4.2807,1,26,0,0,0
47,2,1,0,1,0,1,0,4.4509,1,24,0,0,1
56,2,0,0,1,0,1,1,4.5309,1,27,0,0,0
39,2,1,0,1,0,0,1,3.9646,0,18,0,1,0
33,2,1,0,1,0,1,0,4.3091,1,25,0,0,0
46,2,1,0,1,0,1,0,4.2304,1,24,0,0,0
47,2,1,0,1,0,1,1,4.3072,1,26,0,0,0
51,2,0,0,1,0,1,1,4.4521,1,29,0,0,0
50,2,1,0,1,0,0,1,4.2766,1,20,0,1,0
42,2,1,0,1,0,1,0,4.2048,1,22,0,0,0
44,1,1,0,0,0,1,0,4.3885,1,21,0,0,0
38,2,1,0,1,0,0,1,3.8629,0,16,0,1,0
40,2,1,0,1,0,1,1,4.2464,1,25,0,0,0
51,2,0,0,1,0,1,1,4.4521,1,29,0,0,0
49,2,1,0,1,0,1,0,4.4256,1,26,0,0,0
50,2,1,0,1,0,1,1,4.5113,1,27,0,0,0
54,2,0,0,1,0,1,0,4.4542,1,25,0,0,0
46,2,0,0,1,0,1,0,4.4907,1,24,0,0,0
44,2,0,0,1,0,1,0,4.3542,1,25,0,0,0
51,2,1,0,1,0,1,0,4.3383,1,28,0,0,0
48,3,1,0,1,0,1,1,4.4154,1,29,0,0,0
45,3,1,0,1,0,1,0,4.4025,1,26,0,0,0
44,3,1,0,1,0,1,0,4.3565,1,25,0,0,0
45,2,1,0,1,0,1,1,4.3813,1,24,0,0,0
44,2,0,0,1,0,1,1,4.2805,1,25,0,0,0
46,2,1,0,1,0,1,1,4.2818,1,26,0,0,0
44,3,0,0,1,0,1,0,4.3736,1,26,0,0,0
52,2,1,0,1,0,1,0,4.3269,1,31,0,0,0
57,2,1,0,1,0,1,1,4.5219,1,27,0,0,0
46,2,1,0,1,0,1,0,4.4208,1,24,0,0,0
49,2,0,0,1,0,1,1,4.3212,1,29,0,0,0
44,2,1,0,1,0,1,0,4.3431,1,24,0,0,0
42,1,1,0,0,0,1,1,4.2025,1,21,0,0,0
43,3,1,0,1,0,1,0,4.3617,1,24,0,0,0
41,2,1,0,1,0,1,1,4.3267,1,26,0,0,0
53,2,0,0,1,0,1,0,4.4027,1,24,0,0,0
46,2,0,0,1,0,1,1,4.3338,1,26,0,0,1
47,2,1,0,1,0,1,1,4.3476,1,26,0,0,0
40,1,1,0,0,0,1,0,4.2439,1,20,0,0,0
34,2,1,0,1,0,1,0,4.315,1,26,0,0,0
52,2,1,0,1,0,1,1,4.4632,1,31,0,0,0
41,2,1,0,1,0,1,1,4.2595,1,26,0,0,0
46,2,1,0,1,0,1,0,4.4557,1,23,0,0,1
30,3,1,0,1,0,0,0,3.9811,0,11,0,1,0
56,2,1,0,1,0,1,1,4.3763,1,26,0,0,0
56,2,1,0,1,0,1,0,4.4442,1,26,0,0,0
39,2,1,0,1,0,1,1,4.3168,1,24,0,0,0
55,2,1,0,1,0,1,0,4.4089,1,25,0,0,0
45,3,1,0,1,0,1,0,4.369,1,26,0,0,0
48,2,1,0,1,0,1,0,4.4052,1,25,0,0,1
47,2,1,0,1,0,1,1,4.4348,1,27,0,0,0
48,2,1,0,1,0,1,1,4.2487,1,23,0,0,0
46,2,0,0,1,0,1,1,4.3338,1,26,0,0,0
56,2,1,0,1,0,1,1,4.3136,1,26,0,0,0
58,2,0,0,1,0,1,1,4.3813,1,29,0,0,0
56,2,1,0,1,0,1,1,4.4343,1,31,0,0,0
42,3,1,0,1,0,1,0,4.3024,1,23,0,0,0
52,2,1,0,1,0,1,1,4.4632,1,31,0,0,0
37,3,1,0,1,0,0,0,4.0264,1,18,1,1,0
43,2,0,0,1,0,1,0,4.3328,1,23,0,0,0
40,2,1,0,1,0,0,1,4.1251,1,15,0,1,1
53,2,1,0,1,0,1,1,4.3499,1,28,0,0,0
40,2,1,0,1,0,1,1,4.2964,1,25,0,0,0
32,2,1,0,1,0,1,0,4.0306,1,24,0,0,0
57,2,1,0,1,0,1,1,4.5219,1,27,0,0,0
30,2,1,0,1,0,1,0,4.1647,1,22,0,0,0
46,2,0,0,1,0,1,0,4.3688,1,26,0,0,0
51,2,1,0,1,0,1,1,4.2747,1,26,0,0,0
33,2,1,0,1,0,1,1,4.1502,1,25,0,0,0
44,2,1,0,1,0,1,0,4.2976,1,24,0,0,0
31,2,0,0,1,0,1,0,4.1715,1,24,0,0,0
48,2,0,0,1,0,1,1,4.4783,1,27,0,0,0
44,3,1,0,1,0,1,0,4.2939,1,25,0,0,0
49,2,1,0,1,0,1,0,4.2878,1,28,0,0,0
34,2,1,0,1,0,1,0,4.1607,1,26,0,0,0
41,2,1,0,1,0,1,1,4.3571,1,26,0,0,0
34,2,0,0,1,0,1,1,4.3372,1,27,0,0,0
32,2,0,0,1,0,1,1,4.1639,1,25,0,0,0
47,2,1,0,1,0,1,0,4.3232,1,26,0,0,0
54,2,1,0,1,0,1,0,4.5581,1,31,0,0,0
47,2,1,0,1,0,1,0,4.4669,1,24,0,0,0
51,2,1,0,1,0,1,0,4.3923,1,28,0,0,0
52,2,1,0,1,0,1,1,4.2457,1,27,0,0,0
33,1,1,0,0,0,0,0,4.0865,1,13,0,1,0
45,2,1,0,1,0,1,0,4.3304,1,24,0,0,0
42,3,0,0,1,0,1,0,4.4453,1,24,0,0,0
47,2,1,0,1,0,1,0,4.5095,1,24,0,0,0
28,1,1,0,0,0,0,0,3.9233,0,7,0,1,0
32,2,0,0,1,0,1,0,4.1403,1,25,0,0,0
38,3,0,0,1,0,0,0,4.1261,1,20,0,1,0
30,2,0,0,1,0,1,0,4.0062,1,23,0,0,0
28,2,1,0,1,0,1,0,4.1375,0,20,0,1,1
46,2,1,0,1,0,1,1,4.3253,1,26,0,0,0
49,2,0,0,1,0,1,1,4.3132,1,25,0,0,0
46,2,0,0,1,0,1,0,4.3524,1,25,0,0,0
42,2,1,0,1,0,0,1,4.386,1,19,0,1,1
47,2,1,0,1,0,0,1,4.2164,0,17,0,1,0
34,2,1,0,1,0,1,0,4.2339,1,26,0,0,0
36,3,1,0,1,0,0,0,4.0231,1,17,0,1,0
39,2,1,0,1,0,0,0,4.221,1,16,0,1,0
46,2,1,0,1,0,1,0,4.4473,1,25,0,0,0
45,3,1,0,1,0,1,1,4.3609,1,26,0,0,0
46,2,1,0,1,0,1,0,4.4393,1,26,0,0,0
33,1,1,0,0,0,0,0,3.9802,1,11,0,1,0
42,1,1,0,0,0,1,0,4.3088,1,21,0,0,0
45,2,0,0,1,0,1,0,4.4003,1,24,0,0,0
47,3,1,0,1,0,1,0,4.4027,1,28,0,0,0
54,2,1,0,1,0,1,1,4.2931,1,29,0,0,0
33,2,0,0,1,0,1,0,4.2485,1,26,0,0,0
34,2,1,0,1,0,1,0,4.2561,1,26,0,0,0
39,2,1,0,1,0,1,0,4.263,1,31,0,0,0
50,2,1,0,1,0,1,1,4.2562,1,25,0,0,0
43,1,1,0,0,0,1,0,4.293,1,21,0,0,0
28,2,0,0,1,0,1,0,4.0122,1,21,0,0,0
32,2,1,0,1,0,1,0,4.1556,1,24,0,0,0
47,3,1,0,1,0,1,0,4.4452,1,28,0,0,0
44,1,1,0,0,0,1,0,4.4794,1,21,0,0,0
56,2,1,0,1,0,1,1,4.3628,1,26,0,0,0
55,2,1,0,1,0,1,0,4.5317,1,25,0,0,0
31,1,1,0,0,0,0,0,3.9102,0,11,0,1,0
43,2,0,0,1,0,1,1,4.2023,0,24,0,1,0
40,2,1,0,1,0,0,1,3.8276,1,19,0,1,0
34,2,1,0,1,0,1,0,4.315,1,26,0,0,0
41,2,1,0,1,0,1,1,4.3571,1,26,0,0,0
41,2,1,0,1,0,0,0,4.2073,1,18,0,1,0
48,2,0,0,1,0,1,0,4.4209,1,26,0,0,0
45,2,1,0,1,0,1,0,4.3472,1,24,0,0,0
40,2,0,0,1,0,1,1,4.3276,1,26,0,0,0
41,2,1,0,1,0,1,1,4.4362,1,26,0,0,0
57,2,0,0,1,0,1,0,4.3324,1,28,0,0,0
58,2,1,0,1,0,1,0,4.2652,1,28,0,0,0
46,3,1,0,1,0,1,1,4.4522,1,27,0,0,0
48,2,1,0,1,0,1,0,4.3478,1,26,0,0,0
47,2,0,0,1,0,1,0,4.3984,1,26,0,0,0
48,2,1,0,1,0,1,0,4.2548,1,28,0,0,0
35,1,1,0,0,0,1,1,4.2214,1,20,0,0,0
34,3,1,0,1,0,0,1,4.0575,1,15,0,1,0
51,2,1,0,1,0,1,1,4.2747,1,26,0,0,0
52,2,1,0,1,0,1,0,4.3269,1,31,0,0,0
32,2,0,0,1,0,1,0,4.1792,1,25,0,0,0
49,2,1,0,1,0,1,1,4.3345,1,29,0,0,0
48,2,1,0,1,0,1,0,4.4783,1,25,0,0,0
46,2,0,0,1,0,1,0,4.3874,1,26,0,0,0
53,2,0,0,1,0,1,0,4.3742,1,24,0,0,0
46,2,1,0,1,0,1,0,4.2925,1,26,0,0,0
51,2,1,0,1,0,1,0,4.3736,1,31,0,0,0
46,2,1,0,1,0,1,0,4.336,1,23,0,0,0
49,2,0,0,1,0,1,1,4.3212,1,29,0,0,0
26,2,1,0,1,0,0,1,3.7672,1,18,0,1,0
44,2,1,0,1,0,0,1,4.1613,1,19,0,1,0
46,2,1,0,1,0,1,0,4.4393,1,26,0,0,0
56,2,1,0,1,0,1,0,4.3885,1,26,0,0,0
49,2,1,0,1,0,1,1,4.2241,1,24,0,0,0
47,2,1,0,1,0,1,1,4.347,1,26,0,0,0
47,2,0,0,1,0,0,1,4.1188,0,25,0,1,0
50,3,1,0,1,0,1,0,4.4582,1,31,0,0,0
40,2,0,0,1,0,1,1,4.2587,1,26,0,0,0
49,2,0,0,1,0,1,1,4.4919,1,27,0,0,0
50,2,1,0,1,0,1,0,4.3591,1,30,0,0,0
49,2,1,0,1,0,1,1,4.3212,1,28,0,0,0
44,2,1,0,1,0,1,0,4.2805,1,24,0,0,0
46,2,1,0,1,0,1,1,4.3937,1,25,0,0,0
47,2,0,0,1,0,1,1,4.3518,1,26,0,0,0
45,3,1,0,1,0,1,1,4.3609,1,26,0,0,0
47,3,1,0,1,0,1,0,4.4452,1,28,0,0,0
42,3,1,0,1,0,1,0,4.3501,1,23,0,0,0
44,3,1,0,1,0,1,0,4.4019,1,25,0,0,0
44,2,1,0,1,0,1,0,4.3259,1,24,0,0,0
43,3,1,0,1,0,1,0,4.4372,1,24,0,0,0
36,2,1,0,1,0,0,0,4.2737,1,13,0,1,0
45,3,1,0,1,0,1,0,4.4025,1,26,0,0,0
47,2,1,0,1,0,1,0,4.3901,1,26,0,0,0
47,2,1,0,1,0,1,0,4.2646,1,26,0,0,0
36,2,1,0,1,0,0,0,4.086,0,15,0,1,0
35,2,0,0,1,0,1,0,4.1259,1,28,0,0,0
56,2,1,0,1,0,1,1,4.3271,1,26,0,0,0
35,2,0,0,1,0,1,1,4.2074,1,28,0,0,0
33,2,1,0,1,0,0,1,3.9344,1,18,0,1,0
35,2,1,0,1,0,1,1,4.2646,1,27,0,0,0
37,2,1,0,1,0,0,0,4.2497,0,14,0,1,0
51,2,1,0,1,0,1,1,4.2355,1,26,0,0,0
47,2,1,0,1,0,1,0,4.3741,1,25,0,0,0
49,2,0,0,1,0,1,0,4.2978,1,28,0,0,0
33,2,1,0,1,0,1,0,4.1879,1,25,0,0,0
30,2,1,0,0,0,0,0,3.9362,0,11,0,1,0
45,2,0,0,1,0,1,0,4.2779,1,26,0,0,0
42,2,0,0,1,0,0,0,4.4609,1,20,0,1,0
32,2,1,0,1,0,0,1,4.0778,1,17,0,1,0
47,2,1,0,1,0,1,0,4.3232,1,26,0,0,0
53,2,1,0,1,0,1,1,4.133,1,28,0,0,0
39,3,1,0,1,0,0,0,4.2143,0,20,0,1,0
39,2,1,0,1,0,1,1,4.3681,1,24,0,0,0
51,2,0,0,1,0,1,1,4.0915,1,27,0,0,0
52,2,1,0,1,0,1,0,4.3269,1,31,0,0,0
34,2,1,0,1,0,1,1,4.2195,1,26,0,0,0
45,3,0,0,1,0,1,1,4.4134,1,27,0,0,0
56,2,1,0,1,0,1,0,4.4664,1,26,0,0,0
50,2,0,0,1,0,1,1,4.3362,1,29,0,0,0
35,2,1,0,1,0,0,1,3.9573,1,14,0,1,0
47,2,1,0,1,0,1,1,4.305,1,26,0,0,0
46,2,1,0,1,0,1,1,4.3253,1,26,0,0,0
51,2,0,0,1,0,1,1,4.3383,1,27,0,0,0
42,2,1,0,1,0,1,1,4.1392,1,27,0,0,0
36,1,1,0,0,0,1,1,4.2873,1,21,0,0,0
56,2,1,0,1,0,1,0,4.3593,1,26,0,0,0
33,2,1,0,1,0,0,1,4.332,0,18,0,1,0
41,1,1,0,0,0,1,0,4.3059,1,21,0,0,0
51,2,1,0,1,0,1,0,4.5061,1,28,0,0,0
36,2,1,0,1,0,0,0,3.9931,1,16,0,1,0
33,2,1,0,1,0,1,0,4.3091,1,25,0,0,0
41,1,1,0,0,0,1,0,4.2571,1,21,0,0,0
45,2,1,0,1,0,1,0,4.3304,1,24,0,0,0
24,2,1,0,1,0,0,0,3.6846,1,16,0,1,0
44,2,1,0,1,0,1,1,4.2156,1,23,0,0,0
50,2,1,0,1,0,1,1,4.5113,1,27,0,0,0
51,1,1,0,0,0,1,0,4.3884,1,21,0,0,0
42,1,1,0,0,0,1,0,4.2321,1,20,0,0,0
49,2,1,0,1,0,1,1,4.4978,1,27,0,0,0
43,2,0,0,1,0,1,0,4.2199,1,22,0,0,0
46,2,1,0,1,0,1,0,4.4393,1,26,0,0,0
37,2,1,0,1,0,0,0,4.2497,1,14,0,1,0
46,2,1,0,1,0,1,1,4.3174,1,25,0,0,0
37,2,0,0,1,0,1,1,4.2966,1,23,0,0,0
49,2,1,0,1,0,1,1,4.3212,1,24,0,0,0
43,2,1,0,1,0,1,1,4.3793,1,28,0,0,0
46,2,1,0,1,0,1,0,4.301,1,26,0,0,0
40,2,1,0,1,0,0,1,4.0087,1,18,1,1,0
40,2,1,0,1,0,0,0,4.2842,0,17,0,1,1
43,1,1,0,0,0,1,0,4.377,1,20,0,0,0
35,3,0,0,1,0,0,1,3.8897,0,17,0,1,0
45,2,0,0,1,0,1,1,4.2946,1,25,0,0,0
47,2,1,0,1,0,1,1,4.3497,1,26,0,0,0
36,2,1,0,1,0,0,1,3.8429,1,15,0,1,0
47,2,0,0,1,0,1,0,4.5012,1,25,0,0,0
46,2,1,0,1,0,1,0,4.3959,1,23,0,0,0
56,2,1,0,1,0,1,0,4.395,1,26,0,0,0
29,1,1,0,0,0,1,0,4.1592,1,21,0,0,0
48,2,0,0,1,0,1,0,4.5794,1,26,0,0,0
30,3,1,0,1,0,0,0,4.0062,0,11,0,1,0
51,2,0,0,1,0,1,1,4.4817,1,31,0,0,0
51,2,1,0,1,0,1,0,4.3736,1,31,0,0,0
61,2,1,0,1,0,1,0,4.3996,1,31,0,0,0
56,2,1,0,1,0,1,0,4.5309,1,26,0,0,0
44,2,1,0,1,0,1,0,4.2805,1,24,0,0,0
27,2,0,0,1,0,0,1,3.9121,1,13,0,1,0
51,2,1,0,1,0,1,0,4.3736,1,31,0,0,0
46,2,1,0,1,0,1,0,4.284,1,25,0,0,0
51,1,1,0,0,0,1,0,4.3344,1,21,0,0,0
40,2,0,0,1,0,1,1,4.3153,1,26,0,0,0
33,2,1,0,1,0,0,1,3.8243,0,12,0,1,0
49,2,1,0,1,0,1,0,4.5052,1,26,0,0,0
48,2,1,0,1,0,1,1,4.304,1,27,0,0,0
39,2,1,0,1,0,1,1,4.3681,1,24,0,0,0
51,2,1,0,1,0,1,1,4.2875,1,26,0,0,0
50,2,0,0,1,0,1,0,4.384,1,31,0,0,0
36,2,1,0,1,0,1,1,4.1835,1,28,0,0,0
46,2,1,0,1,0,1,0,4.4473,1,25,0,0,0
36,2,0,0,1,0,0,0,3.954,0,15,0,1,0
48,2,0,0,1,0,1,1,4.4783,1,27,0,0,0
47,2,1,0,1,0,1,0,4.3741,1,25,0,0,0
43,1,1,0,0,0,1,0,4.293,1,21,0,0,0
41,2,0,0,1,0,1,1,4.4362,1,27,0,0,0
48,2,0,0,1,0,1,1,4.2645,1,28,0,0,0
54,2,1,0,1,0,1,0,4.5441,1,31,0,0,0
47,2,1,0,1,0,1,0,4.4166,1,25,0,0,0
48,2,1,0,1,0,1,0,4.3376,1,25,0,0,0
44,1,1,0,0,0,1,0,4.3431,1,21,0,0,0
41,2,0,0,1,0,0,1,4.0804,1,17,0,1,0
51,2,1,0,1,0,1,1,4.2355,1,26,0,0,0
58,2,0,0,1,0,1,1,4.3468,1,29,0,0,0
30,2,1,0,1,0,0,0,3.9614,0,10,0,1,0
48,2,1,0,1,0,1,1,4.3397,1,27,0,0,0
50,2,1,0,1,0,1,1,4.2864,1,29,0,0,0
54,2,1,0,1,0,1,1,4.2561,1,29,0,0,0
36,2,1,0,1,0,0,0,4.1388,0,16,0,1,0
52,2,0,0,1,0,1,0,4.4121,1,23,0,0,0
42,1,1,0,0,0,1,0,4.3088,1,21,0,0,0
57,2,1,0,1,0,1,1,4.4384,1,27,0,0,0
52,2,1,0,1,0,1,1,4.2841,1,27,0,0,0
42,2,1,0,1,0,1,0,4.2525,1,22,0,0,0
44,1,1,0,0,0,1,0,4.3714,1,21,0,0,0
34,2,1,0,1,0,1,1,4.2195,1,26,0,0,0
49,2,0,0,1,0,1,1,4.2624,1,29,0,0,0
39,2,1,0,1,0,0,1,4.0604,0,18,0,1,0
53,2,1,0,1,0,1,1,4.1708,1,28,0,0,0
41,2,1,0,1,0,1,1,4.3083,1,26,0,0,0
49,2,1,0,1,0,1,1,4.3345,1,29,0,0,0
38,2,1,0,1,0,1,1,4.2866,1,23,0,0,0
36,2,1,0,1,0,1,0,4.1042,1,28,0,0,0
57,2,0,0,1,0,1,0,4.4355,1,28,0,0,0
45,2,1,0,1,0,1,0,4.3055,1,25,0,0,0
48,2,0,0,1,0,1,1,4.2406,1,24,0,0,0
33,2,0,0,1,0,1,0,4.2862,1,26,0,0,0
32,2,1,0,1,0,0,1,3.9139,1,11,0,1,0
33,2,1,0,1,0,1,0,4.3091,1,25,0,0,0
33,1,1,0,0,0,0,0,4.332,1,10,0,1,0
36,3,0,0,1,0,0,0,4.0022,1,18,0,1,0
56,2,1,0,1,0,1,0,4.4307,1,26,0,0,0
37,2,1,0,1,0,0,1,3.8543,1,12,0,1,0
47,2,1,0,1,0,1,0,4.3741,1,25,0,0,0
47,2,1,0,1,0,1,1,4.3497,1,26,0,0,0
50,2,0,0,1,0,1,0,4.424,1,31,0,0,0
44,2,1,0,1,0,0,0,4.0443,0,23,0,1,0
47,3,0,0,1,0,1,1,4.4292,1,29,0,0,0
42,3,1,0,1,0,1,0,4.3024,1,23,0,0,0
47,2,1,0,1,0,1,0,4.4509,1,24,0,0,0
39,2,1,0,1,0,1,1,4.3168,1,24,0,0,0
51,2,1,0,1,0,1,1,4.3364,1,26,0,0,0
48,2,1,0,1,0,1,1,4.1654,1,23,0,0,0
39,2,1,0,1,0,1,1,4.2781,1,24,0,0,0
52,2,0,0,1,0,1,1,4.1883,1,28,0,0,0
41,2,0,0,1,0,0,1,3.93,1,17,0,1,0
47,2,1,0,1,0,1,0,4.3658,1,26,0,0,0
47,2,1,0,1,0,1,0,4.4426,1,26,0,0,0
55,2,1,0,1,0,1,0,4.4453,1,25,0,0,0
51,2,1,0,1,0,1,1,4.3756,1,26,0,0,0
40,2,1,0,1,0,0,1,3.9776,1,15,1,1,0
38,2,0,0,0,0,1,0,4.3264,1,20,0,0,0
59,2,1,0,1,0,1,1,4.4165,1,29,0,0,0
41,2,1,0,1,0,1,1,4.3083,1,26,0,0,0
50,2,1,0,1,0,1,1,4.2962,1,25,0,0,0
46,2,0,0,1,0,1,0,4.4907,1,24,0,0,0
42,3,0,0,1,0,1,0,4.368,1,24,0,0,0
49,2,1,0,1,0,1,1,4.362,1,24,0,0,0
45,2,0,0,1,0,1,0,4.2946,1,24,0,0,0
33,2,1,0,1,0,0,0,4.003,0,13,0,1,0
48,2,1,0,1,0,1,0,4.33,1,26,0,0,0
38,2,1,0,1,0,1,1,4.1615,1,23,0,0,0
29,1,1,0,0,0,1,0,4.1592,1,21,0,0,0
46,3,1,0,1,0,1,1,4.4522,1,27,0,0,0
56,2,1,0,1,0,1,0,4.4172,1,26,0,0,0
40,2,1,0,0,0,1,0,4.3276,1,21,0,0,1
43,3,1,0,1,0,1,0,4.3152,1,24,0,0,0
47,2,0,0,1,0,1,0,4.3559,1,26,0,0,0
44,3,0,0,1,0,1,0,4.4646,1,26,0,0,0
48,2,1,0,1,0,1,1,4.2071,1,23,0,0,0
49,2,1,0,1,0,1,1,4.3599,1,26,0,0,0
50,2,0,0,1,0,1,0,4.5264,1,28,0,0,0
47,3,1,0,1,0,1,0,4.4452,1,28,0,0,0
47,2,1,0,1,0,1,0,4.5095,1,24,0,0,0
29,2,1,0,1,0,0,0,4.0044,1,21,0,1,0
56,2,1,0,1,0,1,0,4.4307,1,26,0,0,0
43,2,1,0,1,0,1,1,4.2488,1,28,0,0,0
43,2,1,0,1,0,1,0,4.2199,1,23,0,0,0
45,3,1,0,1,0,1,0,4.369,1,26,0,0,0
49,2,1,0,1,0,1,1,4.2241,1,24,0,0,0
45,2,1,0,1,0,1,0,4.3055,1,25,0,0,0
36,2,1,0,1,0,0,0,4.086,1,14,0,1,0
33,2,0,0,1,0,1,1,4.2336,1,26,0,0,0
42,2,1,0,1,0,1,0,4.2048,1,22,0,0,0
43,1,0,0,0,0,1,0,4.4144,1,21,0,0,0
29,2,1,0,1,0,0,0,4.0044,1,21,0,1,0
44,1,1,0,0,0,1,0,4.3885,1,21,0,0,0
48,2,1,0,1,0,1,0,4.3478,1,26,0,0,0
51,2,1,0,1,0,1,1,4.3756,1,26,0,0,0
49,2,1,0,1,0,1,0,4.5561,1,26,0,0,0
41,2,0,0,1,0,1,1,4.485,1,27,0,0,0
51,2,1,0,1,0,1,1,4.2675,1,26,0,0,0
47,3,1,0,1,0,1,0,4.4452,1,28,0,0,0
48,2,1,0,1,0,1,0,4.4783,1,25,0,0,0
51,2,1,0,1,0,1,1,4.4109,1,30,0,0,0
45,2,1,0,1,0,1,0,4.3916,1,24,0,0,0
44,2,0,0,1,0,1,1,4.4511,1,24,0,0,0
45,2,0,0,1,0,1,1,4.4171,1,25,0,0,1
47,2,1,0,1,0,1,0,4.3658,1,26,0,0,0
48,2,1,0,1,0,1,1,4.4387,1,27,0,0,0
43,2,1,0,1,0,0,0,4.0894,1,23,0,1,0
59,2,1,0,1,0,1,1,4.4504,1,29,0,0,0
46,2,0,0,1,0,1,1,4.3275,1,26,0,0,0
39,2,0,0,1,0,1,1,4.3362,1,25,0,0,0
54,2,1,0,1,0,1,0,4.5951,1,31,0,0,0
50,2,1,0,1,0,1,1,4.5113,1,27,0,0,0
48,2,1,0,1,0,1,1,4.3321,1,26,0,0,0
49,2,1,0,1,0,1,1,4.2387,1,28,0,0,0
47,2,0,0,1,0,0,1,4.1474,1,18,1,1,0
45,2,1,0,1,0,1,0,4.2946,1,25,0,0,0
33,2,1,0,1,0,1,0,4.2485,1,25,0,0,0
39,2,0,0,1,0,1,1,4.2655,1,25,0,0,0
49,2,1,0,1,0,1,0,4.5969,1,26,0,0,0
34,2,1,0,1,0,0,0,3.962,0,13,0,1,0
50,2,1,0,1,0,1,1,4.5113,1,27,0,0,0
42,1,1,0,0,0,1,0,4.3088,1,21,0,0,0
34,2,1,0,1,0,1,1,4.1607,1,26,0,0,0
56,2,1,0,1,0,1,1,4.3985,1,26,0,0,0
55,2,1,0,1,0,1,0,4.4226,1,25,0,0,0
47,2,1,0,1,0,1,0,4.3232,1,26,0,0,0
38,2,0,0,1,0,0,1,4.0106,0,14,0,1,0
56,2,1,0,1,0,1,0,4.4307,1,26,0,0,0
46,3,1,0,1,0,1,0,4.3466,1,27,0,0,0
41,1,0,0,0,0,1,1,4.2755,1,21,0,0,0
45,2,1,0,1,0,0,1,4.028,1,20,0,1,0
49,2,0,0,1,0,1,1,4.2395,1,25,0,0,0
48,2,1,0,1,0,1,0,4.3635,1,28,0,0,0
46,2,0,0,1,0,1,1,4.45,1,27,0,0,0
55,2,1,0,1,0,1,0,4.3225,1,25,0,0,0
50,2,0,0,1,0,1,1,4.3533,1,26,0,0,0
41,2,1,0,1,0,0,1,4.0316,0,20,0,1,0
40,2,1,0,1,0,0,1,3.8685,1,19,0,1,0
39,2,1,0,1,0,0,0,4.1411,1,19,0,1,1
45,2,1,0,1,0,1,0,4.2167,1,25,0,0,0
44,2,1,0,1,0,1,0,4.2462,1,24,0,0,0
39,2,1,0,1,0,0,0,4.2462,1,17,0,1,0
48,2,1,0,1,0,1,0,4.4052,1,25,0,0,0
36,2,0,0,1,0,0,1,4.0277,1,16,0,1,0
54,2,1,0,1,0,1,0,4.3661,1,24,0,0,0
50,3,1,0,1,0,1,0,4.4582,1,31,0,0,1
44,2,1,0,1,0,1,0,4.3885,1,24,0,0,1
52,2,1,0,1,0,1,0,4.3653,1,31,0,0,0
48,3,1,0,1,0,1,1,4.4154,1,29,0,0,0
52,2,1,0,1,0,1,0,4.3653,1,31,0,0,0
39,3,1,0,1,0,0,0,3.9746,1,20,1,1,0
55,2,1,0,1,0,1,0,4.4453,1,25,0,0,0
46,2,1,0,1,0,1,0,4.3794,1,26,0,0,0
38,2,0,0,1,0,0,0,3.8817,1,18,0,1,0
47,2,1,0,1,0,1,0,4.2807,1,26,0,0,0
45,2,1,0,1,0,1,1,4.3201,1,24,0,0,0
48,2,0,0,1,0,1,0,4.3397,1,28,0,0,0
44,2,1,0,1,0,1,1,4.261,1,23,0,0,0
37,2,1,0,1,0,0,0,4.1522,1,17,0,1,0
39,2,0,0,1,0,0,0,3.8308,1,20,1,1,0
49,2,1,0,1,0,1,1,4.4162,1,26,0,0,0
36,2,0,0,1,0,0,1,4.0413,1,15,0,1,0
44,2,0,0,1,0,1,0,4.2999,1,24,0,0,0
50,2,1,0,1,0,1,0,4.2002,1,28,0,0,0
47,2,1,0,1,0,1,0,4.3315,1,25,0,0,0
36,2,0,0,1,0,1,1,4.2737,1,29,0,0,0
42,2,1,0,1,0,1,1,4.475,1,27,0,0,0
49,2,1,0,1,0,1,0,4.2529,1,28,0,0,0
46,2,1,0,1,0,1,1,4.3502,1,25,0,0,0
50,2,0,0,1,0,1,1,4.3035,1,26,0,0,0
35,2,1,0,1,0,0,1,4.0931,1,14,0,1,0
29,1,1,0,0,0,1,0,4.0902,1,21,0,0,0
51,1,1,0,0,0,1,0,4.3344,1,21,0,0,0
51,2,1,0,1,0,1,1,4.2875,1,26,0,0,0
49,2,1,0,1,0,1,1,4.362,1,28,0,0,0
34,2,1,0,1,0,1,1,4.2195,1,26,0,0,0
50,2,1,0,1,0,1,1,4.2562,1,25,0,0,0
34,2,1,0,1,0,1,1,4.0797,1,26,0,0,0
51,2,1,0,1,0,1,1,4.2159,1,26,0,0,0
44,2,1,0,1,0,0,0,4.2976,1,14,0,1,0
41,2,1,0,1,0,1,1,4.3571,1,26,0,0,0
44,3,1,0,1,0,1,0,4.3393,1,25,0,0,0
46,1,1,0,0,0,1,1,4.2326,1,21,0,0,0
48,2,1,0,1,0,1,0,4.4209,1,25,0,0,0
42,2,1,0,1,0,0,1,4.08,1,21,0,1,0
44,2,1,0,1,0,1,1,4.261,1,23,0,0,0
39,2,1,0,1,0,1,0,4.2436,1,31,0,0,0
49,2,1,0,1,0,1,1,4.2387,1,28,0,0,0
41,2,1,0,1,0,1,1,4.3267,1,26,0,0,0
47,3,1,0,1,0,1,0,4.4452,1,28,0,0,0
52,2,1,0,1,0,1,1,4.2841,1,27,0,0,0
45,2,0,0,1,0,1,1,4.2946,1,25,0,0,0
52,2,0,0,1,0,1,0,4.3591,1,23,0,0,0
48,2,1,0,1,0,1,1,4.2645,1,23,0,0,0
45,3,1,0,1,0,1,0,4.3581,1,26,0,0,0
47,2,1,0,1,0,1,0,4.289,1,25,0,0,0
21,2,1,0,1,0,0,1,3.8802,0,13,0,1,0
46,2,1,0,1,0,1,0,4.2326,1,26,0,0,0
40,2,0,0,1,0,1,1,4.2653,1,26,0,0,0
52,2,1,0,1,0,1,1,4.2841,1,27,0,0,0
57,2,1,0,1,0,1,1,4.4735,1,27,0,0,0
29,1,1,0,0,0,1,0,4.0902,1,21,0,0,0
46,2,0,0,1,0,0,0,4.3773,0,17,0,1,0
31,3,1,0,1,0,0,0,4.0181,0,12,0,1,0
49,2,0,0,1,0,1,1,4.3032,1,29,0,0,0
50,2,1,0,1,0,1,1,4.2562,1,25,0,0,0
49,2,1,0,1,0,1,1,4.2783,1,29,0,0,0
43,2,1,0,1,0,0,1,4.0605,1,18,0,1,0
50,3,1,0,1,0,1,0,4.4582,1,31,0,0,0
42,3,0,0,1,0,1,0,4.3797,1,24,0,0,0
29,1,1,0,0,0,1,0,4.1592,1,21,0,0,0
44,3,1,0,1,0,1,0,4.4019,1,25,0,0,1
55,2,0,0,1,0,1,0,4.4887,1,26,0,0,0
26,2,1,0,1,0,0,0,3.7483,1,18,0,1,0
52,2,0,0,1,0,1,0,4.527,1,30,0,0,0
48,2,1,0,1,0,1,1,4.1497,1,23,0,0,0
55,2,0,0,1,0,1,1,4.4489,1,31,0,0,0
44,2,0,0,1,0,1,0,4.3454,1,24,0,0,0
46,2,0,0,1,0,1,1,4.3253,1,26,0,0,0
42,1,1,0,0,0,1,1,4.2977,1,21,0,0,0
46,2,1,0,1,0,1,0,4.4393,1,26,0,0,0
26,2,1,0,1,0,0,0,3.6864,0,18,0,1,0
34,2,1,0,1,0,1,0,4.2561,1,26,0,0,0
38,2,1,0,1,0,0,0,4.1331,1,16,0,1,0
56,2,1,0,1,0,1,1,4.3985,1,26,0,0,0
30,2,0,0,1,0,1,0,4.2566,1,23,0,0,0
54,2,0,0,1,0,1,0,4.4542,1,25,0,0,0
45,2,1,0,1,0,1,0,4.3304,1,24,0,0,0
48,2,1,0,1,0,0,0,4.1939,0,18,0,1,0
37,2,1,0,1,0,0,1,4.2834,0,22,0,1,0
52,2,1,0,1,0,1,1,4.2841,1,27,0,0,0
53,2,1,0,1,0,1,1,4.3122,1,28,0,0,0
57,2,1,0,1,0,1,0,4.234,1,27,0,0,0
45,2,1,0,1,0,1,0,4.3391,1,25,0,0,1
49,2,1,0,1,0,1,0,4.2878,1,28,0,0,0
43,2,0,0,1,0,1,0,4.2863,1,23,0,0,0
47,2,1,0,1,0,1,0,4.3741,1,25,0,0,0
39,2,1,0,0,0,1,0,4.2655,1,20,0,0,0
36,2,1,0,1,0,0,0,4.0623,0,16,0,1,0
45,2,1,0,1,0,1,0,4.4361,1,24,0,0,0
37,3,1,0,1,0,0,0,4.1681,1,18,0,1,0
49,2,1,0,1,0,1,1,4.362,1,24,0,0,0
42,1,1,0,0,0,1,0,4.2611,1,21,0,0,0
34,2,1,0,1,0,0,0,4.0545,1,14,0,1,1
42,2,1,0,1,0,0,0,4.1392,1,22,0,1,0
50,2,1,0,1,0,1,1,4.226,1,25,0,0,0
42,2,1,0,1,0,1,1,4.4273,1,27,0,0,0
48,2,1,0,1,0,1,0,4.3538,1,26,0,0,0
35,3,1,0,1,0,0,0,4.2214,0,16,0,1,0
48,2,1,0,1,0,1,1,4.2904,1,26,0,0,0
47,3,1,0,1,0,1,0,4.3197,1,28,0,0,0
44,2,1,0,1,0,0,0,4.036,1,23,0,1,0
46,2,1,0,1,0,1,0,4.4393,1,23,0,0,0
46,1,1,0,0,0,1,1,4.1891,1,21,0,0,0
45,3,1,0,1,0,1,1,4.4053,1,26,0,0,0
44,3,1,0,1,0,1,0,4.4019,1,25,0,0,0
30,2,1,0,1,0,0,0,3.9866,0,10,0,1,0
44,2,1,0,1,0,0,1,4.127,1,19,0,1,0
42,2,0,0,1,0,1,1,4.3384,1,28,0,0,0
56,2,1,0,1,0,1,1,4.4343,1,31,0,0,0
33,2,1,0,1,0,0,1,3.9077,1,12,0,1,0
45,2,0,0,1,0,1,0,4.2334,1,26,0,0,0
61,2,1,0,1,0,1,0,4.4899,1,31,0,0,0
46,2,0,0,1,0,1,1,4.4935,1,27,0,0,0
45,2,1,0,1,0,1,0,4.2144,1,23,0,0,0
36,2,1,0,1,0,1,0,4.0487,1,28,0,0,0
47,2,1,0,1,0,1,1,4.384,1,26,0,0,0
32,2,1,0,1,0,1,0,4.3042,1,24,0,0,0
55,2,0,0,1,0,1,1,4.4126,1,31,0,0,0
38,2,1,0,1,0,0,1,3.8802,1,17,0,1,0
41,2,1,0,1,0,1,1,4.3571,1,26,0,0,0
46,2,1,0,1,0,1,1,4.3338,1,25,0,0,0
34,2,0,0,1,0,0,0,4.1134,1,15,0,1,0
36,2,1,0,1,0,1,0,4.1835,1,28,0,0,0
37,2,1,0,1,0,0,1,3.8588,1,12,0,1,0
28,2,0,0,1,0,0,0,3.7804,0,21,0,1,0
38,2,1,0,1,0,1,1,4.2866,1,23,0,0,0
48,2,1,0,1,0,1,0,4.2721,1,27,0,0,0
45,2,1,0,1,0,1,0,4.2611,1,25,0,0,0
55,2,0,0,1,0,1,1,4.4679,1,26,0,0,0
48,2,1,0,1,0,1,0,4.33,1,26,0,0,0
48,2,1,0,1,0,1,0,4.3717,1,26,0,0,0
47,2,1,0,1,0,1,1,4.3497,1,26,0,0,0
44,3,1,0,1,0,1,0,4.3565,1,25,0,0,0
42,3,1,0,1,0,1,0,4.3501,1,23,0,0,0
47,2,1,0,1,0,1,1,4.347,1,26,0,0,0
49,2,1,0,1,0,1,0,4.2529,1,28,0,0,0
55,2,0,0,1,0,1,1,4.4489,1,31,0,0,0
46,2,0,0,1,0,1,0,4.3874,1,26,0,0,0
41,2,1,0,1,0,1,1,4.485,1,26,0,0,0
19,2,1,0,1,0,0,0,3.6163,0,11,0,1,0
56,2,0,0,1,0,1,0,4.3851,1,27,0,0,0
48,2,1,0,1,0,1,0,4.33,1,26,0,0,0
33,2,1,0,1,0,1,0,4.2485,1,25,0,0,0
43,2,1,0,1,0,1,0,4.2664,1,23,0,0,0
55,2,1,0,1,0,1,0,4.416,1,25,0,0,0
52,2,1,0,1,0,1,1,4.3901,1,29,0,0,0
40,2,1,0,1,0,0,1,3.9653,1,19,0,1,0
33,2,1,0,1,0,1,0,4.1273,1,25,0,0,0
36,2,1,0,1,0,1,0,4.1042,1,28,0,0,0
34,2,1,0,1,0,1,0,4.3738,1,26,0,0,0
25,2,1,0,1,0,0,0,3.8137,0,17,0,1,0
52,2,1,0,1,0,1,0,4.3653,1,31,0,0,0
51,1,1,0,0,0,1,0,4.3492,1,21,0,0,0
46,3,0,0,1,0,1,0,4.45,1,28,0,0,0
45,3,1,0,1,0,1,1,4.3609,1,26,0,0,0
47,2,1,0,1,0,1,0,4.3232,1,26,0,0,0
27,2,1,0,1,0,0,1,3.9582,1,12,1,1,0
43,2,1,0,1,0,1,1,4.3793,1,28,0,0,0
56,2,1,0,1,0,1,0,4.395,1,26,0,0,0
34,2,1,0,1,0,1,0,4.2339,1,26,0,0,0
41,1,0,0,0,0,1,1,4.3243,1,21,0,0,0
51,2,1,0,1,0,1,1,4.3139,1,29,0,0,1
47,2,1,0,1,0,1,0,4.4426,1,26,0,0,1
47,2,0,0,1,0,1,0,4.4669,1,26,0,0,0
34,2,1,0,1,0,1,0,4.2339,1,26,0,0,0
41,2,0,0,1,0,0,0,4.2666,0,12,0,1,0
41,3,0,0,1,0,1,0,4.3571,1,23,0,0,0
44,2,1,0,1,0,1,0,4.3431,1,24,0,0,0
41,2,1,0,1,0,1,1,4.3083,1,26,0,0,0
61,2,1,0,1,0,1,0,4.4899,1,31,0,0,0
53,2,1,0,1,0,1,1,4.3122,1,28,0,0,0
56,2,1,0,1,0,1,0,4.5666,1,26,0,0,0
48,2,1,0,1,0,1,0,4.3635,1,28,0,0,0
31,2,1,0,1,0,0,0,3.926,0,9,0,1,0
51,2,1,0,1,0,1,0,4.3344,1,31,0,0,0
45,2,0,0,1,0,1,0,4.3559,1,24,0,0,0
46,2,1,0,1,0,1,1,4.3816,1,31,0,0,1
33,1,1,0,0,0,0,1,4.0518,1,12,0,1,0
74,3,0,0,0,1,1,1,4.3935,2,31,0,0,1
58,4,0,1,2,0,0,1,4.6962,1,13,0,0,1
80,4,1,0,3,0,1,1,4.3752,2,60,0,0,1
74,3,0,0,0,1,1,1,4.3619,2,31,0,0,1
72,3,0,0,0,1,1,1,4.4459,2,30,0,0,1
57,4,0,1,2,0,0,1,4.6306,1,12,0,0,1
32,1,0,0,0,0,0,1,4.1556,1,10,1,0,1
24,1,0,0,0,0,0,1,4.0535,1,5,1,0,1
23,1,0,0,0,0,0,1,3.7623,1,7,1,0,1
72,3,0,0,0,1,1,1,4.4238,2,28,0,0,1
72,3,0,0,0,1,1,1,4.3668,2,28,0,0,1
24,1,0,0,0,0,0,1,3.8239,1,5,1,0,1
57,4,0,1,2,0,0,1,4.7491,1,12,0,0,1
59,4,0,1,2,0,0,1,4.7339,1,14,0,0,1
80,4,0,0,3,0,1,1,4.3514,2,61,0,0,1
80,4,1,0,3,0,1,1,4.3331,2,60,0,0,1
74,3,0,0,0,1,1,1,4.4347,2,30,0,0,1
79,4,0,0,3,0,1,1,4.3675,2,60,0,0,0
30,1,0,0,0,0,0,1,3.7777,1,11,1,0,1
59,4,0,1,2,0,0,1,4.7339,1,14,0,0,1
25,1,0,0,0,0,0,1,4.0537,1,6,1,0,1
83,4,1,0,3,0,1,1,4.4057,2,63,0,0,1
81,4,1,0,3,0,1,1,4.4541,2,61,0,0,1
83,4,1,0,3,0,1,1,4.4057,2,63,0,0,1
72,3,0,0,0,1,1,1,4.4459,2,30,0,0,1
59,4,0,1,2,0,0,1,4.7066,1,14,0,0,0
23,1,0,0,0,0,0,1,4.0231,1,4,1,0,1
27,1,0,0,0,0,0,1,4.1805,1,8,1,0,1
81,4,0,0,3,0,1,1,4.3844,2,62,0,0,1
81,4,1,0,3,0,1,1,4.3597,2,61,0,0,1
80,4,1,0,3,0,1,1,4.5142,2,60,0,0,1
83,4,0,0,3,0,1,1,4.3474,2,64,0,0,1
23,1,0,0,0,0,0,1,4.2299,1,4,1,0,1
79,4,0,0,3,0,1,1,4.3355,2,60,0,0,1
55,4,0,1,2,0,0,1,4.7446,1,10,0,0,1
79,4,0,0,3,0,1,1,4.462,2,60,0,0,1
74,3,0,0,0,1,1,1,4.3619,2,31,0,0,1
79,4,0,0,3,0,1,1,4.354,2,60,0,0,1
84,4,1,0,3,0,1,1,4.344,2,64,0,0,1
67,3,0,0,0,1,1,1,4.3452,2,29,0,0,1
60,4,0,1,2,0,0,1,4.8106,1,15,0,0,1
57,4,0,1,2,0,0,1,4.6657,1,12,0,0,1
82,4,1,0,3,0,1,1,4.4097,2,62,0,0,1
59,4,0,1,2,0,0,1,4.6744,1,14,0,0,1
58,4,0,1,2,0,0,1,4.8274,1,13,0,0,1
81,4,1,0,3,0,1,1,4.3597,2,61,0,0,1
78,4,0,0,3,0,1,1,4.4041,2,59,0,0,1
79,4,0,0,3,0,1,1,4.508,2,60,0,0,1
22,1,0,0,0,0,0,1,3.9363,1,4,1,0,1
79,4,0,0,3,0,1,1,4.462,2,60,0,0,1
22,1,0,0,0,0,0,1,3.9363,1,4,1,0,1
70,3,0,0,0,1,1,1,4.411,2,28,0,0,1
21,1,0,0,0,0,0,1,3.749,1,4,1,0,0
58,4,0,1,2,0,0,1,4.7584,1,13,0,0,1
24,1,0,0,0,0,0,1,3.9073,1,5,1,0,1
59,4,0,1,2,0,0,1,4.7678,1,14,0,0,1
73,3,0,0,0,1,1,1,4.3266,2,29,0,0,1
67,3,0,0,0,1,1,1,4.4055,2,23,0,0,1
75,4,0,0,3,0,1,1,4.3256,2,56,0,0,0
22,1,0,0,0,0,0,1,3.9363,1,4,1,0,1
81,4,0,0,3,0,1,1,4.44,2,62,0,0,1
58,4,0,1,2,0,0,1,4.7239,1,13,0,0,1
60,4,0,1,2,0,0,1,4.7899,1,15,0,0,1
59,4,0,1,2,0,0,1,4.6388,1,14,0,0,1
74,4,1,0,3,0,1,1,4.3364,2,54,0,0,1
75,3,0,0,0,1,1,1,4.3133,2,33,0,0,1
22,1,0,0,0,0,0,1,3.8797,1,4,1,0,1
59,4,0,1,2,0,0,1,4.6516,1,14,0,0,1
80,4,0,0,3,0,1,1,4.4532,2,61,0,0,0
58,4,0,1,2,0,0,1,4.8274,1,13,0,0,1
81,4,0,0,3,0,1,1,4.4149,2,62,0,0,1
83,4,1,0,3,0,1,1,4.359,2,63,0,0,1
81,4,0,0,3,0,1,1,4.4619,2,62,0,0,1
23,1,0,0,0,0,0,1,4.1429,1,5,1,0,1
79,4,1,0,3,0,1,1,4.5095,2,59,0,0,0
60,4,0,1,2,0,0,1,4.7379,1,15,0,0,1
73,3,0,0,0,1,1,1,4.4833,2,29,0,0,0
57,4,0,1,2,0,0,1,4.6156,1,12,0,0,0
26,1,0,0,0,0,0,1,3.998,1,7,1,0,1
60,4,0,1,2,0,0,1,4.7981,1,15,0,0,1
25,1,0,0,0,0,0,1,4.0537,1,7,1,0,1
30,1,0,0,0,0,0,1,4.1232,1,11,1,0,1
60,4,0,1,2,0,0,1,4.7647,1,15,0,0,1
59,4,0,1,2,0,0,1,4.7678,1,14,0,0,1
81,4,1,0,3,0,1,1,4.3723,2,61,0,0,1
73,3,0,0,0,1,1,1,4.4038,2,31,0,0,1
81,4,0,0,3,0,1,1,4.3315,2,62,0,0,0
70,3,0,0,0,1,1,1,4.5535,2,28,0,0,1
58,4,0,1,2,0,0,1,4.7567,1,13,0,0,1
81,4,1,0,3,0,1,1,4.3723,2,61,0,0,1
57,4,0,1,2,0,0,1,4.6421,1,12,0,0,1
80,4,0,0,3,0,1,1,4.4532,2,61,0,0,1
82,4,0,0,3,0,1,1,4.3779,2,63,0,0,1
26,1,0,0,0,0,0,1,3.921,1,7,1,0,1
81,4,1,0,3,0,1,1,4.4622,2,61,0,0,1
79,4,1,0,3,0,1,1,4.4006,2,59,0,0,1
72,3,0,0,0,1,1,1,4.4391,2,30,0,0,1
23,1,0,0,0,0,0,1,4.056,1,4,1,0,1
20,1,0,0,0,0,0,1,3.5842,1,4,1,0,1
59,4,0,1,2,0,0,1,4.8356,1,14,0,0,0
58,4,0,1,2,0,0,1,4.8274,1,13,0,0,1
81,4,1,0,3,0,1,1,4.4788,2,61,0,0,1
24,1,0,0,0,0,0,1,4.0221,1,4,1,0,1
81,4,1,0,3,0,1,1,4.4406,2,61,0,0,1
57,4,0,1,2,0,0,1,4.6507,1,12,0,0,1
81,4,0,0,3,0,1,1,4.4096,2,62,0,0,0
59,4,0,1,2,0,0,1,4.7467,1,14,0,0,1
56,4,0,1,2,0,0,1,4.8026,1,11,0,0,1
80,4,0,0,3,0,1,1,4.3514,2,61,0,0,1
74,3,0,0,0,1,1,1,4.3546,2,30,0,0,1
74,3,0,0,0,1,1,1,4.4067,2,32,0,0,1
23,1,0,0,0,0,0,1,4.0231,1,4,1,0,1
73,3,0,0,0,1,1,1,4.4833,2,29,0,0,1
25,1,0,0,0,0,0,1,3.8031,2,7,1,0,1
80,4,1,0,3,0,1,1,4.5142,2,60,0,0,1
59,4,0,1,2,0,0,1,4.7339,1,14,0,0,1
20,1,0,0,0,0,0,1,3.7464,1,4,1,0,1
26,1,0,0,0,0,0,1,3.998,2,7,1,0,1
22,1,0,0,0,0,0,1,3.8797,1,5,1,0,1
25,1,0,0,0,0,0,1,3.9133,1,7,1,0,1
80,4,0,0,3,0,1,1,4.4221,2,61,0,0,1
82,4,1,0,3,0,1,1,4.3503,2,62,0,0,1
25,1,0,0,0,0,0,1,3.9933,1,7,1,0,1
79,4,0,0,3,0,1,1,4.4068,2,60,0,0,1
80,4,0,0,3,0,1,1,4.4782,2,61,0,0,1
57,4,0,1,2,0,0,1,4.7359,1,12,0,0,1
78,4,0,0,3,0,1,1,4.4141,2,59,0,0,1
73,3,0,0,0,1,1,1,4.2292,2,30,0,0,1
82,4,1,0,3,0,1,1,4.3577,2,62,0,0,1
30,1,0,0,0,0,0,1,4.1899,1,11,1,0,1
82,4,1,0,3,0,1,1,4.3503,2,62,0,0,1
81,4,0,0,3,0,1,1,4.4096,2,62,0,0,1
57,4,0,1,2,0,0,1,4.6858,1,12,0,0,1
81,4,1,0,3,0,1,1,4.4947,2,61,0,0,1
66,3,0,0,0,1,1,1,4.4078,2,28,0,0,1
79,4,0,0,3,0,1,1,4.4068,2,60,0,0,1
74,3,0,0,0,1,1,1,4.4377,2,30,0,0,0
58,4,0,1,2,0,0,1,4.7714,1,13,0,0,1
59,4,0,1,2,0,0,1,4.7322,1,14,0,0,1
20,1,0,0,0,0,0,1,3.7464,1,4,1,0,1
67,3,0,0,0,1,1,1,4.4241,2,25,0,0,1
76,4,1,0,3,0,1,1,4.4454,2,56,0,0,1
81,4,1,0,3,0,1,1,4.4866,2,61,0,0,1
22,1,0,0,0,0,0,1,3.6635,1,4,1,0,1
79,4,1,0,3,0,1,1,4.3944,2,59,0,0,1
21,1,0,0,0,0,0,1,3.8442,1,4,1,0,1
81,4,0,0,3,0,1,1,4.3844,2,62,0,0,1
82,4,1,0,3,0,1,1,4.4112,2,62,0,0,1
74,3,0,0,0,1,1,1,4.5105,2,30,0,0,1
58,4,0,1,2,0,0,1,4.6487,1,13,0,0,1
81,4,1,0,3,0,1,1,4.4234,2,61,0,0,1
59,4,0,1,2,0,0,1,4.7889,1,14,0,0,1
67,3,0,0,0,1,1,1,4.3452,2,25,0,0,1
73,3,0,0,0,1,1,1,4.4429,2,29,0,0,0
81,4,0,0,3,0,1,1,4.402,2,62,0,0,1
74,3,0,0,0,1,1,1,4.412,2,30,0,0,1
22,1,0,0,0,0,0,1,3.6978,1,4,1,0,1
29,1,0,0,0,0,0,1,4.2542,1,7,1,0,1
58,4,0,1,2,0,0,1,4.6764,1,13,0,0,1
72,3,0,0,0,1,1,1,4.3791,2,30,0,0,1
75,3,0,0,0,1,1,1,4.3226,2,33,0,0,1
74,4,0,0,3,0,1,1,4.433,2,55,0,0,1
57,4,0,1,2,0,0,1,4.8193,1,12,0,0,1
27,1,0,0,0,0,0,1,4.1343,1,7,1,0,1
59,4,0,1,2,0,0,1,4.7889,1,14,0,0,1
75,3,0,0,0,1,1,1,4.4475,2,31,0,0,1
24,1,0,0,0,0,0,1,3.9073,1,6,1,0,1
58,4,0,1,2,0,0,1,4.6617,1,13,0,0,1
82,4,0,0,3,0,1,1,4.3978,2,63,0,0,1
78,4,0,0,3,0,1,1,4.3978,2,59,0,0,1
74,3,0,0,0,1,1,1,4.5105,2,30,0,0,0
80,4,0,0,3,0,1,1,4.4288,2,61,0,0,0
22,1,0,0,0,0,0,1,3.8454,1,4,1,0,1
67,3,0,0,0,1,1,1,4.474,2,25,0,0,1
64,3,0,0,0,1,1,1,4.3062,2,26,0,0,1
28,1,0,0,0,0,0,1,4.182,1,11,1,0,1
79,4,1,0,3,0,1,1,4.3959,2,59,0,0,1
81,4,0,0,3,0,1,1,4.3825,2,62,0,0,1
21,1,0,0,0,0,0,1,3.8442,1,4,1,0,1
25,1,0,0,0,0,0,1,4.0235,1,6,1,0,1
62,3,0,0,0,1,1,1,4.4225,2,24,0,0,1
82,4,0,0,3,0,1,1,4.3565,2,63,0,0,1
59,4,0,1,2,0,0,1,4.645,1,14,0,0,1
70,3,0,0,0,1,1,1,4.3684,2,32,0,0,1
80,4,0,0,3,0,1,1,4.5093,2,61,0,0,1
21,1,0,0,0,0,0,1,3.8442,1,5,1,0,1
25,1,0,0,0,0,0,1,4.1035,1,6,1,0,1
56,4,0,1,2,0,0,1,4.7265,1,11,0,0,0
58,4,0,1,2,0,0,1,4.6533,1,13,0,0,1
79,4,0,0,3,0,1,1,4.3306,2,60,0,0,1
26,1,0,0,0,0,0,1,4.1039,1,7,1,0,0
74,4,0,0,3,0,1,1,4.406,2,55,0,0,1
80,4,0,0,3,0,1,1,4.4782,2,61,0,0,1
21,1,0,0,0,0,0,1,3.749,1,5,1,0,1
81,4,1,0,3,0,1,1,4.3723,2,61,0,0,0
26,1,0,0,0,0,0,1,4.027,1,7,1,0,1
25,1,0,0,0,0,0,1,3.9737,2,7,1,0,1
25,1,0,0,0,0,0,1,3.7991,1,7,1,0,1
22,1,0,0,0,0,0,1,3.8797,1,4,1,0,1
81,4,0,0,3,0,1,1,4.3211,2,62,0,0,1
79,4,0,0,3,0,1,1,4.2603,2,60,0,0,1
82,4,0,0,3,0,1,1,4.4068,2,63,0,0,1
81,4,0,0,3,0,1,1,4.4635,2,62,0,0,1
81,4,0,0,3,0,1,1,4.3418,2,62,0,0,1
74,3,0,0,0,1,1,1,4.304,2,30,0,0,1
81,4,0,0,3,0,1,1,4.3315,2,62,0,0,1
67,3,0,0,0,1,1,1,4.4568,2,29,0,0,1
26,1,0,0,0,0,0,1,4.2099,1,7,1,0,1
73,3,0,0,0,1,1,1,4.4496,2,31,0,0,1
29,1,0,0,0,0,0,1,3.9489,1,11,1,0,1
78,4,1,0,3,0,1,1,4.4731,2,58,0,0,1
25,1,0,0,0,0,0,1,3.9435,1,8,1,0,0
60,4,0,1,2,0,0,1,4.7297,1,15,0,0,1
76,4,1,0,3,0,1,1,4.4454,2,56,0,0,1
23,1,0,0,0,0,0,1,3.882,1,4,1,0,1
75,4,0,0,3,0,1,1,4.3873,2,56,0,0,1
59,4,0,1,2,0,0,1,4.7889,1,14,0,0,1
26,1,0,0,0,0,0,1,3.9501,1,7,1,0,1
81,4,0,0,3,0,1,1,4.3809,2,62,0,0,1
80,4,1,0,3,0,1,1,4.4991,2,60,0,0,1
75,4,0,0,3,0,1,1,4.4455,2,56,0,0,1
67,3,0,0,0,1,1,1,4.38,2,24,0,0,1
56,4,0,1,2,0,0,1,4.7177,1,11,0,0,1
58,4,0,1,2,0,0,1,4.6747,1,13,0,0,1
79,4,0,0,3,0,1,1,4.3306,2,60,0,0,1
80,4,0,0,3,0,1,1,4.4782,2,61,0,0,1
77,4,0,0,3,0,1,1,4.2924,2,58,0,0,1
57,4,0,1,2,0,0,1,4.7842,1,12,0,0,1
24,1,0,0,0,0,0,1,3.8868,1,6,1,0,1
58,4,0,1,2,0,0,1,4.7437,1,13,0,0,1
71,3,0,0,0,1,1,1,4.4151,2,29,0,0,1
78,4,0,0,3,0,1,1,4.3978,2,59,0,0,1
83,4,0,0,3,0,1,1,4.3823,2,64,0,0,1
74,3,0,0,0,1,1,1,4.412,2,30,0,0,1
26,1,0,0,0,0,0,1,3.998,2,7,1,0,1
21,1,0,0,0,0,0,1,3.9754,1,4,1,0,1
77,4,0,0,3,0,1,1,4.4667,2,58,0,0,1
26,1,0,0,0,0,0,1,4.056,1,4,1,0,1
79,4,0,0,3,0,1,1,4.4935,2,60,0,0,1
84,4,1,0,3,0,1,1,4.344,2,64,0,0,1
59,4,0,1,2,0,0,1,4.6644,1,14,0,0,1
81,4,0,0,3,0,1,1,4.4096,2,62,0,0,1
69,3,0,0,0,1,1,1,4.4866,2,25,0,0,1
81,4,0,0,3,0,1,1,4.4508,2,62,0,0,1
79,4,0,0,3,0,1,1,4.4625,2,60,0,0,1
81,4,1,0,3,0,1,1,4.3597,2,61,0,0,1
24,1,0,0,0,0,0,1,3.8554,1,6,1,0,1
81,4,1,0,3,0,1,1,4.3723,2,61,0,0,1
73,4,0,0,3,0,1,1,4.3356,2,54,0,0,1
58,4,0,1,2,0,0,1,4.8059,1,13,0,0,1
80,4,0,0,3,0,1,1,4.4881,2,61,0,0,1
74,4,0,0,3,0,1,1,4.433,2,55,0,0,1
78,4,1,0,3,0,1,1,4.4475,2,58,0,0,1
59,4,0,1,2,0,0,1,4.6516,1,14,0,0,1
81,4,0,0,3,0,1,1,4.4184,2,62,0,0,1
81,4,0,0,3,0,1,1,4.3825,2,62,0,0,1
24,1,0,0,0,0,0,1,3.9073,1,5,1,0,1
78,4,0,0,3,0,1,1,4.4865,2,59,0,0,1
26,1,0,0,0,0,0,1,4.027,1,10,1,0,1
23,1,0,0,0,0,0,1,3.7623,1,5,1,0,1
81,4,0,0,3,0,1,1,4.3844,2,62,0,0,1
58,4,0,1,2,0,0,1,4.7307,1,13,0,0,1
74,4,0,0,3,0,1,1,4.433,2,55,0,0,1
73,3,0,0,0,1,1,1,4.3614,2,31,0,0,1
22,1,0,0,0,0,0,1,3.8454,1,4,1,0,1
79,4,0,0,3,0,1,1,4.4928,2,60,0,0,1
79,4,0,0,3,0,1,1,4.508,2,60,0,0,1
81,4,1,0,3,0,1,1,4.2849,2,61,0,0,1
68,3,0,0,0,1,1,1,4.4194,2,30,0,0,1
57,4,0,1,2,0,0,1,4.7624,1,12,0,0,1
81,4,0,0,3,0,1,1,4.4635,2,62,0,0,1
82,4,0,0,3,0,1,1,4.3978,2,63,0,0,1
81,4,0,0,3,0,1,1,4.402,2,62,0,0,1
75,4,0,0,3,0,1,1,4.3256,2,56,0,0,1
24,1,0,0,0,0,0,1,4.0221,1,5,1,0,1
73,3,0,0,0,1,1,1,4.328,2,29,0,0,1
81,4,0,0,3,0,1,1,4.3315,2,62,0,0,1
80,4,0,0,3,0,1,1,4.4614,2,61,0,0,1
23,1,0,0,0,0,0,1,4.1429,1,4,1,0,1
73,3,0,0,0,1,1,1,4.3477,2,29,0,0,1
23,1,0,0,0,0,0,1,4.0231,1,4,1,0,1
58,4,0,1,2,0,0,1,4.7092,1,13,0,0,1
60,4,0,1,2,0,0,1,4.7773,1,15,0,0,1
82,4,0,0,3,0,1,1,4.3565,2,63,0,0,1
81,4,1,0,3,0,1,1,4.4361,2,61,0,0,1
22,1,0,0,0,0,0,1,3.9706,1,5,1,0,1
75,4,1,0,3,0,1,1,4.3222,2,55,0,0,1
79,4,0,0,3,0,1,1,4.3969,2,60,0,0,1
80,4,0,0,3,0,1,1,4.4221,2,61,0,0,1
81,4,0,0,3,0,1,1,4.4149,2,62,0,0,1
62,3,0,0,0,1,1,1,4.4225,2,24,0,0,1
80,4,0,0,3,0,1,1,4.29,2,61,0,0,1
62,3,0,0,0,1,1,1,4.3516,2,24,0,0,1
58,4,0,1,2,0,0,1,4.737,1,13,0,0,0
22,1,0,0,0,0,0,1,3.8797,1,5,1,0,1
27,1,0,0,0,0,0,1,4.0603,1,8,1,0,1
82,4,1,0,3,0,1,1,4.3369,2,62,0,0,1
59,4,0,1,2,0,0,1,4.6872,1,14,0,0,1
72,3,0,0,0,1,1,1,4.3217,2,28,0,0,1
23,1,0,0,0,0,0,1,3.8492,1,4,1,0,1
73,3,0,0,0,1,1,1,4.3392,2,29,0,0,1
80,4,1,0,3,0,1,1,4.3614,2,60,0,0,1
23,1,0,0,0,0,0,1,3.8492,1,7,1,0,1
57,4,0,1,2,0,0,1,4.558,1,12,0,0,1
77,4,0,0,3,0,1,1,4.3563,2,58,0,0,1
75,3,0,0,0,1,1,1,4.393,2,31,0,0,1
70,3,0,0,0,1,1,1,4.2274,2,28,0,0,1
77,4,0,0,3,0,1,1,4.4667,2,58,0,0,0
57,4,0,1,2,0,0,1,4.771,1,12,0,0,1
79,4,1,0,3,0,1,1,4.4006,2,59,0,0,1
26,1,0,0,0,0,0,1,3.998,2,7,1,0,1
83,4,0,0,3,0,1,1,4.3474,2,64,0,0,1
80,4,0,0,3,0,1,1,4.4187,2,61,0,0,1
83,4,0,0,3,0,1,1,4.3474,2,64,0,0,1
22,1,0,0,0,0,0,1,3.5726,1,4,1,0,1
80,4,1,0,3,0,1,1,4.4626,2,60,0,0,1
73,3,0,0,0,1,1,1,4.4257,2,29,0,0,1
21,1,0,0,0,0,0,1,3.749,1,5,1,0,1
60,4,0,1,2,0,0,1,4.6505,1,15,0,0,1
25,1,0,0,0,0,0,1,3.9435,1,7,1,0,1
60,4,0,1,2,0,0,1,4.5498,1,15,0,0,1
83,4,1,0,3,0,1,1,4.359,2,63,0,0,1
80,4,0,0,3,0,1,1,4.4187,2,61,0,0,1
21,1,0,0,0,0,0,1,3.8442,1,5,1,0,1
73,3,0,0,0,1,1,1,4.3885,2,29,0,0,1
58,4,0,1,2,0,0,1,4.75,1,13,0,0,0
80,4,1,0,3,0,1,1,4.5537,2,60,0,0,1
81,4,1,0,3,0,1,1,4.4791,2,61,0,0,1
23,1,0,0,0,0,0,1,3.969,1,5,1,0,1
76,3,0,0,0,1,1,1,4.2752,2,32,0,0,1
58,4,0,1,2,0,0,1,4.7239,1,13,0,0,1
26,1,0,0,0,0,0,1,4.027,1,4,1,0,0
26,1,0,0,0,0,0,1,3.8731,1,8,1,0,1
76,4,1,0,3,0,1,1,4.4354,2,56,0,0,1
26,1,0,0,0,0,0,1,4.1039,1,10,1,0,1
23,1,0,0,0,0,0,1,3.9362,1,4,1,0,1
73,3,0,0,0,1,1,1,4.46,2,29,0,0,1
79,4,1,0,3,0,1,1,4.5746,2,59,0,0,1
81,4,0,0,3,0,1,1,4.3554,2,62,0,0,1
67,3,0,0,0,1,1,1,4.3364,2,24,0,0,0
76,4,0,0,3,0,1,1,4.3308,2,57,0,0,1
71,3,0,0,0,1,1,1,4.4316,2,33,0,0,1
59,4,0,1,2,0,0,1,4.6789,1,14,0,0,1
58,4,0,1,2,0,0,1,4.7714,1,13,0,0,0
79,4,1,0,3,0,1,1,4.3944,2,59,0,0,1
73,3,0,0,0,1,1,1,4.3935,2,29,0,0,1
81,4,0,0,3,0,1,1,4.3315,2,62,0,0,1
73,3,0,0,0,1,1,1,4.4014,2,29,0,0,0
57,4,0,1,2,0,0,1,4.6289,1,12,0,0,1
23,1,0,0,0,0,0,1,3.969,1,4,1,0,1
80,4,1,0,3,0,1,1,4.5142,2,60,0,0,1
78,4,0,0,3,0,1,1,4.4865,2,59,0,0,1
59,4,0,1,2,0,0,1,4.7405,1,14,0,0,1
82,4,1,0,3,0,1,1,4.4247,2,62,0,0,1
71,3,0,0,0,1,1,1,4.3451,2,28,0,0,1
73,3,0,0,0,1,1,1,4.3392,2,29,0,0,1
59,4,0,1,2,0,0,1,4.8145,1,14,0,0,1
69,3,0,0,0,1,1,1,4.4837,2,31,0,0,1
69,3,0,0,0,1,1,1,4.224,2,27,0,0,1
82,4,1,0,3,0,1,1,4.4097,2,62,0,0,1
80,4,0,0,3,0,1,1,4.3264,2,61,0,0,1
81,4,0,0,3,0,1,1,4.4261,2,62,0,0,1
74,3,0,0,0,1,1,1,4.3679,2,30,0,0,1
78,4,0,0,3,0,1,1,4.5694,2,59,0,0,1
21,1,0,0,0,0,0,1,3.749,1,5,1,0,1
84,4,1,0,3,0,1,1,4.344,2,64,0,0,1
78,4,0,0,3,0,1,1,4.3884,2,59,0,0,1
73,4,0,0,3,0,1,1,4.3356,2,54,0,0,1
27,1,0,0,0,0,0,1,4.2825,1,7,1,0,1
80,4,1,0,3,0,1,1,4.4999,2,60,0,0,1
23,1,0,0,0,0,0,1,3.8164,1,4,1,0,1
27,1,0,0,0,0,0,1,4.1064,1,8,1,0,1
60,4,0,1,2,0,0,1,4.6165,1,15,0,0,1
58,4,0,1,2,0,0,1,4.7799,1,13,0,0,1
59,4,0,1,2,0,0,1,4.6727,1,14,0,0,1
81,4,0,0,3,0,1,1,4.3315,2,62,0,0,1
75,4,0,0,3,0,1,1,4.3606,2,56,0,0,1
75,4,0,0,3,0,1,1,4.2989,2,56,0,0,1
30,1,0,0,0,0,0,1,4.2151,1,11,1,0,1
58,4,0,1,2,0,0,1,4.6962,1,13,0,0,1
31,1,0,0,0,0,0,1,4.3894,1,11,1,0,1
60,4,0,1,2,0,0,1,4.7773,1,15,0,0,1
83,4,1,0,3,0,1,1,4.4087,2,63,0,0,1
71,3,0,0,0,1,1,1,4.3292,2,29,0,0,1
83,4,0,0,3,0,1,1,4.3823,2,64,0,0,0
80,4,1,0,3,0,1,1,4.4626,2,60,0,0,1
78,4,0,0,3,0,1,1,4.4041,2,59,0,0,1
72,3,0,0,0,1,1,1,4.4459,2,30,0,0,1
79,4,0,0,3,0,1,1,4.3355,2,60,0,0,1
69,3,0,0,0,1,1,1,4.4604,2,31,0,0,1
81,4,0,0,3,0,1,1,4.3554,2,62,0,0,1
58,4,0,1,2,0,0,1,4.6764,1,13,0,0,1
75,4,0,0,3,0,1,1,4.4088,2,56,0,0,1
79,4,0,0,3,0,1,1,4.524,2,60,0,0,1
80,4,0,0,3,0,1,1,4.4205,2,61,0,0,1
81,4,0,0,3,0,1,1,4.3597,2,62,0,0,1
24,1,0,0,0,0,0,1,4.0221,1,6,1,0,1
59,4,0,1,2,0,0,1,4.8017,1,14,0,0,1
82,4,1,0,3,0,1,1,4.4573,2,62,0,0,1
75,4,0,0,3,0,1,1,4.4354,2,56,0,0,1
79,4,1,0,3,0,1,1,4.3164,2,59,0,0,1
81,4,1,0,3,0,1,1,4.4234,2,61,0,0,1
77,4,1,0,3,0,1,1,4.3277,2,57,0,0,1
66,3,0,0,0,1,1,1,4.4208,2,24,0,0,1
66,3,0,0,0,1,1,1,4.3686,2,23,0,0,1
80,4,0,0,3,0,1,1,4.4974,2,61,0,0,1
28,1,0,0,0,0,0,1,4.0122,1,8,1,0,1
57,4,0,1,2,0,0,1,4.699,1,12,0,0,1
59,4,0,1,2,0,0,1,4.7467,1,14,0,0,1
59,4,0,1,2,0,0,1,4.4905,1,14,0,0,1
79,4,1,0,3,0,1,1,4.3164,2,59,0,0,1
58,4,0,1,2,0,0,1,4.737,1,13,0,0,1
70,3,0,0,0,1,1,1,4.4175,2,26,0,0,1
82,4,1,0,3,0,1,1,4.3503,2,62,0,0,1
24,1,0,0,0,0,0,1,3.9702,1,4,1,0,1
81,4,0,0,3,0,1,1,4.4149,2,62,0,0,1
69,3,0,0,0,1,1,1,4.5074,2,31,0,0,1
56,4,0,1,2,0,0,1,4.7669,1,11,0,0,1
81,4,1,0,3,0,1,1,4.5038,2,61,0,0,1
80,4,0,0,3,0,1,1,4.3514,2,61,0,0,1
75,3,0,0,0,1,1,1,4.4358,2,31,0,0,1
23,1,0,0,0,0,0,1,4.1429,1,5,1,0,1
22,1,0,0,0,0,0,1,3.7544,1,4,1,0,1
28,1,0,0,0,0,0,1,4.0391,1,10,1,0,1
67,3,0,0,0,1,1,1,4.4241,2,29,0,0,1
29,1,0,0,0,0,0,1,3.9228,1,11,1,0,1
70,3,0,0,0,1,1,1,4.2723,2,28,0,0,0
82,4,1,0,3,0,1,1,4.3923,2,62,0,0,1
75,3,0,0,0,1,1,1,4.4995,2,31,0,0,1
70,3,0,0,0,1,1,1,4.344,2,27,0,0,1
26,1,0,0,0,0,0,1,3.8112,1,7,1,0,0
59,4,0,1,2,0,0,1,4.6388,1,14,0,0,1
81,4,1,0,3,0,1,1,4.4866,2,61,0,0,1
26,1,0,0,0,0,0,1,3.921,1,7,1,0,1
82,4,1,0,3,0,1,1,4.3503,2,62,0,0,1
80,4,0,0,3,0,1,1,4.4221,2,61,0,0,1
25,1,0,0,0,0,0,1,3.8031,1,6,1,0,1
68,3,0,0,0,1,1,1,4.4426,2,25,0,0,1
73,3,0,0,0,1,1,1,4.4496,2,31,0,0,1
30,1,0,0,0,0,0,1,4.3232,1,11,1,0,1
81,4,1,0,3,0,1,1,4.5156,2,61,0,0,1
75,3,0,0,0,1,1,1,4.393,2,31,0,0,1
80,4,0,0,3,0,1,1,4.4532,2,61,0,0,0
81,4,0,0,3,0,1,1,4.402,2,62,0,0,1
75,3,0,0,0,1,1,1,4.3822,2,31,0,0,1
72,3,0,0,0,1,1,1,4.4391,2,28,0,0,1
72,3,0,0,0,1,1,1,4.1897,2,30,0,0,1
58,4,0,1,2,0,0,1,4.4826,1,13,0,0,1
74,4,0,0,3,0,1,1,4.348,2,55,0,0,1
79,4,0,0,3,0,1,1,4.508,2,60,0,0,1
21,1,0,0,0,0,0,1,3.749,1,5,1,0,1
74,4,0,0,3,0,1,1,4.433,2,55,0,0,1
74,3,0,0,0,1,1,1,4.4022,2,30,0,0,1
82,4,0,0,3,0,1,1,4.3779,2,63,0,0,1
25,1,0,0,0,0,0,1,4.1337,1,7,1,0,1
81,4,0,0,3,0,1,1,4.3809,2,62,0,0,1
68,3,0,0,0,1,1,1,4.4426,2,25,0,0,0
25,1,0,0,0,0,0,1,4.1035,1,6,1,0,1
81,4,0,0,3,0,1,1,4.4096,2,62,0,0,1
30,1,0,0,0,0,0,1,4.0566,1,11,1,0,1
80,4,0,0,3,0,1,1,4.3968,2,61,0,0,1
59,4,0,1,2,0,0,1,4.7211,1,14,0,0,1
30,1,0,0,0,0,0,1,4.0566,1,11,1,0,1
28,1,0,0,0,0,0,1,4.2534,1,10,1,0,1
81,4,0,0,3,0,1,1,4.4635,2,62,0,0,1
80,4,1,0,3,0,1,1,4.5142,2,60,0,0,1
73,3,0,0,0,1,1,1,4.4038,2,31,0,0,1
82,4,1,0,3,0,1,1,4.4097,2,62,0,0,1
79,4,0,0,3,0,1,1,4.4928,2,60,0,0,1
68,3,0,0,0,1,1,1,4.514,2,24,0,0,1
58,4,0,1,2,0,0,1,4.6402,1,13,0,0,1
76,4,0,0,3,0,1,1,4.3045,2,57,0,0,1
58,4,0,1,2,0,0,1,4.7584,1,13,0,0,1
77,3,0,0,0,1,1,1,4.3533,2,33,0,0,1
59,4,0,1,2,0,0,1,4.7467,1,14,0,0,1
79,4,0,0,3,0,1,1,4.4928,2,60,0,0,1
25,1,0,0,0,0,0,1,3.9933,2,7,1,0,1
73,3,0,0,0,1,1,1,4.4014,2,29,0,0,1
28,1,0,0,0,0,0,1,4.2265,1,10,1,0,1
73,3,0,0,0,1,1,1,4.3885,2,31,0,0,1
23,1,0,0,0,0,0,1,4.1101,1,4,1,0,1
59,4,0,1,2,0,0,1,4.6578,1,14,0,0,1
79,4,0,0,3,0,1,1,4.4935,2,60,0,0,1
76,3,0,0,0,1,1,1,4.3681,2,32,0,0,1
75,3,0,0,0,1,1,1,4.3838,2,31,0,0,1
81,4,1,0,3,0,1,1,4.4234,2,61,0,0,1
59,4,0,1,2,0,0,1,4.8228,1,14,0,0,1
77,4,0,0,3,0,1,1,4.2924,2,58,0,0,1
80,4,1,0,3,0,1,1,4.53,2,60,0,0,1
80,4,0,0,3,0,1,1,4.4288,2,61,0,0,1
73,3,0,0,0,1,1,1,4.3962,2,29,0,0,1
79,4,0,0,3,0,1,1,4.354,2,60,0,0,1
22,1,0,0,0,0,0,1,3.8797,1,4,1,0,1
30,1,0,0,0,0,0,1,3.7777,1,11,1,0,1
60,4,0,1,2,0,0,1,4.6083,1,15,0,0,1
23,1,0,0,0,0,0,1,4.0231,1,4,1,0,1
23,1,0,0,0,0,0,1,4.0231,1,4,1,0,1
73,3,0,0,0,1,1,1,4.3885,2,29,0,0,1
58,4,0,1,2,0,0,1,4.7222,1,13,0,0,1
71,3,0,0,0,1,1,1,4.312,2,28,0,0,1
80,4,1,0,3,0,1,1,4.4999,2,60,0,0,1
73,3,0,0,0,1,1,1,4.4071,2,29,0,0,1
80,4,0,0,3,0,1,1,4.3968,2,61,0,0,1
81,4,0,0,3,0,1,1,4.4096,2,62,0,0,1
81,4,0,0,3,0,1,1,4.4418,2,62,0,0,1
68,3,0,0,0,1,1,1,4.4194,2,30,0,0,1
78,4,0,0,3,0,1,1,4.4609,2,59,0,0,1
72,3,0,0,0,1,1,1,4.5782,2,30,0,0,1
60,4,0,1,2,0,0,1,4.6314,1,15,0,0,1
22,1,0,0,0,0,0,1,4.0615,1,4,1,0,1
80,4,1,0,3,0,1,1,4.2803,2,60,0,0,1
72,3,0,0,0,1,1,1,4.3537,2,28,0,0,1
75,4,1,0,3,0,1,1,4.4328,2,55,0,0,1
83,4,0,0,3,0,1,1,4.3823,2,64,0,0,1
68,3,0,0,0,1,1,1,4.4426,2,30,0,0,1
69,3,0,0,0,1,1,1,4.3562,2,25,0,0,1
79,4,0,0,3,0,1,1,4.462,2,60,0,0,1
78,4,0,0,3,0,1,1,4.4141,2,59,0,0,1
23,1,0,0,0,0,0,1,3.969,1,5,1,0,1
75,4,0,0,3,0,1,1,4.4455,2,56,0,0,1
74,3,0,0,0,1,1,1,4.3597,2,30,0,0,1
59,4,0,1,2,0,0,1,4.7194,1,14,0,0,1
74,4,1,0,3,0,1,1,4.3094,2,54,0,0,1
57,4,0,1,2,0,0,1,4.7491,1,12,0,0,1
81,4,0,0,3,0,1,1,4.402,2,62,0,0,1
74,4,0,0,3,0,1,1,4.348,2,55,0,0,1
57,4,0,1,2,0,0,1,4.699,1,12,0,0,1
28,1,0,0,0,0,0,1,4.155,1,10,1,0,1
70,3,0,0,0,1,1,1,4.344,2,32,0,0,1
81,4,0,0,3,0,1,1,4.4748,2,62,0,0,1
72,3,0,0,0,1,1,1,4.4286,2,30,0,0,1
58,4,0,1,2,0,0,1,4.7222,1,13,0,0,1
60,4,0,1,2,0,0,1,4.6379,1,15,0,0,1
81,4,0,0,3,0,1,1,4.402,2,62,0,0,1
29,1,0,0,0,0,0,1,4.1592,1,7,1,0,1
58,4,0,1,2,0,0,1,4.7929,1,13,0,0,1
58,4,0,1,2,0,0,1,4.6764,1,13,0,0,1
80,4,0,0,3,0,1,1,4.48,2,61,0,0,1
81,4,1,0,3,0,1,1,4.4866,2,61,0,0,1
58,4,0,1,2,0,0,1,4.7799,1,13,0,0,1
75,4,0,0,3,0,1,1,4.3256,2,56,0,0,1
80,4,1,0,3,0,1,1,4.5537,2,60,0,0,1
80,4,0,0,3,0,1,1,4.3968,2,61,0,0,1
24,1,0,0,0,0,0,1,4.0221,1,5,1,0,1
59,4,0,1,2,0,0,1,4.7934,1,14,0,0,0
69,3,0,0,0,1,1,1,4.4509,2,25,0,0,1
78,4,0,0,3,0,1,1,4.3188,2,59,0,0,1
75,4,0,0,3,0,1,1,4.3658,2,56,0,0,1
25,1,0,0,0,0,0,1,4.0235,1,7,1,0,1
60,4,0,1,2,0,0,1,4.7647,1,15,0,0,1
78,4,1,0,3,0,1,1,4.29,2,58,0,0,1
81,4,0,0,3,0,1,1,4.3343,2,62,0,0,1
58,4,0,1,2,0,0,1,4.7799,1,13,0,0,1
75,4,0,0,3,0,1,1,4.3873,2,56,0,0,1
24,1,0,0,0,0,0,1,4.0535,1,5,1,0,1
75,4,0,0,3,0,1,1,4.3873,2,56,0,0,1
58,4,0,1,2,0,0,1,4.7109,1,13,0,0,1
70,3,0,0,0,1,1,1,4.3696,2,28,0,0,1
81,4,1,0,3,0,1,1,4.4866,2,61,0,0,1
70,3,0,0,0,1,1,1,4.4214,2,28,0,0,1
22,1,0,0,0,0,0,1,3.8454,1,4,1,0,1
80,4,0,0,3,0,1,1,4.4288,2,61,0,0,1
57,4,0,1,2,0,0,1,4.7491,1,12,0,0,1
80,4,0,0,3,0,1,1,4.455,2,61,0,0,1
55,4,0,1,2,0,0,1,4.7083,1,10,0,0,1
80,4,0,0,3,0,1,1,4.4782,2,61,0,0,1
75,4,1,0,3,0,1,1,4.3489,2,55,0,0,1
80,4,1,0,3,0,1,1,4.5537,2,60,0,0,0
22,1,0,0,0,0,0,1,3.7544,1,6,1,0,1
58,4,0,1,2,0,0,1,4.7324,1,13,0,0,1
80,4,0,0,3,0,1,1,4.4187,2,61,0,0,1
79,4,0,0,3,0,1,1,4.3595,2,60,0,0,0
76,4,1,0,3,0,1,1,4.3616,2,56,0,0,1
22,1,0,0,0,0,0,1,3.7888,1,4,1,0,1
59,4,0,1,2,0,0,1,4.6111,1,14,0,0,0
81,4,0,0,3,0,1,1,4.4261,2,62,0,0,1
83,4,0,0,3,0,1,1,4.3823,2,64,0,0,1
80,4,0,0,3,0,1,1,4.3514,2,61,0,0,1
80,4,1,0,3,0,1,1,4.53,2,60,0,0,1
25,1,0,0,0,0,0,1,3.9933,1,7,1,0,1
23,1,0,0,0,0,0,1,4.056,1,5,1,0,1
80,4,0,0,3,0,1,1,4.4038,2,61,0,0,1
25,1,0,0,0,0,0,1,3.9933,1,7,1,0,1
58,4,0,1,2,0,0,1,4.6402,1,13,0,0,1
22,1,0,0,0,0,0,1,4.0615,1,5,1,0,1
73,3,0,0,0,1,1,1,4.5204,2,29,0,0,1
23,1,0,0,0,0,0,1,4.056,1,4,1,0,1
83,4,0,0,3,0,1,1,4.3474,2,64,0,0,1
81,4,1,0,3,0,1,1,4.4279,2,61,0,0,1
71,3,0,0,0,1,1,1,4.4578,2,28,0,0,1
79,4,0,0,3,0,1,1,4.462,2,60,0,0,1
72,3,0,0,0,1,1,1,4.3642,2,30,0,0,1
60,4,0,1,2,0,0,1,4.7083,1,15,0,0,1
30,1,0,0,0,0,0,1,4.2817,1,8,1,0,1
75,3,0,0,0,1,1,1,4.3803,2,31,0,0,1
28,1,0,0,0,0,0,1,4.2534,1,10,1,0,1
27,1,0,0,0,0,0,1,4.1343,1,11,1,0,1
56,4,0,1,2,0,0,1,4.7042,1,11,0,0,1
70,3,0,0,0,1,1,1,4.344,2,32,0,0,1
82,4,0,0,3,0,1,1,4.3978,2,63,0,0,1
82,4,1,0,3,0,1,1,4.3981,2,62,0,0,1
58,4,0,1,2,0,0,1,4.7109,1,13,0,0,0
80,4,1,0,3,0,1,1,4.3514,2,60,0,0,1
59,4,0,1,2,0,0,1,4.7678,1,14,0,0,1
30,1,0,0,0,0,0,1,4.2981,1,11,1,0,1
23,1,0,0,0,0,0,1,3.7623,1,5,1,0,1
67,3,0,0,0,1,1,1,4.4128,2,29,0,0,1
65,3,0,0,0,1,1,1,4.4162,2,23,0,0,1
29,1,0,0,0,0,0,1,4.1852,1,10,1,0,1
81,4,0,0,3,0,1,1,4.3211,2,62,0,0,1
80,4,1,0,3,0,1,1,4.3331,2,60,0,0,1
72,3,0,0,0,1,1,1,4.3537,2,30,0,0,1
25,1,0,0,0,0,0,1,4.0235,1,5,1,0,1
27,1,0,0,0,0,0,1,4.1805,1,8,1,0,1
82,4,1,0,3,0,1,1,4.4247,2,62,0,0,1
66,3,0,0,0,1,1,1,4.4684,2,28,0,0,1
74,3,0,0,0,1,1,1,4.3368,2,30,0,0,1
22,1,0,0,0,0,0,1,3.7888,1,4,1,0,1
26,1,0,0,0,0,0,1,4.056,1,8,1,0,1
81,4,0,0,3,0,1,1,4.3315,2,62,0,0,1
79,4,0,0,3,0,1,1,4.3928,2,60,0,0,1
26,1,0,0,0,0,0,1,4.027,1,8,1,0,1
77,4,0,0,3,0,1,1,4.4667,2,58,0,0,1
81,4,0,0,3,0,1,1,4.4635,2,62,0,0,1
23,1,0,0,0,0,0,1,4.1429,1,5,1,0,1
24,1,0,0,0,0,0,1,4.2202,1,5,1,0,1
82,4,1,0,3,0,1,1,4.4817,2,62,0,0,1
82,4,1,0,3,0,1,1,4.3438,2,62,0,0,1
69,3,0,0,0,1,1,1,4.3548,2,26,0,0,1
60,4,0,1,2,0,0,1,4.6379,1,15,0,0,1
68,3,0,0,0,1,1,1,4.3262,2,26,0,0,1
59,4,0,1,2,0,0,1,4.7533,1,14,0,0,1
23,1,0,0,0,0,0,1,4.056,1,4,1,0,1
24,1,0,0,0,0,0,1,4.0221,1,5,1,0,1
69,3,0,0,0,1,1,1,4.466,2,31,0,0,1
75,3,0,0,0,1,1,1,4.4309,2,31,0,0,1
73,4,0,0,3,0,1,1,4.3356,2,54,0,0,1
23,1,0,0,0,0,0,1,3.7294,1,4,1,0,0
58,4,0,1,2,0,0,1,4.6764,1,13,0,0,1
83,4,1,0,3,0,1,1,4.4057,2,63,0,0,1
81,4,0,0,3,0,1,1,4.4418,2,62,0,0,1
73,3,0,0,0,1,1,1,4.4833,2,31,0,0,1
29,1,0,0,0,0,0,1,4.3232,1,7,1,0,1
70,3,0,0,0,1,1,1,4.4542,2,32,0,0,1
75,3,0,0,0,1,1,1,4.3295,2,32,0,0,0
75,4,0,0,3,0,1,1,4.3256,2,56,0,0,1
23,1,0,0,0,0,0,1,4.1429,1,5,1,0,1
66,3,0,0,0,1,1,1,4.3964,2,28,0,0,1
81,4,1,0,3,0,1,1,4.4234,2,61,0,0,1
25,1,0,0,0,0,0,1,4.1337,1,7,1,0,1
27,1,0,0,0,0,0,1,3.6764,1,11,1,0,1
21,1,0,0,0,0,0,1,3.749,1,5,1,0,1
82,4,1,0,3,0,1,1,4.4413,2,62,0,0,1
81,4,0,0,3,0,1,1,4.4635,2,62,0,0,1
60,4,0,1,2,0,0,1,4.7647,1,15,0,0,1
74,4,1,0,3,0,1,1,4.3364,2,54,0,0,1
60,4,0,1,2,0,0,1,4.7647,1,15,0,0,1
81,4,1,0,3,0,1,1,4.4361,2,61,0,0,1
59,4,0,1,2,0,0,1,4.7889,1,14,0,0,1
81,4,0,0,3,0,1,1,4.3844,2,62,0,0,1
81,4,1,0,3,0,1,1,4.4234,2,61,0,0,1
58,4,0,1,2,0,0,1,4.75,1,13,0,0,1
83,4,1,0,3,0,1,1,4.4057,2,63,0,0,0
72,3,0,0,0,1,1,1,4.3154,2,29,0,0,1
59,4,0,1,2,0,0,1,4.6644,1,14,0,0,1
79,4,0,0,3,0,1,1,4.3675,2,60,0,0,1
77,4,0,0,3,0,1,1,4.3563,2,58,0,0,1
25,1,0,0,0,0,0,1,4.0235,1,5,1,0,1
81,4,1,0,3,0,1,1,4.4791,2,61,0,0,1
81,4,0,0,3,0,1,1,4.4056,2,62,0,0,1
74,3,0,0,0,1,1,1,4.4302,2,31,0,0,1
60,4,0,1,2,0,0,1,4.7899,1,15,0,0,1
20,1,0,0,0,0,0,1,3.5842,1,4,1,0,0
27,1,0,0,0,0,0,1,4.1343,1,7,1,0,1
73,3,0,0,0,1,1,1,4.2742,2,30,0,0,1
81,4,1,0,3,0,1,1,4.4602,2,61,0,0,1
81,4,0,0,3,0,1,1,4.3343,2,62,0,0,1
76,4,1,0,3,0,1,1,4.3668,2,56,0,0,1
57,4,0,1,2,0,0,1,4.6439,1,12,0,0,1
73,3,0,0,0,1,1,1,4.4071,2,31,0,0,1
80,4,1,0,3,0,1,1,4.4999,2,60,0,0,1
64,3,0,0,0,1,1,1,4.3062,2,26,0,0,1
59,4,0,1,2,0,0,1,4.7595,1,14,0,0,1
82,4,1,0,3,0,1,1,4.4225,2,62,0,0,1
59,4,0,1,2,0,0,1,4.8017,1,14,0,0,1
80,4,0,0,3,0,1,1,4.4221,2,61,0,0,1
29,1,0,0,0,0,0,1,4.2542,1,10,1,0,1
81,4,0,0,3,0,1,1,4.4508,2,62,0,0,1
60,4,0,1,2,0,0,1,4.6624,1,15,0,0,1
82,4,1,0,3,0,1,1,4.4491,2,62,0,0,1
24,1,0,0,0,0,0,1,4.0535,1,5,1,0,1
60,4,0,1,2,0,0,1,4.7566,1,15,0,0,1
80,4,1,0,3,0,1,1,4.5142,2,60,0,0,1
69,3,0,0,0,1,1,1,4.4201,2,31,0,0,1
81,4,0,0,3,0,1,1,4.4056,2,62,0,0,1
81,4,0,0,3,0,1,1,4.4096,2,62,0,0,1
79,4,0,0,3,0,1,1,4.524,2,60,0,0,1
56,4,0,1,2,0,0,1,4.7177,1,11,0,0,0
80,4,0,0,3,0,1,1,4.4614,2,61,0,0,1
79,4,0,0,3,0,1,1,4.3595,2,60,0,0,1
79,4,0,0,3,0,1,1,4.354,2,60,0,0,1
58,4,0,1,2,0,0,1,4.6962,1,13,0,0,1
73,3,0,0,0,1,1,1,4.1763,2,30,0,0,1
58,4,0,1,2,0,0,1,4.75,1,13,0,0,0
59,4,0,1,2,0,0,1,4.8017,1,14,0,0,1
78,4,1,0,3,0,1,1,4.3578,2,58,0,0,1
59,4,0,1,2,0,0,1,4.7761,1,14,0,0,1
73,3,0,0,0,1,1,1,4.4847,2,31,0,0,1
81,4,0,0,3,0,1,1,4.4056,2,62,0,0,1
23,1,0,0,0,0,0,1,4.1429,1,5,1,0,1
83,4,1,0,3,0,1,1,4.4087,2,63,0,0,1
83,4,0,0,3,0,1,1,4.3823,2,64,0,0,1
80,4,0,0,3,0,1,1,4.4187,2,61,0,0,1
80,4,1,0,3,0,1,1,4.4999,2,60,0,0,1
71,3,0,0,0,1,1,1,4.3416,2,27,0,0,1
57,4,0,1,2,0,0,1,4.7359,1,12,0,0,1
80,4,0,0,3,0,1,1,4.4334,2,61,0,0,1
75,4,0,0,3,0,1,1,4.3606,2,56,0,0,1
79,4,0,0,3,0,1,1,4.4034,2,60,0,0,1
81,4,0,0,3,0,1,1,4.402,2,62,0,0,1
84,4,1,0,3,0,1,1,4.344,2,64,0,0,1
83,4,0,0,3,0,1,1,4.3823,2,64,0,0,1
79,4,0,0,3,0,1,1,4.4068,2,60,0,0,1
79,4,1,0,3,0,1,1,4.3164,2,59,0,0,1
60,4,0,1,2,0,0,1,4.6647,1,15,0,0,1
81,4,0,0,3,0,1,1,4.402,2,62,0,0,1
72,3,0,0,0,1,1,1,4.4286,2,30,0,0,1
80,4,1,0,3,0,1,1,4.4991,2,60,0,0,1
73,3,0,0,0,1,1,1,4.5224,2,29,0,0,1
60,4,0,1,2,0,0,1,4.7297,1,15,0,0,1
58,4,0,1,2,0,0,1,4.7584,1,13,0,0,1
59,4,0,1,2,0,0,1,4.6599,1,14,0,0,1
58,4,0,1,2,0,0,1,4.8274,1,13,0,0,1
83,4,0,0,3,0,1,1,4.3474,2,64,0,0,1
80,4,1,0,3,0,1,1,4.4999,2,60,0,0,1
24,1,0,0,0,0,0,1,4.2202,1,5,1,0,1
25,1,0,0,0,0,0,1,3.9435,2,7,1,0,1
71,3,0,0,0,1,1,1,4.2141,2,29,0,0,1
78,4,0,0,3,0,1,1,4.3722,2,59,0,0,1
22,1,0,0,0,0,0,1,3.9363,1,4,1,0,1
79,4,0,0,3,0,1,1,4.548,2,60,0,0,1
26,1,0,0,0,0,0,1,4.1039,1,8,1,0,1
73,3,0,0,0,1,1,1,4.3347,2,29,0,0,1
67,3,0,0,0,1,1,1,4.3452,2,25,0,0,1
79,4,0,0,3,0,1,1,4.508,2,60,0,0,1
24,1,0,0,0,0,0,1,4.1054,1,5,1,0,1
80,4,0,0,3,0,1,1,4.3968,2,61,0,0,1
58,4,0,1,2,0,0,1,4.8059,1,13,0,0,1
57,4,0,1,2,0,0,1,4.6704,1,12,0,0,1
73,3,0,0,0,1,1,1,4.3962,2,31,0,0,1
67,3,0,0,0,1,1,1,4.3644,2,23,0,0,1
59,4,0,1,2,0,0,1,4.7661,1,14,0,0,1
79,4,0,0,3,0,1,1,4.3595,2,60,0,0,1
59,4,0,1,2,0,0,1,4.7872,1,14,0,0,1
80,4,0,0,3,0,1,1,4.3703,2,61,0,0,1
73,3,0,0,0,1,1,1,4.4829,2,31,0,0,1
71,3,0,0,0,1,1,1,4.4686,2,29,0,0,1
73,3,0,0,0,1,1,1,4.4833,2,31,0,0,1
59,4,0,1,2,0,0,1,4.7806,1,14,0,0,1
23,1,0,0,0,0,0,1,4.0231,1,5,1,0,1
66,3,0,0,0,1,1,1,4.3686,2,23,0,0,1
81,4,1,0,3,0,1,1,4.4234,2,61,0,0,1
78,4,1,0,3,0,1,1,4.29,2,58,0,0,1
59,4,0,1,2,0,0,1,4.7,1,14,0,0,1
81,4,0,0,3,0,1,1,4.4418,2,62,0,0,1
78,4,1,0,3,0,1,1,4.3578,2,58,0,0,1
59,4,0,1,2,0,0,1,4.8145,1,14,0,0,1
59,4,0,1,2,0,0,1,4.6388,1,14,0,0,1
25,1,0,0,0,0,0,1,4.0235,1,6,1,0,0
58,4,0,1,2,0,0,1,4.7714,1,13,0,0,1
81,4,0,0,3,0,1,1,4.4635,2,62,0,0,1
58,4,0,1,2,0,0,1,4.6402,1,13,0,0,1
71,3,0,0,0,1,1,1,4.394,2,27,0,0,1
23,1,0,0,0,0,0,1,3.969,1,5,1,0,1
80,4,1,0,3,0,1,1,4.3514,2,60,0,0,1
78,4,0,0,3,0,1,1,4.4865,2,59,0,0,1
29,1,0,0,0,0,0,1,4.2282,1,10,1,0,1
80,4,0,0,3,0,1,1,4.4221,2,61,0,0,1
24,1,0,0,0,0,0,1,4.2202,1,5,1,0,1
76,4,1,0,3,0,1,1,4.4454,2,56,0,0,1
57,4,0,1,2,0,0,1,4.7359,1,12,0,0,1
60,4,0,1,2,0,0,1,4.8232,1,15,0,0,1
80,4,0,0,3,0,1,1,4.4205,2,61,0,0,1
22,1,0,0,0,0,0,1,3.9363,1,4,1,0,1
74,4,0,0,3,0,1,1,4.348,2,55,0,0,1
59,4,0,1,2,0,0,1,4.8017,1,14,0,0,1
56,4,0,1,2,0,0,1,4.6955,1,11,0,0,1
29,1,0,0,0,0,0,1,4.2971,1,10,1,0,1
81,4,0,0,3,0,1,1,4.4149,2,62,0,0,1
73,3,0,0,0,1,1,1,4.5224,2,29,0,0,1
83,4,0,0,3,0,1,1,4.3474,2,64,0,0,1
80,4,0,0,3,0,1,1,4.3703,2,61,0,0,1
26,1,0,0,0,0,0,1,3.921,2,7,1,0,1
83,4,1,0,3,0,1,1,4.4087,2,63,0,0,1
82,4,0,0,3,0,1,1,4.3565,2,63,0,0,1
75,4,0,0,3,0,1,1,4.3873,2,56,0,0,0
22,1,0,0,0,0,0,1,3.9363,1,4,1,0,1
83,4,0,0,3,0,1,1,4.3474,2,64,0,0,1
79,4,0,0,3,0,1,1,4.4068,2,60,0,0,1
72,3,0,0,0,1,1,1,4.4753,2,28,0,0,1
73,3,0,0,0,1,1,1,4.3898,2,31,0,0,1
81,4,0,0,3,0,1,1,4.3343,2,62,0,0,1
80,4,0,0,3,0,1,1,4.4221,2,61,0,0,1
59,4,0,1,2,0,0,1,4.7678,1,14,0,0,1
80,4,0,0,3,0,1,1,4.4614,2,61,0,0,1
59,4,0,1,2,0,0,1,4.755,1,14,0,0,1
21,1,0,0,0,0,0,1,3.6538,1,5,1,0,1
77,3,0,0,0,1,1,1,4.3003,2,33,0,0,1
60,4,0,1,2,0,0,1,4.5647,1,15,0,0,1
80,4,1,0,3,0,1,1,4.4991,2,60,0,0,1
60,4,0,1,2,0,0,1,4.8106,1,15,0,0,1
76,4,1,0,3,0,1,1,4.3668,2,56,0,0,1
76,3,0,0,0,1,1,1,4.4541,2,32,0,0,1
82,4,1,0,3,0,1,1,4.4112,2,62,0,0,1
59,4,0,1,2,0,0,1,4.7761,1,14,0,0,1
79,4,0,0,3,0,1,1,4.3342,2,60,0,0,1
71,3,0,0,0,1,1,1,4.4327,2,29,0,0,1
73,3,0,0,0,1,1,1,4.4429,2,31,0,0,1
29,1,0,0,0,0,0,1,4.1592,1,7,1,0,1
59,4,0,1,2,0,0,1,4.6855,1,14,0,0,1
59,4,0,1,2,0,0,1,4.5694,1,14,0,0,1
76,3,0,0,0,1,1,1,4.3582,2,32,0,0,1
82,4,0,0,3,0,1,1,4.3779,2,63,0,0,1
25,1,0,0,0,0,0,1,4.1337,1,7,1,0,1
78,4,0,0,3,0,1,1,4.3188,2,59,0,0,1
28,1,0,0,0,0,0,1,4.1106,1,10,1,0,1
24,1,0,0,0,0,0,1,3.9073,1,5,1,0,1
77,4,0,0,3,0,1,1,4.2924,2,58,0,0,1
80,4,1,0,3,0,1,1,4.4693,2,60,0,0,1
23,1,0,0,0,0,0,1,3.969,1,5,1,0,1
74,3,0,0,0,1,1,1,4.4308,2,30,0,0,1
69,3,0,0,0,1,1,1,4.4201,2,31,0,0,1
25,1,0,0,0,0,0,1,3.9933,1,7,1,0,1
59,4,0,1,2,0,0,1,4.7889,1,14,0,0,1
30,1,0,0,0,0,0,1,4.2151,1,8,1,0,1
81,4,1,0,3,0,1,1,4.4406,2,61,0,0,1
78,4,0,0,3,0,1,1,4.3188,2,59,0,0,1
58,4,0,1,2,0,0,1,4.8059,1,13,0,0,1
20,1,0,0,0,0,0,1,3.4842,1,4,1,0,1
80,4,0,0,3,0,1,1,4.4288,2,61,0,0,1
73,3,0,0,0,1,1,1,4.3124,2,31,0,0,1
75,3,0,0,0,1,1,1,4.3803,2,31,0,0,1
58,4,0,1,2,0,0,1,4.6402,1,13,0,0,1
56,4,0,1,2,0,0,1,4.74,1,11,0,0,1
80,4,0,0,3,0,1,1,4.4187,2,61,0,0,1
82,4,0,0,3,0,1,1,4.4068,2,63,0,0,1
75,3,0,0,0,1,1,1,4.3936,2,31,0,0,1
83,4,0,0,3,0,1,1,4.3352,2,64,0,0,1
79,4,0,0,3,0,1,1,4.524,2,60,0,0,1
81,4,0,0,3,0,1,1,4.402,2,62,0,0,1
70,3,0,0,0,1,1,1,4.3684,2,32,0,0,1
72,3,0,0,0,1,1,1,4.3056,2,29,0,0,1
75,3,0,0,0,1,1,1,4.4244,2,31,0,0,1
71,3,0,0,0,1,1,1,4.4316,2,27,0,0,1
56,4,0,1,2,0,0,1,4.7757,1,11,0,0,1
23,1,0,0,0,0,0,1,3.5884,1,4,1,0,1
56,4,0,1,2,0,0,1,4.7891,1,11,0,0,1
29,1,0,0,0,0,0,1,4.1852,1,11,1,0,1
27,1,0,0,0,0,0,1,4.2084,1,7,1,0,1
78,4,0,0,3,0,1,1,4.4865,2,59,0,0,1
75,3,0,0,0,1,1,1,4.4039,2,31,0,0,1
25,1,0,0,0,0,0,1,4.0235,1,6,1,0,1
24,1,0,0,0,0,0,1,4.2202,1,5,1,0,0
73,3,0,0,0,1,1,1,4.2859,2,30,0,0,1
80,4,0,0,3,0,1,1,4.3514,2,61,0,0,1
72,3,0,0,0,1,1,1,4.4008,2,30,0,0,0
79,4,0,0,3,0,1,1,4.354,2,60,0,0,1
76,3,0,0,0,1,1,1,4.3708,2,33,0,0,1
59,4,0,1,2,0,0,1,4.7322,1,14,0,0,1
57,4,0,1,2,0,0,1,4.7624,1,12,0,0,1
58,4,0,1,2,0,0,1,4.8059,1,13,0,0,1
72,3,0,0,0,1,1,1,4.4793,2,28,0,0,1
80,4,0,0,3,0,1,1,4.4614,2,61,0,0,1
59,4,0,1,2,0,0,1,4.7806,1,14,0,0,1
75,4,0,0,3,0,1,1,4.4455,2,56,0,0,1
57,4,0,1,2,0,0,1,4.771,1,12,0,0,1
72,3,0,0,0,1,1,1,4.4288,2,30,0,0,1
25,1,0,0,0,0,0,1,4.0235,1,5,1,0,1
78,4,1,0,3,0,1,1,4.2644,2,58,0,0,1
77,4,0,0,3,0,1,1,4.2924,2,58,0,0,0
68,3,0,0,0,1,1,1,4.4796,2,24,0,0,1
71,3,0,0,0,1,1,1,4.3292,2,29,0,0,1
76,4,1,0,3,0,1,1,4.388,2,56,0,0,1
73,4,0,0,3,0,1,1,4.3356,2,54,0,0,1
78,4,0,0,3,0,1,1,4.3978,2,59,0,0,1
25,1,0,0,0,0,0,1,4.1337,1,6,1,0,1
82,4,0,0,3,0,1,1,4.3978,2,63,0,0,1
75,3,0,0,0,1,1,1,4.4534,2,31,0,0,1
22,1,0,0,0,0,0,1,3.8454,1,4,1,0,1
23,1,0,0,0,0,0,1,3.6753,1,4,1,0,1
81,4,0,0,3,0,1,1,4.3315,2,62,0,0,1
81,4,0,0,3,0,1,1,4.4508,2,62,0,0,1
59,4,0,1,2,0,0,1,4.7339,1,14,0,0,1
59,4,0,1,2,0,0,1,4.7678,1,14,0,0,1
78,4,0,0,3,0,1,1,4.3978,2,59,0,0,1
60,4,0,1,2,0,0,1,4.8232,1,15,0,0,1
78,4,1,0,3,0,1,1,4.29,2,58,0,0,1
60,4,0,1,2,0,0,1,4.8314,1,15,0,0,1
58,4,0,1,2,0,0,1,4.7714,1,13,0,0,1
79,4,1,0,3,0,1,1,4.4928,2,59,0,0,1
20,1,0,0,0,0,0,1,3.5842,1,4,1,0,1
32,1,0,0,0,0,0,1,4.0931,1,10,1,0,1
59,4,0,1,2,0,0,1,4.7889,1,14,0,0,1
56,4,0,1,2,0,0,1,4.7265,1,11,0,0,1
22,1,0,0,0,0,0,1,3.7888,1,4,1,0,1
79,4,1,0,3,0,1,1,4.5746,2,59,0,0,1
22,1,0,0,0,0,0,1,3.8454,1,4,1,0,1
75,4,0,0,3,0,1,1,4.4455,2,56,0,0,1
22,1,0,0,0,0,0,1,3.7888,1,4,1,0,1
78,4,0,0,3,0,1,1,4.4141,2,59,0,0,1
79,4,0,0,3,0,1,1,4.462,2,60,0,0,1
60,4,0,1,2,0,0,1,4.6691,1,15,0,0,1
74,3,0,0,0,1,1,1,4.2881,2,32,0,0,1
80,4,1,0,3,0,1,1,4.339,2,60,0,0,1
79,4,1,0,3,0,1,1,4.3944,2,59,0,0,1
75,3,0,0,0,1,1,1,4.2586,2,31,0,0,1
78,4,0,0,3,0,1,1,4.3978,2,59,0,0,1
75,4,0,0,3,0,1,1,4.4455,2,56,0,0,1
84,4,1,0,3,0,1,1,4.344,2,64,0,0,0
80,4,0,0,3,0,1,1,4.3703,2,61,0,0,1
79,4,0,0,3,0,1,1,4.3306,2,60,0,0,1
70,3,0,0,0,1,1,1,4.2355,2,28,0,0,1
73,3,0,0,0,1,1,1,4.3347,2,31,0,0,1
59,4,0,1,2,0,0,1,4.8017,1,14,0,0,1
70,3,0,0,0,1,1,1,4.4214,2,28,0,0,1
29,1,0,0,0,0,0,1,4.2542,1,11,1,0,1
58,4,0,1,2,0,0,1,4.8274,1,13,0,0,1
59,4,0,1,2,0,0,1,4.6744,1,14,0,0,1
81,4,0,0,3,0,1,1,4.3844,2,62,0,0,1
80,4,1,0,3,0,1,1,4.4693,2,60,0,0,1
58,4,0,1,2,0,0,1,4.7025,1,13,0,0,1
60,4,0,1,2,0,0,1,4.527,1,15,0,0,1
78,4,0,0,3,0,1,1,4.4041,2,59,0,0,1
25,1,0,0,0,0,0,1,3.8635,1,7,1,0,1
22,1,0,0,0,0,0,1,3.9706,1,5,1,0,0
80,4,0,0,3,0,1,1,4.4614,2,61,0,0,1
58,4,0,1,2,0,0,1,4.7799,1,13,0,0,1
75,3,0,0,0,1,1,1,4.3226,2,31,0,0,1
58,4,0,1,2,0,0,1,4.674,1,13,0,0,1
23,1,0,0,0,0,0,1,4.056,1,5,1,0,1
58,4,0,1,2,0,0,1,4.655,1,13,0,0,1
82,4,0,0,3,0,1,1,4.3978,2,63,0,0,1
79,4,0,0,3,0,1,1,4.4068,2,60,0,0,1
60,4,0,1,2,0,0,1,4.675,1,15,0,0,1
59,4,0,1,2,0,0,1,4.6744,1,14,0,0,1
58,4,0,1,2,0,0,1,4.6962,1,13,0,0,1
72,3,0,0,0,1,1,1,4.4459,2,30,0,0,0
81,4,1,0,3,0,1,1,4.5038,2,61,0,0,1
78,4,1,0,3,0,1,1,4.29,2,58,0,0,1
77,4,0,0,3,0,1,1,4.3563,2,58,0,0,1
22,1,0,0,0,0,0,1,3.7544,1,6,1,0,1
83,4,1,0,3,0,1,1,4.359,2,63,0,0,1
57,4,0,1,2,0,0,1,4.7842,1,12,0,0,1
58,4,0,1,2,0,0,1,4.7239,1,13,0,0,1
79,4,0,0,3,0,1,1,4.4928,2,60,0,0,1
58,4,0,1,2,0,0,1,4.737,1,13,0,0,1
58,4,0,1,2,0,0,1,4.7584,1,13,0,0,1
24,1,0,0,0,0,0,1,4.1368,1,5,1,0,1
74,3,0,0,0,1,1,1,4.358,2,30,0,0,1
23,1,0,0,0,0,0,1,3.8164,1,5,1,0,1
57,4,0,1,2,0,0,1,4.714,1,12,0,0,1
78,4,0,0,3,0,1,1,4.4041,2,59,0,0,1
84,4,1,0,3,0,1,1,4.3905,2,64,0,0,1
69,3,0,0,0,1,1,1,4.4509,2,25,0,0,1
68,3,0,0,0,1,1,1,4.3784,2,30,0,0,1
82,4,1,0,3,0,1,1,4.3438,2,62,0,0,1
59,4,0,1,2,0,0,1,4.7678,1,14,0,0,1
24,1,0,0,0,0,0,1,4.0535,1,4,1,0,1
81,4,1,0,3,0,1,1,4.4788,2,61,0,0,1
24,1,0,0,0,0,0,1,4.1368,1,5,1,0,1
77,3,0,0,0,1,1,1,4.3022,2,33,0,0,1
56,4,0,1,2,0,0,1,4.6398,1,11,0,0,1
57,4,0,1,2,0,0,1,4.714,1,12,0,0,1
58,4,0,1,2,0,0,1,4.7567,1,13,0,0,1
70,3,0,0,0,1,1,1,4.2355,2,28,0,0,1
82,4,1,0,3,0,1,1,4.3503,2,62,0,0,1
71,3,0,0,0,1,1,1,4.458,2,27,0,0,1
73,3,0,0,0,1,1,1,4.5224,2,29,0,0,1
79,4,1,0,3,0,1,1,4.4213,2,59,0,0,1
22,1,0,0,0,0,0,1,3.8454,1,4,1,0,1
31,1,0,0,0,0,0,1,3.9779,1,11,1,0,1
82,4,1,0,3,0,1,1,4.3194,2,62,0,0,1
68,3,0,0,0,1,1,1,4.3562,2,25,0,0,1
25,1,0,0,0,0,0,1,4.2137,1,7,1,0,1
73,3,0,0,0,1,1,1,4.289,2,30,0,0,1
24,1,0,0,0,0,0,1,3.8239,1,5,1,0,1
25,1,0,0,0,0,0,1,3.9133,2,7,1,0,1
59,4,0,1,2,0,0,1,4.6194,1,14,0,0,1
81,4,0,0,3,0,1,1,4.3343,2,62,0,0,1
71,3,0,0,0,1,1,1,4.2695,2,29,0,0,1
25,1,0,0,0,0,0,1,3.9133,1,7,1,0,1
70,3,0,0,0,1,1,1,4.4175,2,26,0,0,1
27,1,0,0,0,0,0,1,4.2545,1,5,1,0,1
69,3,0,0,0,1,1,1,4.5583,2,31,0,0,1
76,4,1,0,3,0,1,1,4.4354,2,56,0,0,1
68,3,0,0,0,1,1,1,4.514,2,24,0,0,1
58,4,0,1,2,0,0,1,4.7799,1,13,0,0,1
25,1,0,0,0,0,0,1,4.1835,1,6,1,0,1
80,4,1,0,3,0,1,1,4.4142,2,60,0,0,1
81,4,1,0,3,0,1,1,4.4788,2,61,0,0,1
73,3,0,0,0,1,1,1,4.4833,2,29,0,0,1
76,3,0,0,0,1,1,1,4.2545,2,32,0,0,1
77,3,0,0,0,1,1,1,4.3003,2,33,0,0,1
57,4,0,1,2,0,0,1,4.7842,1,12,0,0,1
80,4,1,0,3,0,1,1,4.3514,2,60,0,0,1
28,1,0,0,0,0,0,1,4.182,1,11,1,0,1
73,3,0,0,0,1,1,1,4.3908,2,30,0,0,1
57,4,0,1,2,0,0,1,4.8325,1,12,0,0,1
60,4,0,1,2,0,0,1,4.7046,1,15,0,0,1
79,4,0,0,3,0,1,1,4.3306,2,60,0,0,1
81,4,1,0,3,0,1,1,4.3737,2,61,0,0,1
80,4,0,0,3,0,1,1,4.4288,2,61,0,0,0
72,3,0,0,0,1,1,1,4.3154,2,29,0,0,1
57,4,0,1,2,0,0,1,4.771,1,12,0,0,1
79,4,0,0,3,0,1,1,4.4935,2,60,0,0,1
81,4,0,0,3,0,1,1,4.4635,2,62,0,0,0
57,4,0,1,2,0,0,1,4.7341,1,12,0,0,1
57,4,0,1,2,0,0,1,4.5447,1,12,0,0,1
72,3,0,0,0,1,1,1,4.4793,2,30,0,0,1
81,4,0,0,3,0,1,1,4.4418,2,62,0,0,1
72,3,0,0,0,1,1,1,4.4008,2,29,0,0,1
67,3,0,0,0,1,1,1,4.4568,2,23,0,0,1
73,3,0,0,0,1,1,1,4.4257,2,31,0,0,1
59,4,0,1,2,0,0,1,4.7467,1,14,0,0,1
79,4,0,0,3,0,1,1,4.3969,2,60,0,0,1
58,4,0,1,2,0,0,1,4.7239,1,13,0,0,1
27,1,0,0,0,0,0,1,3.8101,1,8,1,0,1
58,4,0,1,2,0,0,1,4.7454,1,13,0,0,1
29,1,0,0,0,0,0,1,4.2542,1,11,1,0,1
79,4,0,0,3,0,1,1,4.2857,2,60,0,0,1
82,4,1,0,3,0,1,1,4.3577,2,62,0,0,1
67,3,0,0,0,1,1,1,4.4637,2,29,0,0,1
79,4,0,0,3,0,1,1,4.3306,2,60,0,0,1
58,4,0,1,2,0,0,1,4.5945,1,13,0,0,1
81,4,1,0,3,0,1,1,4.4947,2,61,0,0,1
80,4,0,0,3,0,1,1,4.48,2,61,0,0,1
79,4,0,0,3,0,1,1,4.548,2,60,0,0,1
82,4,1,0,3,0,1,1,4.3438,2,62,0,0,1
79,4,0,0,3,0,1,1,4.4068,2,60,0,0,1
29,1,0,0,0,0,0,1,4.1852,1,11,1,0,1
81,4,1,0,3,0,1,1,4.4947,2,61,0,0,1
79,4,0,0,3,0,1,1,4.4682,2,60,0,0,1
81,4,1,0,3,0,1,1,4.4361,2,61,0,0,1
57,4,0,1,2,0,0,1,4.5455,1,12,0,0,1
67,3,0,0,0,1,1,1,4.3644,2,23,0,0,1
79,4,0,0,3,0,1,1,4.3355,2,60,0,0,1
59,4,0,1,2,0,0,1,4.7678,1,14,0,0,1
59,4,0,1,2,0,0,1,4.6516,1,14,0,0,1
58,4,0,1,2,0,0,1,4.6764,1,13,0,0,1
69,3,0,0,0,1,1,1,4.3852,2,27,0,0,1
75,4,0,0,3,0,1,1,4.3873,2,56,0,0,1
26,1,0,0,0,0,0,1,4.1039,1,4,1,0,1
79,4,0,0,3,0,1,1,4.3306,2,60,0,0,1
81,4,0,0,3,0,1,1,4.4153,2,62,0,0,1
59,4,0,1,2,0,0,1,4.7595,1,14,0,0,1
58,4,0,1,2,0,0,1,4.8189,1,13,0,0,0
80,4,0,0,3,0,1,1,4.48,2,61,0,0,1
81,4,1,0,3,0,1,1,4.4622,2,61,0,0,1
76,4,1,0,3,0,1,1,4.3222,2,56,0,0,1
73,3,0,0,0,1,1,1,4.1763,2,30,0,0,1
81,4,0,0,3,0,1,1,4.3844,2,62,0,0,1
56,4,0,1,2,0,0,1,4.74,1,11,0,0,1
79,4,0,0,3,0,1,1,4.3595,2,60,0,0,1
83,4,1,0,3,0,1,1,4.3758,2,63,0,0,1
81,4,0,0,3,0,1,1,4.3578,2,62,0,0,1
70,3,0,0,0,1,1,1,4.3684,2,26,0,0,1
23,1,0,0,0,0,0,1,3.7294,1,6,1,0,1
80,4,0,0,3,0,1,1,4.3703,2,61,0,0,1
71,3,0,0,0,1,1,1,4.2695,2,29,0,0,1
81,4,1,0,3,0,1,1,4.5038,2,61,0,0,1
58,4,0,1,2,0,0,1,4.7109,1,13,0,0,1
75,4,1,0,3,0,1,1,4.4061,2,55,0,0,1
80,4,0,0,3,0,1,1,4.3703,2,61,0,0,1
81,4,0,0,3,0,1,1,4.4184,2,62,0,0,1
24,1,0,0,0,0,0,1,4.0535,1,5,1,0,1
74,3,0,0,0,1,1,1,4.3679,2,30,0,0,1
22,1,0,0,0,0,0,1,3.7544,1,4,1,0,1
72,3,0,0,0,1,1,1,4.2965,2,28,0,0,1
25,1,0,0,0,0,0,1,4.1337,1,7,1,0,1
80,4,0,0,3,0,1,1,4.3703,2,61,0,0,1
79,4,0,0,3,0,1,1,4.4068,2,60,0,0,1
23,1,0,0,0,0,0,1,3.8492,1,7,1,0,1
74,3,0,0,0,1,1,1,4.3619,2,31,0,0,1
82,4,1,0,3,0,1,1,4.4336,2,62,0,0,1
83,4,0,0,3,0,1,1,4.3352,2,64,0,0,1
80,4,1,0,3,0,1,1,4.3331,2,60,0,0,1
83,4,1,0,3,0,1,1,4.4057,2,63,0,0,1
81,4,1,0,3,0,1,1,4.4361,2,61,0,0,1
26,1,0,0,0,0,0,1,4.1329,1,7,1,0,1
82,4,0,0,3,0,1,1,4.3565,2,63,0,0,1
67,3,0,0,0,1,1,1,4.474,2,25,0,0,1
79,4,0,0,3,0,1,1,4.3306,2,60,0,0,1
77,4,0,0,3,0,1,1,4.2924,2,58,0,0,1
68,3,0,0,0,1,1,1,4.3456,2,30,0,0,1
27,1,0,0,0,0,0,1,4.1805,1,8,1,0,1
72,3,0,0,0,1,1,1,4.4459,2,28,0,0,1
68,3,0,0,0,1,1,1,4.514,2,24,0,0,1
24,1,0,0,0,0,0,1,3.9702,1,7,1,0,1
79,4,0,0,3,0,1,1,4.3928,2,60,0,0,1
80,4,0,0,3,0,1,1,4.4187,2,61,0,0,1
73,3,0,0,0,1,1,1,4.4496,2,31,0,0,1
80,4,0,0,3,0,1,1,4.4364,2,61,0,0,0
78,4,0,0,3,0,1,1,4.5034,2,59,0,0,1
71,3,0,0,0,1,1,1,4.2695,2,29,0,0,1
75,3,0,0,0,1,1,1,4.3977,2,31,0,0,1
59,4,0,1,2,0,0,1,4.7806,1,14,0,0,0
81,4,1,0,3,0,1,1,4.5156,2,61,0,0,1
78,4,0,0,3,0,1,1,4.5034,2,59,0,0,1
80,4,0,0,3,0,1,1,4.3514,2,61,0,0,1
56,4,0,1,2,0,0,1,4.6685,1,11,0,0,1
67,3,0,0,0,1,1,1,4.3644,2,23,0,0,1
74,3,0,0,0,1,1,1,4.4666,2,30,0,0,1
81,4,1,0,3,0,1,1,4.4788,2,61,0,0,1
56,4,0,1,2,0,0,1,4.5614,1,11,0,0,1
71,3,0,0,0,1,1,1,4.4327,2,29,0,0,1
72,3,0,0,0,1,1,1,4.3154,2,29,0,0,1
83,4,1,0,3,0,1,1,4.4087,2,63,0,0,0
79,4,0,0,3,0,1,1,4.4625,2,60,0,0,1
58,4,0,1,2,0,0,1,4.6188,1,13,0,0,1
28,1,0,0,0,0,0,1,4.182,1,6,1,0,1
82,4,1,0,3,0,1,1,4.4112,2,62,0,0,1
79,4,1,0,3,0,1,1,4.3944,2,59,0,0,1
75,3,0,0,0,1,1,1,4.5092,2,31,0,0,1
79,4,0,0,3,0,1,1,4.2603,2,60,0,0,1
75,4,0,0,3,0,1,1,4.3873,2,56,0,0,1
73,3,0,0,0,1,1,1,4.3962,2,29,0,0,1
58,4,0,1,2,0,0,1,4.6895,1,13,0,0,1
58,4,0,1,2,0,0,1,4.7155,1,13,0,0,1
70,3,0,0,0,1,1,1,4.3385,2,27,0,0,1
75,3,0,0,0,1,1,1,4.3133,2,31,0,0,1
67,3,0,0,0,1,1,1,4.404,2,29,0,0,1
59,4,0,1,2,0,0,1,4.7806,1,14,0,0,1
59,4,0,1,2,0,0,1,4.7211,1,14,0,0,1
60,4,0,1,2,0,0,1,4.7188,1,15,0,0,1
81,4,0,0,3,0,1,1,4.4748,2,62,0,0,1
23,1,0,0,0,0,0,1,3.969,1,4,1,0,1
22,1,0,0,0,0,0,1,3.7544,1,4,1,0,1
80,4,1,0,3,0,1,1,4.3331,2,60,0,0,1
80,4,0,0,3,0,1,1,4.4614,2,61,0,0,1
59,4,0,1,2,0,0,1,4.6298,1,14,0,0,1
59,4,0,1,2,0,0,1,4.6277,1,14,0,0,1
59,4,0,1,2,0,0,1,4.755,1,14,0,0,1
76,4,1,0,3,0,1,1,4.3668,2,56,0,0,1
79,4,0,0,3,0,1,1,4.2857,2,60,0,0,1
75,4,1,0,3,0,1,1,4.4328,2,55,0,0,1
57,4,0,1,2,0,0,1,4.7842,1,12,0,0,1
69,3,0,0,0,1,1,1,4.4866,2,31,0,0,1
80,4,0,0,3,0,1,1,4.3703,2,61,0,0,0
58,4,0,1,2,0,0,1,4.7239,1,13,0,0,1
59,4,0,1,2,0,0,1,4.7194,1,14,0,0,1
80,4,1,0,3,0,1,1,4.3514,2,60,0,0,1
80,4,0,0,3,0,1,1,4.4221,2,61,0,0,1
59,4,0,1,2,0,0,1,4.7322,1,14,0,0,1
78,4,1,0,3,0,1,1,4.3578,2,58,0,0,1
27,1,0,0,0,0,0,1,4.1805,1,5,1,0,1
20,1,0,0,0,0,0,1,3.7464,1,4,1,0,1
83,4,0,0,3,0,1,1,4.3474,2,64,0,0,1
59,4,0,1,2,0,0,1,4.7533,1,14,0,0,1
25,1,0,0,0,0,0,1,4.0235,1,6,1,0,1
74,3,0,0,0,1,1,1,4.3679,2,31,0,0,1
58,4,0,1,2,0,0,1,4.7025,1,13,0,0,0
75,3,0,0,0,1,1,1,4.4309,2,31,0,0,1
78,4,0,0,3,0,1,1,4.4041,2,59,0,0,1
79,4,0,0,3,0,1,1,4.462,2,60,0,0,1
60,4,0,1,2,0,0,1,4.7314,1,15,0,0,1
79,4,0,0,3,0,1,1,4.4935,2,60,0,0,1
56,4,0,1,2,0,0,1,4.6193,1,11,0,0,1
82,4,1,0,3,0,1,1,4.4817,2,62,0,0,1
70,3,0,0,0,1,1,1,4.5535,2,28,0,0,1
75,3,0,0,0,1,1,1,4.3226,2,33,0,0,1
82,4,0,0,3,0,1,1,4.3779,2,63,0,0,1
27,1,0,0,0,0,0,1,4.2084,1,7,1,0,1
80,4,1,0,3,0,1,1,4.5142,2,60,0,0,1
74,4,0,0,3,0,1,1,4.433,2,55,0,0,1
74,3,0,0,0,1,1,1,4.4302,2,30,0,0,1
79,4,0,0,3,0,1,1,4.548,2,60,0,0,1
80,4,0,0,3,0,1,1,4.3514,2,61,0,0,1
28,1,0,0,0,0,0,1,4.1375,1,6,1,0,1
57,4,0,1,2,0,0,1,4.6657,1,12,0,0,0
24,1,0,0,0,0,0,1,4.2202,1,5,1,0,1
79,4,0,0,3,0,1,1,4.3969,2,60,0,0,1
78,4,0,0,3,0,1,1,4.4141,2,59,0,0,1
80,4,1,0,3,0,1,1,4.4002,2,60,0,0,1
59,4,0,1,2,0,0,1,4.7339,1,14,0,0,1
60,4,0,1,2,0,0,1,4.592,1,15,0,0,1
80,4,0,0,3,0,1,1,4.4282,2,61,0,0,1
80,4,0,0,3,0,1,1,4.4974,2,61,0,0,1
57,4,0,1,2,0,0,1,4.6088,1,12,0,0,1
64,3,0,0,0,1,1,1,4.3062,2,26,0,0,1
71,3,0,0,0,1,1,1,4.3451,2,28,0,0,1
69,3,0,0,0,1,1,1,4.3548,2,31,0,0,1
59,4,0,1,2,0,0,1,4.755,1,14,0,0,1
75,3,0,0,0,1,1,1,4.4472,2,31,0,0,1
57,4,0,1,2,0,0,1,4.7975,1,12,0,0,0
78,4,1,0,3,0,1,1,4.29,2,58,0,0,1
81,4,0,0,3,0,1,1,4.3849,2,62,0,0,1
25,1,0,0,0,0,0,1,3.9933,1,7,1,0,1
28,1,0,0,0,0,0,1,4.0122,1,10,1,0,1
59,4,0,1,2,0,0,1,4.7889,1,14,0,0,1
59,4,0,1,2,0,0,1,4.6305,1,14,0,0,1
81,4,0,0,3,0,1,1,4.4508,2,62,0,0,1
58,4,0,1,2,0,0,1,4.668,1,13,0,0,1
57,4,0,1,2,0,0,1,4.6024,1,12,0,0,1
77,3,0,0,0,1,1,1,4.3022,2,33,0,0,1
81,4,0,0,3,0,1,1,4.4748,2,62,0,0,1
59,4,0,1,2,0,0,1,4.6116,1,14,0,0,1
75,4,1,0,3,0,1,1,4.4328,2,55,0,0,1
79,4,0,0,3,0,1,1,4.3928,2,60,0,0,1
59,4,0,1,2,0,0,1,4.7422,1,14,0,0,1
79,4,0,0,3,0,1,1,4.3306,2,60,0,0,1
25,1,0,0,0,0,0,1,3.7191,1,7,1,0,1
25,1,0,0,0,0,0,1,4.0537,1,5,1,0,1
60,4,0,1,2,0,0,1,4.6822,1,15,0,0,1
72,3,0,0,0,1,1,1,4.5782,2,28,0,0,1
57,4,0,1,2,0,0,1,4.7273,1,12,0,0,1
81,4,0,0,3,0,1,1,4.4635,2,62,0,0,1
79,4,0,0,3,0,1,1,4.508,2,60,0,0,1
73,4,0,0,3,0,1,1,4.3356,2,54,0,0,1
80,4,0,0,3,0,1,1,4.4205,2,61,0,0,1
79,4,0,0,3,0,1,1,4.548,2,60,0,0,1
82,4,1,0,3,0,1,1,4.3369,2,62,0,0,1
75,4,0,0,3,0,1,1,4.3256,2,56,0,0,1
23,1,0,0,0,0,0,1,4.1429,1,4,1,0,1
58,4,0,1,2,0,0,1,4.6895,1,13,0,0,1
24,1,0,0,0,0,0,1,3.8239,1,6,1,0,1
78,4,1,0,3,0,1,1,4.4731,2,58,0,0,1
69,3,0,0,0,1,1,1,4.206,2,27,0,0,1
59,4,0,1,2,0,0,1,4.7678,1,14,0,0,1
25,1,0,0,0,0,0,1,3.9933,1,7,1,0,1
80,4,1,0,3,0,1,1,4.5287,2,60,0,0,1
27,1,0,0,0,0,0,1,3.8101,1,8,1,0,1
72,3,0,0,0,1,1,1,4.4793,2,28,0,0,1
72,3,0,0,0,1,1,1,4.3612,2,30,0,0,1
81,4,0,0,3,0,1,1,4.4096,2,62,0,0,1
82,4,0,0,3,0,1,1,4.3824,2,63,0,0,1
75,3,0,0,0,1,1,1,4.4375,2,31,0,0,1
81,4,0,0,3,0,1,1,4.4619,2,62,0,0,1
30,1,0,0,0,0,0,1,3.7111,1,11,1,0,1
25,1,0,0,0,0,0,1,3.7231,1,6,1,0,1
73,3,0,0,0,1,1,1,4.5548,2,29,0,0,1
82,4,0,0,3,0,1,1,4.3565,2,63,0,0,1
28,1,0,0,0,0,0,1,4.0391,1,10,1,0,0
73,3,0,0,0,1,1,1,4.5224,2,30,0,0,1
75,4,0,0,3,0,1,1,4.3873,2,56,0,0,1
73,3,0,0,0,1,1,1,4.4025,2,29,0,0,1
69,3,0,0,0,1,1,1,4.224,2,27,0,0,1
79,4,0,0,3,0,1,1,4.3595,2,60,0,0,1
29,1,0,0,0,0,0,1,4.0868,1,7,1,0,1
78,4,0,0,3,0,1,1,4.5034,2,59,0,0,1
78,4,0,0,3,0,1,1,4.4041,2,59,0,0,1
72,3,0,0,0,1,1,1,4.3612,2,29,0,0,1
82,4,1,0,3,0,1,1,4.458,2,62,0,0,1
23,1,0,0,0,0,0,1,4.1101,1,4,1,0,1
60,4,0,1,2,0,0,1,4.7631,1,15,0,0,0
79,4,0,0,3,0,1,1,4.4928,2,60,0,0,1
78,4,0,0,3,0,1,1,4.4865,2,59,0,0,1
73,3,0,0,0,1,1,1,4.328,2,29,0,0,1
58,4,0,1,2,0,0,1,4.642,1,13,0,0,1
80,4,1,0,3,0,1,1,4.3614,2,60,0,0,1
27,1,0,0,0,0,0,1,4.1805,1,8,1,0,1
79,4,0,0,3,0,1,1,4.4675,2,60,0,0,1
81,4,0,0,3,0,1,1,4.3418,2,62,0,0,1
60,4,0,1,2,0,0,1,4.6647,1,15,0,0,1
82,4,0,0,3,0,1,1,4.3978,2,63,0,0,1
29,1,0,0,0,0,0,1,4.2542,1,11,1,0,1
83,4,0,0,3,0,1,1,4.3111,2,64,0,0,1
59,4,0,1,2,0,0,1,4.7806,1,14,0,0,1
23,1,0,0,0,0,0,1,3.8492,1,5,1,0,1
74,4,0,0,3,0,1,1,4.348,2,55,0,0,1
73,3,0,0,0,1,1,1,4.4519,2,29,0,0,1
59,4,0,1,2,0,0,1,4.7194,1,14,0,0,1
75,4,1,0,3,0,1,1,4.4328,2,55,0,0,1
72,3,0,0,0,1,1,1,4.4793,2,30,0,0,1
83,4,1,0,3,0,1,1,4.359,2,63,0,0,1
74,4,0,0,3,0,1,1,4.433,2,55,0,0,1
69,3,0,0,0,1,1,1,4.4866,2,25,0,0,1
57,4,0,1,2,0,0,1,4.7359,1,12,0,0,1
26,1,0,0,0,0,0,1,4.056,1,8,1,0,1
24,1,0,0,0,0,0,1,3.9702,1,6,1,0,1
27,1,0,0,0,0,0,1,4.0603,1,7,1,0,1
60,4,0,1,2,0,0,1,4.6505,1,15,0,0,1
71,3,0,0,0,1,1,1,4.458,2,29,0,0,1
81,4,1,0,3,0,1,1,4.4602,2,61,0,0,1
57,4,0,1,2,0,0,1,4.7756,1,12,0,0,1
59,4,0,1,2,0,0,1,4.7872,1,14,0,0,1
80,4,1,0,3,0,1,1,4.3331,2,60,0,0,1
57,4,0,1,2,0,0,1,4.6289,1,12,0,0,1
26,1,0,0,0,0,0,1,4.1329,1,7,1,0,1
71,3,0,0,0,1,1,1,4.3218,2,27,0,0,1
59,4,0,1,2,0,0,1,4.7422,1,14,0,0,1
79,4,0,0,3,0,1,1,4.548,2,60,0,0,1
59,4,0,1,2,0,0,1,4.8017,1,14,0,0,1
75,3,0,0,0,1,1,1,4.4995,2,31,0,0,1
81,4,1,0,3,0,1,1,4.4375,2,61,0,0,1
80,4,0,0,3,0,1,1,4.4782,2,61,0,0,1
70,3,0,0,0,1,1,1,4.5535,2,28,0,0,1
82,4,1,0,3,0,1,1,4.3503,2,62,0,0,1
74,4,0,0,3,0,1,1,4.433,2,55,0,0,1
57,4,0,1,2,0,0,1,4.6375,1,12,0,0,1
82,4,1,0,3,0,1,1,4.4817,2,62,0,0,1
26,1,0,0,0,0,0,1,3.9791,1,4,1,0,1
23,1,0,0,0,0,0,1,3.9362,1,4,1,0,1
27,1,0,0,0,0,0,1,4.1805,1,8,1,0,1
82,4,1,0,3,0,1,1,4.4573,2,62,0,0,1
75,4,0,0,3,0,1,1,4.3873,2,56,0,0,1
58,4,0,1,2,0,0,1,4.7092,1,13,0,0,1
81,4,0,0,3,0,1,1,4.4619,2,62,0,0,1
74,3,0,0,0,1,1,1,4.3105,2,30,0,0,1
73,3,0,0,0,1,1,1,4.4071,2,29,0,0,1
65,3,0,0,0,1,1,1,4.349,2,27,0,0,1
70,3,0,0,0,1,1,1,4.411,2,28,0,0,1
81,4,0,0,3,0,1,1,4.3315,2,62,0,0,1
80,4,0,0,3,0,1,1,4.5093,2,61,0,0,1
77,3,0,0,0,1,1,1,4.3533,2,33,0,0,1
82,4,1,0,3,0,1,1,4.3438,2,62,0,0,1
21,1,0,0,0,0,0,1,3.749,1,4,1,0,1
81,4,0,0,3,0,1,1,4.3773,2,62,0,0,1
72,3,0,0,0,1,1,1,4.3217,2,28,0,0,1
74,4,1,0,3,0,1,1,4.3364,2,54,0,0,0
75,3,0,0,0,1,1,1,4.3386,2,31,0,0,1
23,1,0,0,0,0,0,1,3.969,1,5,1,0,1
81,4,0,0,3,0,1,1,4.4418,2,62,0,0,1
75,4,0,0,3,0,1,1,4.3658,2,56,0,0,1
55,4,0,1,2,0,0,1,4.722,1,10,0,0,1
58,4,0,1,2,0,0,1,4.7239,1,13,0,0,1
67,3,0,0,0,1,1,1,4.404,2,29,0,0,1
59,4,0,1,2,0,0,1,4.7533,1,14,0,0,1
79,4,0,0,3,0,1,1,4.548,2,60,0,0,1
69,3,0,0,0,1,1,1,4.536,2,25,0,0,1
81,4,1,0,3,0,1,1,4.3984,2,61,0,0,1
24,1,0,0,0,0,0,1,4.2202,1,5,1,0,1
24,1,0,0,0,0,0,1,4.0535,1,5,1,0,0
59,4,0,1,2,0,0,1,4.7,1,14,0,0,1
69,3,0,0,0,1,1,1,4.3915,2,27,0,0,1
60,4,0,1,2,0,0,1,4.6396,1,15,0,0,1
59,4,0,1,2,0,0,1,4.7211,1,14,0,0,1
75,4,0,0,3,0,1,1,4.3873,2,56,0,0,1
74,3,0,0,0,1,1,1,4.3597,2,30,0,0,1
84,4,1,0,3,0,1,1,4.3905,2,64,0,0,1
58,4,0,1,2,0,0,1,4.6533,1,13,0,0,1
73,4,0,0,3,0,1,1,4.3356,2,54,0,0,1
58,4,0,1,2,0,0,1,4.7239,1,13,0,0,0
56,4,0,1,2,0,0,1,4.7042,1,11,0,0,1
82,4,1,0,3,0,1,1,4.4817,2,62,0,0,1
81,4,1,0,3,0,1,1,4.4788,2,61,0,0,1
56,4,0,1,2,0,0,1,4.6773,1,11,0,0,1
81,4,0,0,3,0,1,1,4.3315,2,62,0,0,1
81,4,1,0,3,0,1,1,4.4788,2,61,0,0,1
81,4,1,0,3,0,1,1,4.4602,2,61,0,0,1
75,3,0,0,0,1,1,1,4.4475,2,31,0,0,1
79,4,0,0,3,0,1,1,4.4935,2,60,0,0,1
30,1,0,0,0,0,0,1,4.1899,1,11,1,0,1
57,4,0,1,2,0,0,1,4.6375,1,12,0,0,1
81,4,0,0,3,0,1,1,4.3937,2,62,0,0,1
78,4,0,0,3,0,1,1,4.3978,2,59,0,0,1
84,4,1,0,3,0,1,1,4.344,2,64,0,0,1
79,4,0,0,3,0,1,1,4.3101,2,60,0,0,1
77,4,0,0,3,0,1,1,4.2924,2,58,0,0,0
24,1,0,0,0,0,0,1,3.8239,1,6,1,0,1
79,4,0,0,3,0,1,1,4.2857,2,60,0,0,1
23,1,0,0,0,0,0,1,3.9362,1,4,1,0,1
72,3,0,0,0,1,1,1,4.3791,2,28,0,0,1
80,4,1,0,3,0,1,1,4.4004,2,60,0,0,1
22,1,0,0,0,0,0,1,4.0615,1,4,1,0,1
29,1,0,0,0,0,0,1,4.2021,1,11,1,0,1
25,1,0,0,0,0,0,1,3.9737,1,7,1,0,1
59,4,0,1,2,0,0,1,4.6938,1,14,0,0,1
24,1,0,0,0,0,0,1,3.8554,1,8,1,0,1
58,4,0,1,2,0,0,1,4.7799,1,13,0,0,1
57,4,0,1,2,0,0,1,4.8325,1,12,0,0,1
22,1,0,0,0,0,0,1,3.8454,1,4,1,0,1
73,3,0,0,0,1,1,1,4.4014,2,29,0,0,1
70,3,0,0,0,1,1,1,4.3385,2,28,0,0,1
25,1,0,0,0,0,0,1,4.1035,1,7,1,0,1
22,1,0,0,0,0,0,1,4.0615,1,4,1,0,1
78,4,1,0,3,0,1,1,4.3578,2,58,0,0,1
79,4,0,0,3,0,1,1,4.462,2,60,0,0,1
76,4,1,0,3,0,1,1,4.4454,2,56,0,0,1
80,4,1,0,3,0,1,1,4.4999,2,60,0,0,1
81,4,0,0,3,0,1,1,4.4635,2,62,0,0,1
25,1,0,0,0,0,0,1,3.8293,1,7,1,0,1
79,4,0,0,3,0,1,1,4.2857,2,60,0,0,1
79,4,0,0,3,0,1,1,4.3928,2,60,0,0,1
82,4,1,0,3,0,1,1,4.3297,2,62,0,0,1
26,1,0,0,0,0,0,1,3.9791,1,8,1,0,1
24,1,0,0,0,0,0,1,3.9702,1,6,1,0,1
71,3,0,0,0,1,1,1,4.3416,2,27,0,0,1
82,4,0,0,3,0,1,1,4.3978,2,63,0,0,0
58,4,0,1,2,0,0,1,4.6747,1,13,0,0,1
71,3,0,0,0,1,1,1,4.3451,2,29,0,0,1
81,4,0,0,3,0,1,1,4.3773,2,62,0,0,1
78,4,1,0,3,0,1,1,4.29,2,58,0,0,1
73,3,0,0,0,1,1,1,4.4014,2,29,0,0,1
83,4,0,0,3,0,1,1,4.3823,2,64,0,0,1
25,1,0,0,0,0,0,1,3.9737,1,7,1,0,1
78,4,0,0,3,0,1,1,4.4041,2,59,0,0,1
26,1,0,0,0,0,0,1,4.027,1,6,1,0,1
81,4,0,0,3,0,1,1,4.4149,2,62,0,0,1
75,4,1,0,3,0,1,1,4.4328,2,55,0,0,1
72,3,0,0,0,1,1,1,4.2965,2,30,0,0,1
73,4,0,0,3,0,1,1,4.3082,2,54,0,0,1
28,1,0,0,0,0,0,1,4.182,1,10,1,0,1
59,4,0,1,2,0,0,1,4.5838,1,14,0,0,1
80,4,0,0,3,0,1,1,4.4221,2,61,0,0,1
59,4,0,1,2,0,0,1,4.6516,1,14,0,0,1
58,4,0,1,2,0,0,1,4.7239,1,13,0,0,1
60,4,0,1,2,0,0,1,4.6957,1,15,0,0,1
74,4,0,0,3,0,1,1,4.348,2,55,0,0,1
81,4,0,0,3,0,1,1,4.44,2,62,0,0,1
24,1,0,0,0,0,0,1,3.8239,1,5,1,0,0
83,4,0,0,3,0,1,1,4.3352,2,64,0,0,1
71,3,0,0,0,1,1,1,4.3479,2,29,0,0,1
23,1,0,0,0,0,0,1,3.6753,1,4,1,0,1
24,1,0,0,0,0,0,1,3.9073,1,5,1,0,1
76,4,0,0,3,0,1,1,4.3308,2,57,0,0,1
28,1,0,0,0,0,0,1,4.1375,1,6,1,0,0
81,4,0,0,3,0,1,1,4.3825,2,62,0,0,1
81,4,1,0,3,0,1,1,4.4234,2,61,0,0,0
80,4,0,0,3,0,1,1,4.3968,2,61,0,0,0
74,3,0,0,0,1,1,1,4.3546,2,30,0,0,1
71,3,0,0,0,1,1,1,4.4677,2,29,0,0,1
55,4,0,1,2,0,0,1,4.7172,1,10,0,0,1
79,4,0,0,3,0,1,1,4.462,2,60,0,0,1
66,3,0,0,0,1,1,1,4.3686,2,28,0,0,1
23,1,0,0,0,0,0,1,3.969,1,4,1,0,1
59,4,0,1,2,0,0,1,4.7405,1,14,0,0,1
58,4,0,1,2,0,0,1,4.7714,1,13,0,0,1
83,4,0,0,3,0,1,1,4.3823,2,64,0,0,1
80,4,1,0,3,0,1,1,4.3514,2,60,0,0,1
58,4,0,1,2,0,0,1,4.75,1,13,0,0,1
76,3,0,0,0,1,1,1,4.3351,2,33,0,0,1
79,4,0,0,3,0,1,1,4.462,2,60,0,0,1
59,4,0,1,2,0,0,1,4.6938,1,14,0,0,1
69,3,0,0,0,1,1,1,4.4162,2,25,0,0,1
60,4,0,1,2,0,0,1,4.6899,1,15,0,0,1
66,3,0,0,0,1,1,1,4.4078,2,28,0,0,1
73,3,0,0,0,1,1,1,4.4142,2,31,0,0,1
81,4,0,0,3,0,1,1,4.4056,2,62,0,0,1
78,4,0,0,3,0,1,1,4.3978,2,59,0,0,1
23,1,0,0,0,0,0,1,4.0231,1,4,1,0,1
84,4,1,0,3,0,1,1,4.344,2,64,0,0,1
75,4,0,0,3,0,1,1,4.4354,2,56,0,0,1
23,1,0,0,0,0,0,1,3.969,1,4,1,0,1
69,3,0,0,0,1,1,1,4.536,2,25,0,0,1
82,4,0,0,3,0,1,1,4.3565,2,63,0,0,1
57,4,0,1,2,0,0,1,4.6743,1,12,0,0,1
74,4,0,0,3,0,1,1,4.433,2,55,0,0,1
22,1,0,0,0,0,0,1,3.8797,1,4,1,0,1
80,4,1,0,3,0,1,1,4.4991,2,60,0,0,1
80,4,0,0,3,0,1,1,4.3703,2,61,0,0,1
58,4,0,1,2,0,0,1,4.8404,1,13,0,0,1
71,3,0,0,0,1,1,1,4.3083,2,29,0,0,1
22,1,0,0,0,0,0,1,3.9363,1,4,1,0,1
23,1,0,0,0,0,0,1,3.6381,1,7,1,0,1
59,4,0,1,2,0,0,1,4.8017,1,14,0,0,1
27,1,0,0,0,0,0,1,4.2825,1,7,1,0,1
59,4,0,1,2,0,0,1,4.8145,1,14,0,0,0
22,1,0,0,0,0,0,1,3.6635,1,4,1,0,0
58,4,0,1,2,0,0,1,4.7584,1,13,0,0,1
27,1,0,0,0,0,0,1,4.1343,1,7,1,0,1
72,3,0,0,0,1,1,1,4.4286,2,30,0,0,1
69,3,0,0,0,1,1,1,4.3597,2,31,0,0,1
59,4,0,1,2,0,0,1,4.7405,1,14,0,0,1
76,4,1,0,3,0,1,1,4.388,2,56,0,0,1
67,3,0,0,0,1,1,1,4.4481,2,25,0,0,1
80,4,0,0,3,0,1,1,4.4881,2,61,0,0,1
59,4,0,1,2,0,0,1,4.6388,1,14,0,0,1
58,4,0,1,2,0,0,1,4.6764,1,13,0,0,1
80,4,0,0,3,0,1,1,4.4532,2,61,0,0,1
24,1,0,0,0,0,0,1,4.2202,1,5,1,0,1
74,3,0,0,0,1,1,1,4.4067,2,30,0,0,1
77,3,0,0,0,1,1,1,4.3703,2,33,0,0,1
59,4,0,1,2,0,0,1,4.6983,1,14,0,0,1
80,4,1,0,3,0,1,1,4.3364,2,60,0,0,1
80,4,1,0,3,0,1,1,4.4999,2,60,0,0,1
24,1,0,0,0,0,0,1,4.1368,1,5,1,0,1
81,4,1,0,3,0,1,1,4.4602,2,61,0,0,1
82,4,0,0,3,0,1,1,4.3565,2,63,0,0,0
73,3,0,0,0,1,1,1,4.4312,2,30,0,0,1
79,4,1,0,3,0,1,1,4.4006,2,59,0,0,1
24,1,0,0,0,0,0,1,4.0221,1,5,1,0,1
24,1,0,0,0,0,0,1,4.0221,1,5,1,0,1
82,4,1,0,3,0,1,1,4.3438,2,62,0,0,1
82,4,1,0,3,0,1,1,4.3503,2,62,0,0,1
24,1,0,0,0,0,0,1,3.8554,1,4,1,0,1
74,4,0,0,3,0,1,1,4.433,2,55,0,0,1
26,1,0,0,0,0,0,1,3.921,2,7,1,0,1
57,4,0,1,2,0,0,1,4.7491,1,12,0,0,1
80,4,0,0,3,0,1,1,4.4532,2,61,0,0,1
73,3,0,0,0,1,1,1,4.5548,2,31,0,0,1
29,1,0,0,0,0,0,1,4.2542,1,11,1,0,1
80,4,1,0,3,0,1,1,4.5537,2,60,0,0,1
79,4,0,0,3,0,1,1,4.3969,2,60,0,0,1
59,4,0,1,2,0,0,1,4.7128,1,14,0,0,1
26,1,0,0,0,0,0,1,4.1808,1,6,1,0,1
57,4,0,1,2,0,0,1,4.7624,1,12,0,0,1
59,4,0,1,2,0,0,1,4.6855,1,14,0,0,1
81,4,0,0,3,0,1,1,4.44,2,62,0,0,1
58,4,0,1,2,0,0,1,4.7714,1,13,0,0,1
57,4,0,1,2,0,0,1,4.7273,1,12,0,0,1
80,4,1,0,3,0,1,1,4.53,2,60,0,0,1
81,4,0,0,3,0,1,1,4.4096,2,62,0,0,1
80,4,1,0,3,0,1,1,4.4693,2,60,0,0,1
59,4,0,1,2,0,0,1,4.7194,1,14,0,0,1
23,1,0,0,0,0,0,1,4.056,1,5,1,0,1
56,4,0,1,2,0,0,1,4.6685,1,11,0,0,1
68,3,0,0,0,1,1,1,4.514,2,24,0,0,1
25,1,0,0,0,0,0,1,3.8031,2,7,1,0,1
58,4,0,1,2,0,0,1,4.7324,1,13,0,0,1
72,3,0,0,0,1,1,1,4.4286,2,30,0,0,1
58,4,0,1,2,0,0,1,4.6272,1,13,0,0,1
82,4,1,0,3,0,1,1,4.3503,2,62,0,0,1
78,4,0,0,3,0,1,1,4.5694,2,59,0,0,1
82,4,0,0,3,0,1,1,4.3565,2,63,0,0,1
71,3,0,0,0,1,1,1,4.4686,2,28,0,0,1
76,4,0,0,3,0,1,1,4.3045,2,57,0,0,1
79,4,0,0,3,0,1,1,4.3928,2,60,0,0,1
79,4,0,0,3,0,1,1,4.3969,2,60,0,0,1
24,1,0,0,0,0,0,1,3.9387,1,6,1,0,0
78,4,0,0,3,0,1,1,4.3188,2,59,0,0,1
31,1,0,0,0,0,0,1,3.9779,1,11,1,0,1
69,3,0,0,0,1,1,1,4.4301,2,25,0,0,1
80,4,0,0,3,0,1,1,4.4221,2,61,0,0,1
81,4,1,0,3,0,1,1,4.4234,2,61,0,0,1
58,4,0,1,2,0,0,1,4.75,1,13,0,0,1
81,4,0,0,3,0,1,1,4.3418,2,62,0,0,1
81,4,1,0,3,0,1,1,4.4788,2,61,0,0,1
77,4,1,0,3,0,1,1,4.3277,2,57,0,0,1
77,4,0,0,3,0,1,1,4.3563,2,58,0,0,1
77,4,0,0,3,0,1,1,4.2924,2,58,0,0,1
81,4,0,0,3,0,1,1,4.3418,2,62,0,0,1
75,4,1,0,3,0,1,1,4.4061,2,55,0,0,1
81,4,0,0,3,0,1,1,4.3554,2,62,0,0,1
81,4,0,0,3,0,1,1,4.3844,2,62,0,0,1
77,4,0,0,3,0,1,1,4.3563,2,58,0,0,0
79,4,0,0,3,0,1,1,4.4068,2,60,0,0,1
67,3,0,0,0,1,1,1,4.4427,2,25,0,0,1
81,4,0,0,3,0,1,1,4.4149,2,62,0,0,0
58,4,0,1,2,0,0,1,4.7799,1,13,0,0,1
27,1,0,0,0,0,0,1,4.1064,1,8,1,0,1
26,1,0,0,0,0,0,1,4.056,1,8,1,0,1
73,3,0,0,0,1,1,1,4.4847,2,29,0,0,1
27,1,0,0,0,0,0,1,4.1343,1,7,1,0,0
58,4,0,1,2,0,0,1,4.8274,1,13,0,0,1
80,4,1,0,3,0,1,1,4.4002,2,60,0,0,1
25,1,0,0,0,0,0,1,3.7991,1,7,1,0,1
24,1,0,0,0,0,0,1,4.0535,1,6,1,0,1
80,4,0,0,3,0,1,1,4.4205,2,61,0,0,1
81,4,0,0,3,0,1,1,4.4149,2,62,0,0,1
75,3,0,0,0,1,1,1,4.4339,2,31,0,0,1
80,4,1,0,3,0,1,1,4.339,2,60,0,0,1
55,4,0,1,2,0,0,1,4.7172,1,10,0,0,1
74,3,0,0,0,1,1,1,4.3105,2,30,0,0,1
23,1,0,0,0,0,0,1,4.056,1,4,1,0,1
73,3,0,0,0,1,1,1,4.3477,2,31,0,0,1
57,4,0,1,2,0,0,1,4.7842,1,12,0,0,1
23,1,0,0,0,0,0,1,4.0231,1,4,1,0,1
83,4,0,0,3,0,1,1,4.3582,2,64,0,0,1
57,4,0,1,2,0,0,1,4.7273,1,12,0,0,1
60,4,0,1,2,0,0,1,4.7423,1,15,0,0,1
69,3,0,0,0,1,1,1,4.5074,2,25,0,0,1
78,4,0,0,3,0,1,1,4.5694,2,59,0,0,1
68,3,0,0,0,1,1,1,4.4711,2,24,0,0,1
25,1,0,0,0,0,0,1,3.8635,1,6,1,0,1
76,4,1,0,3,0,1,1,4.3222,2,56,0,0,1
58,4,0,1,2,0,0,1,4.8189,1,13,0,0,1
23,1,0,0,0,0,0,1,3.8492,1,5,1,0,1
82,4,1,0,3,0,1,1,4.4097,2,62,0,0,1
81,4,0,0,3,0,1,1,4.3315,2,62,0,0,1
57,4,0,1,2,0,0,1,4.699,1,12,0,0,1
25,1,0,0,0,0,0,1,3.7493,1,7,1,0,1
80,4,0,0,3,0,1,1,4.4187,2,61,0,0,1
55,4,0,1,2,0,0,1,4.7584,1,10,0,0,1
83,4,0,0,3,0,1,1,4.3352,2,64,0,0,1
79,4,0,0,3,0,1,1,4.3928,2,60,0,0,1
79,4,1,0,3,0,1,1,4.5746,2,59,0,0,1
79,4,0,0,3,0,1,1,4.3287,2,60,0,0,1
81,4,1,0,3,0,1,1,4.4361,2,61,0,0,1
75,4,1,0,3,0,1,1,4.4328,2,55,0,0,1
75,4,0,0,3,0,1,1,4.3873,2,56,0,0,1
59,4,0,1,2,0,0,1,4.755,1,14,0,0,1
69,3,0,0,0,1,1,1,4.4215,2,31,0,0,1
78,4,0,0,3,0,1,1,4.3188,2,59,0,0,0
23,1,0,0,0,0,0,1,4.1429,1,4,1,0,1
75,3,0,0,0,1,1,1,4.4039,2,31,0,0,1
75,4,0,0,3,0,1,1,4.3392,2,56,0,0,1
83,4,1,0,3,0,1,1,4.4087,2,63,0,0,1
24,1,0,0,0,0,0,1,3.9387,1,6,1,0,1
59,4,0,1,2,0,0,1,4.755,1,14,0,0,1
73,3,0,0,0,1,1,1,4.2859,2,30,0,0,1
82,4,1,0,3,0,1,1,4.4336,2,62,0,0,1
80,4,0,0,3,0,1,1,4.5093,2,61,0,0,0
21,1,0,0,0,0,0,1,3.8802,1,4,1,0,1
58,4,0,1,2,0,0,1,4.7584,1,13,0,0,1
71,3,0,0,0,1,1,1,4.4677,2,29,0,0,1
80,4,0,0,3,0,1,1,4.5093,2,61,0,0,1
25,1,0,0,0,0,0,1,3.8031,1,6,1,0,1
81,4,0,0,3,0,1,1,4.4748,2,62,0,0,1
24,1,0,0,0,0,0,1,3.9387,1,4,1,0,1
78,4,0,0,3,0,1,1,4.4865,2,59,0,0,1
56,4,0,1,2,0,0,1,4.7622,1,11,0,0,1
29,1,0,0,0,0,0,1,4.0868,1,7,1,0,1
78,4,0,0,3,0,1,1,4.4865,2,59,0,0,1
80,4,1,0,3,0,1,1,4.3938,2,60,0,0,1
26,1,0,0,0,0,0,1,3.8253,2,7,1,0,1
79,4,1,0,3,0,1,1,4.5095,2,59,0,0,1
24,1,0,0,0,0,0,1,3.9702,1,5,1,0,1
81,4,0,0,3,0,1,1,4.3844,2,62,0,0,1
60,4,0,1,2,0,0,1,4.7631,1,15,0,0,1
70,3,0,0,0,1,1,1,4.4542,2,26,0,0,1
21,1,0,0,0,0,0,1,3.749,1,5,1,0,1
22,1,0,0,0,0,0,1,3.6635,1,4,1,0,1
58,4,0,1,2,0,0,1,4.6205,1,13,0,0,1
79,4,1,0,3,0,1,1,4.3164,2,59,0,0,1
79,4,0,0,3,0,1,1,4.3969,2,60,0,0,1
73,4,0,0,3,0,1,1,4.3356,2,54,0,0,1
57,4,0,1,2,0,0,1,4.7624,1,12,0,0,1
22,1,0,0,0,0,0,1,3.9363,1,4,1,0,0
79,4,0,0,3,0,1,1,4.3306,2,60,0,0,1
26,1,0,0,0,0,0,1,3.8253,2,7,1,0,1
80,4,1,0,3,0,1,1,4.3514,2,60,0,0,1
80,4,1,0,3,0,1,1,4.4626,2,60,0,0,1
79,4,0,0,3,0,1,1,4.4675,2,60,0,0,1
80,4,1,0,3,0,1,1,4.53,2,60,0,0,1
81,4,0,0,3,0,1,1,4.4508,2,62,0,0,1
57,4,0,1,2,0,0,1,4.7842,1,12,0,0,1
25,1,0,0,0,0,0,1,3.8333,1,6,1,0,0
79,4,1,0,3,0,1,1,4.4928,2,59,0,0,1
79,4,0,0,3,0,1,1,4.3355,2,60,0,0,1
67,3,0,0,0,1,1,1,4.4568,2,23,0,0,1
74,3,0,0,0,1,1,1,4.211,2,30,0,0,1
60,4,0,1,2,0,0,1,4.5689,1,15,0,0,1
79,4,0,0,3,0,1,1,4.508,2,60,0,0,1
23,1,0,0,0,0,0,1,3.9362,1,4,1,0,1
76,4,1,0,3,0,1,1,4.3616,2,56,0,0,1
79,4,0,0,3,0,1,1,4.3342,2,60,0,0,1
75,3,0,0,0,1,1,1,4.4039,2,33,0,0,1
70,3,0,0,0,1,1,1,4.4542,2,32,0,0,1
73,3,0,0,0,1,1,1,4.2718,2,31,0,0,1
81,4,0,0,3,0,1,1,4.4748,2,62,0,0,1
70,3,0,0,0,1,1,1,4.2274,2,28,0,0,0
75,3,0,0,0,1,1,1,4.4472,2,31,0,0,1
76,3,0,0,0,1,1,1,4.4541,2,32,0,0,1
82,4,1,0,3,0,1,1,4.4413,2,62,0,0,1
73,3,0,0,0,1,1,1,4.4005,2,29,0,0,0
82,4,0,0,3,0,1,1,4.3978,2,63,0,0,1
80,4,0,0,3,0,1,1,4.4187,2,61,0,0,1
75,3,0,0,0,1,1,1,4.1944,2,31,0,0,1
29,1,0,0,0,0,0,1,4.1852,1,11,1,0,1
74,3,0,0,0,1,1,1,4.5105,2,30,0,0,1
76,3,0,0,0,1,1,1,4.3708,2,32,0,0,1
67,3,0,0,0,1,1,1,4.3364,2,24,0,0,1
56,4,0,1,2,0,0,1,4.689,1,11,0,0,1
81,4,0,0,3,0,1,1,4.3849,2,62,0,0,1
24,1,0,0,0,0,0,1,4.2202,1,5,1,0,1
27,1,0,0,0,0,0,1,4.0784,1,5,1,0,1
33,1,0,0,0,0,0,1,4.2942,1,11,1,0,1
80,4,0,0,3,0,1,1,4.4187,2,61,0,0,1
22,1,0,0,0,0,0,1,3.8797,1,4,1,0,1
59,4,0,1,2,0,0,1,4.7533,1,14,0,0,1
24,1,0,0,0,0,0,1,4.0535,1,5,1,0,1
74,3,0,0,0,1,1,1,4.3224,2,30,0,0,1
62,3,0,0,0,1,1,1,4.3516,2,24,0,0,1
82,4,1,0,3,0,1,1,4.3503,2,62,0,0,1
83,4,0,0,3,0,1,1,4.3352,2,64,0,0,1
30,1,0,0,0,0,0,1,3.9614,1,11,1,0,1
72,3,0,0,0,1,1,1,4.3154,2,29,0,0,1
59,4,0,1,2,0,0,1,4.7339,1,14,0,0,1
74,3,0,0,0,1,1,1,4.3368,2,30,0,0,1
80,4,0,0,3,0,1,1,4.3514,2,61,0,0,1
78,4,0,0,3,0,1,1,4.4865,2,59,0,0,1
74,3,0,0,0,1,1,1,4.5105,2,30,0,0,1
81,4,1,0,3,0,1,1,4.4602,2,61,0,0,1
74,3,0,0,0,1,1,1,4.4139,2,31,0,0,1
24,1,0,0,0,0,0,1,4.1368,1,5,1,0,1
82,4,1,0,3,0,1,1,4.4225,2,62,0,0,1
24,1,0,0,0,0,0,1,4.1368,1,5,1,0,1
82,4,0,0,3,0,1,1,4.3565,2,63,0,0,1
79,4,0,0,3,0,1,1,4.4987,2,60,0,0,1
26,1,0,0,0,0,0,1,3.9501,1,6,1,0,1
79,4,1,0,3,0,1,1,4.5095,2,59,0,0,1
80,4,1,0,3,0,1,1,4.3614,2,60,0,0,1
25,1,0,0,0,0,0,1,4.1835,1,6,1,0,1
24,1,0,0,0,0,0,1,3.8239,1,5,1,0,1
25,1,0,0,0,0,0,1,3.9737,2,7,1,0,1
78,4,1,0,3,0,1,1,4.3578,2,58,0,0,1
82,4,1,0,3,0,1,1,4.3297,2,62,0,0,1
80,4,0,0,3,0,1,1,4.3703,2,61,0,0,1
24,1,0,0,0,0,0,1,4.2202,1,5,1,0,1
73,3,0,0,0,1,1,1,4.349,2,31,0,0,0
74,3,0,0,0,1,1,1,4.4443,2,31,0,0,1
23,1,0,0,0,0,0,1,3.6753,1,5,1,0,1
29,1,0,0,0,0,0,1,4.1852,1,11,1,0,1
76,3,0,0,0,1,1,1,4.4262,2,32,0,0,1
80,4,0,0,3,0,1,1,4.29,2,61,0,0,1
57,4,0,1,2,0,0,1,4.699,1,12,0,0,1
74,3,0,0,0,1,1,1,4.4506,2,32,0,0,1
71,3,0,0,0,1,1,1,4.3451,2,28,0,0,1
78,4,0,0,3,0,1,1,4.4865,2,59,0,0,1
21,1,0,0,0,0,0,1,3.749,1,5,1,0,1
79,4,0,0,3,0,1,1,4.462,2,60,0,0,1
80,4,1,0,3,0,1,1,4.3331,2,60,0,0,1
74,3,0,0,0,1,1,1,4.3003,2,31,0,0,1
70,3,0,0,0,1,1,1,4.3152,2,28,0,0,1
75,3,0,0,0,1,1,1,4.4309,2,31,0,0,1
59,4,0,1,2,0,0,1,4.7128,1,14,0,0,1
26,1,0,0,0,0,0,1,3.8112,1,7,1,0,1
58,4,0,1,2,0,0,1,4.7584,1,13,0,0,1
23,1,0,0,0,0,0,1,4.056,1,5,1,0,1
76,3,0,0,0,1,1,1,4.4541,2,32,0,0,1
79,4,0,0,3,0,1,1,4.3306,2,60,0,0,1
80,4,0,0,3,0,1,1,4.4205,2,61,0,0,1
73,3,0,0,0,1,1,1,4.2742,2,30,0,0,1
74,3,0,0,0,1,1,1,4.3224,2,30,0,0,1
83,4,0,0,3,0,1,1,4.3352,2,64,0,0,1
68,3,0,0,0,1,1,1,4.3993,2,24,0,0,1
57,4,0,1,2,0,0,1,4.7842,1,12,0,0,1
81,4,0,0,3,0,1,1,4.3554,2,62,0,0,1
82,4,1,0,3,0,1,1,4.3503,2,62,0,0,1
82,4,1,0,3,0,1,1,4.4247,2,62,0,0,1
26,1,0,0,0,0,0,1,4.1039,1,4,1,0,1
69,3,0,0,0,1,1,1,4.466,2,25,0,0,1
73,4,0,0,3,0,1,1,4.3082,2,54,0,0,1
58,4,0,1,2,0,0,1,4.6895,1,13,0,0,1
81,4,0,0,3,0,1,1,4.3418,2,62,0,0,1
23,1,0,0,0,0,0,1,3.9362,1,4,1,0,1
73,3,0,0,0,1,1,1,4.4142,2,29,0,0,1
79,4,0,0,3,0,1,1,4.3675,2,60,0,0,1
82,4,0,0,3,0,1,1,4.3978,2,63,0,0,1
80,4,0,0,3,0,1,1,4.265,2,61,0,0,1
69,3,0,0,0,1,1,1,4.3597,2,25,0,0,1
24,1,0,0,0,0,0,1,4.2202,1,5,1,0,1
59,4,0,1,2,0,0,1,4.8356,1,14,0,0,1
73,3,0,0,0,1,1,1,4.517,2,29,0,0,1
26,1,0,0,0,0,0,1,4.1039,1,7,1,0,1
84,4,1,0,3,0,1,1,4.344,2,64,0,0,1
80,4,1,0,3,0,1,1,4.5537,2,60,0,0,1
74,4,0,0,3,0,1,1,4.433,2,55,0,0,1
69,3,0,0,0,1,1,1,4.4837,2,31,0,0,1
74,3,0,0,0,1,1,1,4.3098,2,32,0,0,1
75,3,0,0,0,1,1,1,4.3571,2,31,0,0,1
74,3,0,0,0,1,1,1,4.3679,2,30,0,0,1
78,4,0,0,3,0,1,1,4.4141,2,59,0,0,1
75,3,0,0,0,1,1,1,4.4339,2,31,0,0,1
57,4,0,1,2,0,0,1,4.771,1,12,0,0,1
71,3,0,0,0,1,1,1,4.367,2,27,0,0,1
82,4,1,0,3,0,1,1,4.3577,2,62,0,0,1
81,4,0,0,3,0,1,1,4.3844,2,62,0,0,1
82,4,1,0,3,0,1,1,4.4015,2,62,0,0,1
73,3,0,0,0,1,1,1,4.4779,2,30,0,0,1
57,4,0,1,2,0,0,1,4.6507,1,12,0,0,1
63,3,0,0,0,1,1,1,4.3185,2,25,0,0,1
74,3,0,0,0,1,1,1,4.4377,2,30,0,0,1
74,3,0,0,0,1,1,1,4.3003,2,31,0,0,1
58,4,0,1,2,0,0,1,4.7239,1,13,0,0,1
73,3,0,0,0,1,1,1,4.2191,2,29,0,0,1
58,4,0,1,2,0,0,1,4.7155,1,13,0,0,1
58,4,0,1,2,0,0,1,4.7025,1,13,0,0,1
73,3,0,0,0,1,1,1,4.1908,2,30,0,0,1
79,4,1,0,3,0,1,1,4.5746,2,59,0,0,1
66,3,0,0,0,1,1,1,4.4078,2,24,0,0,1
80,4,1,0,3,0,1,1,4.4999,2,60,0,0,1
80,4,0,0,3,0,1,1,4.4288,2,61,0,0,1
81,4,0,0,3,0,1,1,4.3554,2,62,0,0,1
59,4,0,1,2,0,0,1,4.6744,1,14,0,0,1
58,4,0,1,2,0,0,1,4.8189,1,13,0,0,1
56,4,0,1,2,0,0,1,4.8249,1,11,0,0,1
74,4,0,0,3,0,1,1,4.433,2,55,0,0,1
74,3,0,0,0,1,1,1,4.3309,2,30,0,0,1
80,4,1,0,3,0,1,1,4.4004,2,60,0,0,1
76,4,1,0,3,0,1,1,4.3668,2,56,0,0,1
79,4,0,0,3,0,1,1,4.4935,2,60,0,0,1
59,4,0,1,2,0,0,1,4.7678,1,14,0,0,1
73,3,0,0,0,1,1,1,4.3898,2,31,0,0,1
56,4,0,1,2,0,0,1,4.7042,1,11,0,0,1
80,4,1,0,3,0,1,1,4.4626,2,60,0,0,1
78,4,0,0,3,0,1,1,4.3188,2,59,0,0,1
77,4,0,0,3,0,1,1,4.4408,2,58,0,0,1
60,4,0,1,2,0,0,1,4.7488,1,15,0,0,1
79,4,0,0,3,0,1,1,4.4935,2,60,0,0,1
75,4,0,0,3,0,1,1,4.4354,2,56,0,0,1
82,4,1,0,3,0,1,1,4.3297,2,62,0,0,1
60,4,0,1,2,0,0,1,4.7297,1,15,0,0,1
22,1,0,0,0,0,0,1,3.7888,1,4,1,0,1
58,4,0,1,2,0,0,1,4.7584,1,13,0,0,1
79,4,1,0,3,0,1,1,4.4928,2,59,0,0,1
27,1,0,0,0,0,0,1,4.1343,1,11,1,0,1
80,4,0,0,3,0,1,1,4.4187,2,61,0,0,1
68,3,0,0,0,1,1,1,4.514,2,30,0,0,1
58,4,0,1,2,0,0,1,4.6634,1,13,0,0,1
82,4,0,0,3,0,1,1,4.3565,2,63,0,0,1
81,4,0,0,3,0,1,1,4.4149,2,62,0,0,1
59,4,0,1,2,0,0,1,4.7678,1,14,0,0,1
58,4,0,1,2,0,0,1,4.7454,1,13,0,0,1
81,4,1,0,3,0,1,1,4.4261,2,61,0,0,1
79,4,0,0,3,0,1,1,4.3675,2,60,0,0,1
82,4,0,0,3,0,1,1,4.4068,2,63,0,0,1
73,3,0,0,0,1,1,1,4.3124,2,29,0,0,1
57,4,0,1,2,0,0,1,4.771,1,12,0,0,1
59,4,0,1,2,0,0,1,4.6872,1,14,0,0,1
73,3,0,0,0,1,1,1,4.3962,2,29,0,0,1
78,4,0,0,3,0,1,1,4.4865,2,59,0,0,1
23,1,0,0,0,0,0,1,3.9034,1,4,1,0,1
77,4,0,0,3,0,1,1,4.4667,2,58,0,0,1
80,4,0,0,3,0,1,1,4.3968,2,61,0,0,1
25,1,0,0,0,0,0,1,3.8293,1,7,1,0,1
68,3,0,0,0,1,1,1,4.3784,2,25,0,0,1
59,4,0,1,2,0,0,1,4.6855,1,14,0,0,1
80,4,0,0,3,0,1,1,4.4221,2,61,0,0,1
76,3,0,0,0,1,1,1,4.4541,2,32,0,0,1
80,4,1,0,3,0,1,1,4.4004,2,60,0,0,1
57,4,0,1,2,0,0,1,4.7491,1,12,0,0,1
80,4,1,0,3,0,1,1,4.53,2,60,0,0,1
20,1,0,0,0,0,0,1,3.5842,1,4,1,0,1
24,1,0,0,0,0,0,1,4.2202,1,5,1,0,1
80,4,0,0,3,0,1,1,4.4187,2,61,0,0,1
81,4,0,0,3,0,1,1,4.4149,2,62,0,0,1
59,4,0,1,2,0,0,1,4.755,1,14,0,0,1
75,3,0,0,0,1,1,1,4.3295,2,31,0,0,1
79,4,0,0,3,0,1,1,4.3928,2,60,0,0,1
59,4,0,1,2,0,0,1,4.7066,1,14,0,0,1
75,4,0,0,3,0,1,1,4.3658,2,56,0,0,1
58,4,0,1,2,0,0,1,4.7155,1,13,0,0,1
23,1,0,0,0,0,0,1,4.0231,1,4,1,0,1
80,4,1,0,3,0,1,1,4.3614,2,60,0,0,1
82,4,1,0,3,0,1,1,4.458,2,62,0,0,1
59,4,0,1,2,0,0,1,4.7806,1,14,0,0,0
79,4,0,0,3,0,1,1,4.3969,2,60,0,0,1
57,4,0,1,2,0,0,1,4.7842,1,12,0,0,1
30,1,0,0,0,0,0,1,3.9614,1,11,1,0,1
26,1,0,0,0,0,0,1,3.8112,1,7,1,0,1
28,1,0,0,0,0,0,1,4.1106,1,11,1,0,1
23,1,0,0,0,0,0,1,3.8164,1,4,1,0,1
23,1,0,0,0,0,0,1,4.056,1,5,1,0,1
58,4,0,1,2,0,0,1,4.6962,1,13,0,0,1
78,4,0,0,3,0,1,1,4.5034,2,59,0,0,1
81,4,0,0,3,0,1,1,4.3343,2,62,0,0,1
21,1,0,0,0,0,0,1,3.9754,1,4,1,0,1
79,4,0,0,3,0,1,1,4.354,2,60,0,0,1
82,4,1,0,3,0,1,1,4.4491,2,62,0,0,1
73,4,0,0,3,0,1,1,4.3356,2,54,0,0,1
82,4,1,0,3,0,1,1,4.4445,2,62,0,0,1
25,1,0,0,0,0,0,1,4.0537,1,6,1,0,1
22,1,0,0,0,0,0,1,3.7888,1,4,1,0,1
59,4,0,1,2,0,0,1,4.7194,1,14,0,0,1
82,4,1,0,3,0,1,1,4.458,2,62,0,0,1
81,4,0,0,3,0,1,1,4.4184,2,62,0,0,0
76,4,1,0,3,0,1,1,4.3668,2,56,0,0,0
59,4,0,1,2,0,0,1,4.7,1,14,0,0,1
81,4,0,0,3,0,1,1,4.3825,2,62,0,0,1
73,4,0,0,3,0,1,1,4.3356,2,54,0,0,1
57,4,0,1,2,0,0,1,4.7341,1,12,0,0,1
80,4,1,0,3,0,1,1,4.3514,2,60,0,0,1
26,1,0,0,0,0,0,1,4.1039,1,4,1,0,1
79,4,0,0,3,0,1,1,4.4034,2,60,0,0,1
25,1,0,0,0,0,0,1,3.8031,2,7,1,0,1
84,4,1,0,3,0,1,1,4.344,2,64,0,0,1
57,4,0,1,2,0,0,1,4.7341,1,12,0,0,1
24,1,0,0,0,0,0,1,4.0535,1,6,1,0,1
80,4,1,0,3,0,1,1,4.5537,2,60,0,0,1
58,4,0,1,2,0,0,1,4.6764,1,13,0,0,1
75,3,0,0,0,1,1,1,4.4339,2,31,0,0,1
81,4,0,0,3,0,1,1,4.4184,2,62,0,0,1
20,1,0,0,0,0,0,1,3.7464,1,4,1,0,1
82,4,1,0,3,0,1,1,4.3845,2,62,0,0,0
80,4,0,0,3,0,1,1,4.3968,2,61,0,0,1
58,4,0,1,2,0,0,1,4.6962,1,13,0,0,1
23,1,0,0,0,0,0,1,3.7294,1,5,1,0,1
74,3,0,0,0,1,1,1,4.5105,2,30,0,0,1
21,1,0,0,0,0,0,1,3.8442,1,5,1,0,1
59,4,0,1,2,0,0,1,4.6744,1,14,0,0,1
29,1,0,0,0,0,0,1,3.9783,1,11,1,0,1
75,4,0,0,3,0,1,1,4.3392,2,56,0,0,1
26,1,0,0,0,0,0,1,3.998,2,7,1,0,1
73,3,0,0,0,1,1,1,4.4829,2,31,0,0,1
80,4,0,0,3,0,1,1,4.4974,2,61,0,0,1
80,4,1,0,3,0,1,1,4.339,2,60,0,0,1
76,4,0,0,3,0,1,1,4.3308,2,57,0,0,1
28,1,0,0,0,0,0,1,4.1106,1,10,1,0,1
73,3,0,0,0,1,1,1,4.328,2,29,0,0,1
74,3,0,0,0,1,1,1,4.4022,2,30,0,0,1
59,4,0,1,2,0,0,1,4.8356,1,14,0,0,1
27,1,0,0,0,0,0,1,4.1805,2,7,1,0,0
71,3,0,0,0,1,1,1,4.2686,2,29,0,0,1
80,4,1,0,3,0,1,1,4.3331,2,60,0,0,0
59,4,0,1,2,0,0,1,4.6983,1,14,0,0,1
78,4,0,0,3,0,1,1,4.4041,2,59,0,0,1
73,3,0,0,0,1,1,1,4.328,2,29,0,0,1
20,1,0,0,0,0,0,1,3.5842,1,4,1,0,1
72,3,0,0,0,1,1,1,4.3245,2,28,0,0,1
80,4,0,0,3,0,1,1,4.4334,2,61,0,0,0
59,4,0,1,2,0,0,1,4.6472,1,14,0,0,0
59,4,0,1,2,0,0,1,4.7678,1,14,0,0,0
23,1,0,0,0,0,0,1,3.969,1,5,1,0,1
25,1,0,0,0,0,0,1,3.9133,1,7,1,0,1
68,3,0,0,0,1,1,1,4.3456,2,30,0,0,1
21,1,0,0,0,0,0,1,3.8442,1,5,1,0,1
79,4,0,0,3,0,1,1,4.3101,2,60,0,0,1
58,4,0,1,2,0,0,1,4.8189,1,13,0,0,1
77,4,1,0,3,0,1,1,4.3017,2,57,0,0,1
69,3,0,0,0,1,1,1,4.4837,2,31,0,0,1
81,4,0,0,3,0,1,1,4.3825,2,62,0,0,1
74,3,0,0,0,1,1,1,4.3098,2,32,0,0,1
58,4,0,1,2,0,0,1,4.6289,1,13,0,0,1
81,4,1,0,3,0,1,1,4.4788,2,61,0,0,1
82,4,1,0,3,0,1,1,4.4645,2,62,0,0,1
82,4,0,0,3,0,1,1,4.3779,2,63,0,0,1
58,4,0,1,2,0,0,1,4.7324,1,13,0,0,1
29,1,0,0,0,0,0,1,3.9094,1,11,1,0,1
70,3,0,0,0,1,1,1,4.3385,2,28,0,0,1
81,4,1,0,3,0,1,1,4.4947,2,61,0,0,1
78,4,0,0,3,0,1,1,4.3978,2,59,0,0,1
55,4,0,1,2,0,0,1,4.6355,1,10,0,0,1
82,4,0,0,3,0,1,1,4.3779,2,63,0,0,1
67,3,0,0,0,1,1,1,4.474,2,25,0,0,1
73,3,0,0,0,1,1,1,4.3392,2,31,0,0,1
22,1,0,0,0,0,0,1,4.0615,1,4,1,0,1
77,4,0,0,3,0,1,1,4.4667,2,58,0,0,1
81,4,1,0,3,0,1,1,4.4788,2,61,0,0,1
30,1,0,0,0,0,0,1,3.9614,1,11,1,0,0
81,4,0,0,3,0,1,1,4.4096,2,62,0,0,1
22,1,0,0,0,0,0,1,4.0615,1,4,1,0,1
26,1,0,0,0,0,0,1,3.8731,1,7,1,0,1
22,1,0,0,0,0,0,1,3.8797,1,4,1,0,1
74,3,0,0,0,1,1,1,4.4443,2,31,0,0,1
24,1,0,0,0,0,0,1,3.8554,1,8,1,0,1
25,1,0,0,0,0,0,1,4.0235,2,7,1,0,1
24,1,0,0,0,0,0,1,3.8554,1,4,1,0,1
25,1,0,0,0,0,0,1,3.9435,1,8,1,0,1
79,4,0,0,3,0,1,1,4.4034,2,60,0,0,1
79,4,0,0,3,0,1,1,4.354,2,60,0,0,1
77,4,0,0,3,0,1,1,4.3563,2,58,0,0,1
57,4,0,1,2,0,0,1,4.6507,1,12,0,0,1
25,1,0,0,0,0,0,1,4.0235,1,6,1,0,1
68,3,0,0,0,1,1,1,4.4426,2,30,0,0,1
59,4,0,1,2,0,0,1,4.6938,1,14,0,0,1
78,4,0,0,3,0,1,1,4.4141,2,59,0,0,1
59,4,0,1,2,0,0,1,4.6744,1,14,0,0,1
78,4,0,0,3,0,1,1,4.4865,2,59,0,0,1
78,4,1,0,3,0,1,1,4.29,2,58,0,0,1
81,4,1,0,3,0,1,1,4.4602,2,61,0,0,1
78,4,1,0,3,0,1,1,4.3578,2,58,0,0,1
82,4,0,0,3,0,1,1,4.3779,2,63,0,0,1
24,1,0,0,0,0,0,1,4.1368,1,7,1,0,1
75,4,0,0,3,0,1,1,4.4455,2,56,0,0,1
74,3,0,0,0,1,1,1,4.3679,2,30,0,0,1
75,4,0,0,3,0,1,1,4.3256,2,56,0,0,1
75,3,0,0,0,1,1,1,4.393,2,31,0,0,1
81,4,1,0,3,0,1,1,4.4947,2,61,0,0,0
79,4,1,0,3,0,1,1,4.5095,2,59,0,0,1
77,3,0,0,0,1,1,1,4.2835,2,33,0,0,1
64,3,0,0,0,1,1,1,4.3062,2,26,0,0,1
25,1,0,0,0,0,0,1,3.7231,1,6,1,0,1
82,4,1,0,3,0,1,1,4.4491,2,62,0,0,0
79,4,0,0,3,0,1,1,4.3595,2,60,0,0,1
75,3,0,0,0,1,1,1,4.3936,2,31,0,0,1
81,4,1,0,3,0,1,1,4.2849,2,61,0,0,1
63,3,0,0,0,1,1,1,4.3185,2,25,0,0,1
25,1,0,0,0,0,0,1,3.8635,1,7,1,0,1
71,3,0,0,0,1,1,1,4.3218,2,27,0,0,1
23,1,0,0,0,0,0,1,3.7294,1,5,1,0,1
81,4,0,0,3,0,1,1,4.44,2,62,0,0,1
58,4,0,1,2,0,0,1,4.7929,1,13,0,0,1
77,4,0,0,3,0,1,1,4.2924,2,58,0,0,1
79,4,1,0,3,0,1,1,4.3944,2,59,0,0,1
73,3,0,0,0,1,1,1,4.2718,2,31,0,0,1
80,4,0,0,3,0,1,1,4.29,2,61,0,0,1
78,4,0,0,3,0,1,1,4.5034,2,59,0,0,1
79,4,0,0,3,0,1,1,4.3969,2,60,0,0,1
80,4,0,0,3,0,1,1,4.29,2,61,0,0,1
80,4,0,0,3,0,1,1,4.3514,2,61,0,0,1
26,1,0,0,0,0,0,1,3.9501,1,7,1,0,1
83,4,1,0,3,0,1,1,4.3846,2,63,0,0,1
74,3,0,0,0,1,1,1,4.3679,2,30,0,0,1
79,4,0,0,3,0,1,1,4.4068,2,60,0,0,0
72,3,0,0,0,1,1,1,4.4008,2,30,0,0,1
69,3,0,0,0,1,1,1,4.3852,2,31,0,0,1
74,3,0,0,0,1,1,1,4.3935,2,31,0,0,1
27,1,0,0,0,0,0,1,4.1805,1,8,1,0,1
71,3,0,0,0,1,1,1,4.3499,2,27,0,0,1
60,4,0,1,2,0,0,1,4.7172,1,15,0,0,1
57,4,0,1,2,0,0,1,4.7842,1,12,0,0,1
58,4,0,1,2,0,0,1,4.6335,1,13,0,0,1
30,1,0,0,0,0,0,1,3.7777,1,11,1,0,1
30,1,0,0,0,0,0,1,4.2566,1,11,1,0,1
81,4,0,0,3,0,1,1,4.3458,2,62,0,0,1
79,4,0,0,3,0,1,1,4.3595,2,60,0,0,1
23,1,0,0,0,0,0,1,3.7951,2,7,1,0,1
22,1,0,0,0,0,0,1,3.7544,1,4,1,0,1
80,4,1,0,3,0,1,1,4.3331,2,60,0,0,1
57,4,0,1,2,0,0,1,4.7842,1,12,0,0,1
80,4,1,0,3,0,1,1,4.4999,2,60,0,0,1
57,4,0,1,2,0,0,1,4.7624,1,12,0,0,1
59,4,0,1,2,0,0,1,4.7678,1,14,0,0,1
59,4,0,1,2,0,0,1,4.7678,1,14,0,0,1
26,1,0,0,0,0,0,1,4.056,1,4,1,0,1
81,4,0,0,3,0,1,1,4.3844,2,62,0,0,1
74,4,0,0,3,0,1,1,4.433,2,55,0,0,1
29,1,0,0,0,0,0,1,4.0868,1,7,1,0,1
81,4,1,0,3,0,1,1,4.3984,2,61,0,0,1
24,1,0,0,0,0,0,1,3.9702,1,7,1,0,1
80,4,0,0,3,0,1,1,4.4782,2,61,0,0,1
75,3,0,0,0,1,1,1,4.4039,2,31,0,0,1
60,4,0,1,2,0,0,1,4.6165,1,15,0,0,1
57,4,0,1,2,0,0,1,4.6657,1,12,0,0,1
82,4,1,0,3,0,1,1,4.3869,2,62,0,0,1
58,4,0,1,2,0,0,1,4.8274,1,13,0,0,1
82,4,0,0,3,0,1,1,4.4068,2,63,0,0,1
83,4,0,0,3,0,1,1,4.3352,2,64,0,0,1
81,4,1,0,3,0,1,1,4.3987,2,61,0,0,1
67,3,0,0,0,1,1,1,4.3644,2,29,0,0,1
58,4,0,1,2,0,0,1,4.7025,1,13,0,0,1
24,1,0,0,0,0,0,1,4.0535,1,7,1,0,1
74,3,0,0,0,1,1,1,4.4506,2,32,0,0,1
82,4,1,0,3,0,1,1,4.4169,2,62,0,0,1
79,4,0,0,3,0,1,1,4.3287,2,60,0,0,1
74,3,0,0,0,1,1,1,4.3098,2,32,0,0,1
26,1,0,0,0,0,0,1,4.1329,1,7,1,0,1
76,4,1,0,3,0,1,1,4.4354,2,56,0,0,1
55,4,0,1,2,0,0,1,4.7083,1,10,0,0,1
73,3,0,0,0,1,1,1,4.4833,2,31,0,0,1
79,4,0,0,3,0,1,1,4.3969,2,60,0,0,1
78,4,1,0,3,0,1,1,4.3578,2,58,0,0,1
73,3,0,0,0,1,1,1,4.3935,2,31,0,0,1
80,4,1,0,3,0,1,1,4.3892,2,60,0,0,1
72,3,0,0,0,1,1,1,4.4238,2,28,0,0,1
24,1,0,0,0,0,0,1,4.0221,1,5,1,0,1
58,4,0,1,2,0,0,1,4.7799,1,13,0,0,1
58,4,0,1,2,0,0,1,4.8274,1,13,0,0,1
30,1,0,0,0,0,0,1,4.1232,1,11,1,0,1
79,4,0,0,3,0,1,1,4.4625,2,60,0,0,1
56,4,0,1,2,0,0,1,4.7979,1,11,0,0,1
24,1,0,0,0,0,0,1,4.1054,1,6,1,0,1
72,3,0,0,0,1,1,1,4.4793,2,30,0,0,1
81,4,1,0,3,0,1,1,4.5156,2,61,0,0,1
68,3,0,0,0,1,1,1,4.514,2,24,0,0,1
59,4,0,1,2,0,0,1,4.6616,1,14,0,0,1
57,4,0,1,2,0,0,1,4.7491,1,12,0,0,1
58,4,0,1,2,0,0,1,4.7025,1,13,0,0,1
66,3,0,0,0,1,1,1,4.3547,2,28,0,0,1
68,3,0,0,0,1,1,1,4.4426,2,30,0,0,1
73,3,0,0,0,1,1,1,4.334,2,31,0,0,1
83,4,1,0,3,0,1,1,4.3816,2,63,0,0,1
75,3,0,0,0,1,1,1,4.4339,2,31,0,0,1
81,4,1,0,3,0,1,1,4.4114,2,61,0,0,1
80,4,0,0,3,0,1,1,4.4084,2,61,0,0,1
83,4,0,0,3,0,1,1,4.3823,2,64,0,0,0
81,4,0,0,3,0,1,1,4.4418,2,62,0,0,1
77,4,0,0,3,0,1,1,4.2924,2,58,0,0,1
74,4,0,0,3,0,1,1,4.433,2,55,0,0,1
83,4,1,0,3,0,1,1,4.4057,2,63,0,0,1
73,3,0,0,0,1,1,1,4.4496,2,29,0,0,1
75,4,1,0,3,0,1,1,4.4328,2,55,0,0,1
58,4,0,1,2,0,0,1,4.75,1,13,0,0,1
25,1,0,0,0,0,0,1,3.9737,2,7,1,0,1
70,3,0,0,0,1,1,1,4.3684,2,26,0,0,1
76,4,1,0,3,0,1,1,4.3222,2,56,0,0,1
24,1,0,0,0,0,0,1,3.8239,1,6,1,0,1
24,1,0,0,0,0,0,1,3.9073,1,6,1,0,1
59,4,0,1,2,0,0,1,4.8017,1,14,0,0,0
24,1,0,0,0,0,0,1,3.8868,1,7,1,0,1
80,4,0,0,3,0,1,1,4.4221,2,61,0,0,1
81,4,0,0,3,0,1,1,4.3902,2,62,0,0,1
80,4,0,0,3,0,1,1,4.4881,2,61,0,0,1
74,3,0,0,0,1,1,1,4.4067,2,32,0,0,1
60,4,0,1,2,0,0,1,4.7188,1,15,0,0,1
81,4,1,0,3,0,1,1,4.3987,2,61,0,0,1
79,4,0,0,3,0,1,1,4.508,2,60,0,0,1
23,1,0,0,0,0,0,1,3.882,1,4,1,0,1
32,1,0,0,0,0,0,1,4.1556,1,10,1,0,1
65,3,0,0,0,1,1,1,4.3459,2,27,0,0,1
59,4,0,1,2,0,0,1,4.7,1,14,0,0,1
81,4,0,0,3,0,1,1,4.402,2,62,0,0,1
79,4,0,0,3,0,1,1,4.4625,2,60,0,0,0
60,4,0,1,2,0,0,1,4.7647,1,15,0,0,1
58,4,0,1,2,0,0,1,4.642,1,13,0,0,1
82,4,1,0,3,0,1,1,4.4413,2,62,0,0,0
75,4,0,0,3,0,1,1,4.4354,2,56,0,0,1
81,4,0,0,3,0,1,1,4.3315,2,62,0,0,0
81,4,0,0,3,0,1,1,4.4096,2,62,0,0,1
79,4,1,0,3,0,1,1,4.4006,2,59,0,0,1
83,4,1,0,3,0,1,1,4.4057,2,63,0,0,1
75,4,0,0,3,0,1,1,4.4354,2,56,0,0,1
29,1,0,0,0,0,0,1,4.2971,1,10,1,0,1
26,1,0,0,0,0,0,1,3.8112,1,7,1,0,1
78,4,0,0,3,0,1,1,4.3784,2,59,0,0,1
79,4,0,0,3,0,1,1,4.4928,2,60,0,0,1
79,4,0,0,3,0,1,1,4.4625,2,60,0,0,1
71,3,0,0,0,1,1,1,4.458,2,27,0,0,1
24,1,0,0,0,0,0,1,3.8868,1,6,1,0,1
75,4,0,0,3,0,1,1,4.3256,2,56,0,0,1
75,4,0,0,3,0,1,1,4.3873,2,56,0,0,1
74,3,0,0,0,1,1,1,4.2043,2,31,0,0,1
72,3,0,0,0,1,1,1,4.4286,2,29,0,0,1
59,4,0,1,2,0,0,1,4.7194,1,14,0,0,1
30,1,0,0,0,0,0,1,4.3232,1,11,1,0,1
83,4,1,0,3,0,1,1,4.359,2,63,0,0,1
75,3,0,0,0,1,1,1,4.3571,2,31,0,0,1
83,4,1,0,3,0,1,1,4.4087,2,63,0,0,1
57,4,0,1,2,0,0,1,4.771,1,12,0,0,1
56,4,0,1,2,0,0,1,4.7757,1,11,0,0,1
58,4,0,1,2,0,0,1,4.7799,1,13,0,0,1
80,4,1,0,3,0,1,1,4.4991,2,60,0,0,1
22,1,0,0,0,0,0,1,3.9706,1,4,1,0,1
70,3,0,0,0,1,1,1,4.4175,2,26,0,0,1
82,4,1,0,3,0,1,1,4.3369,2,62,0,0,0
72,3,0,0,0,1,1,1,4.4716,2,28,0,0,1
75,3,0,0,0,1,1,1,4.4339,2,31,0,0,1
22,1,0,0,0,0,0,1,3.8454,1,4,1,0,1
81,4,0,0,3,0,1,1,4.3554,2,62,0,0,1
30,1,0,0,0,0,0,1,3.7777,1,11,1,0,1
58,4,0,1,2,0,0,1,4.592,1,13,0,0,1
58,4,0,1,2,0,0,1,4.6962,1,13,0,0,1
59,4,0,1,2,0,0,1,4.7533,1,14,0,0,1
26,1,0,0,0,0,0,1,3.9501,1,8,1,0,1
79,4,0,0,3,0,1,1,4.3306,2,60,0,0,1
76,3,0,0,0,1,1,1,4.4262,2,32,0,0,1
23,1,0,0,0,0,0,1,3.9362,1,4,1,0,1
73,3,0,0,0,1,1,1,4.3962,2,29,0,0,1
25,1,0,0,0,0,0,1,4.0235,1,7,1,0,1
67,3,0,0,0,1,1,1,4.474,2,25,0,0,1
78,4,0,0,3,0,1,1,4.4141,2,59,0,0,1
80,4,0,0,3,0,1,1,4.455,2,61,0,0,1
59,4,0,1,2,0,0,1,4.8228,1,14,0,0,1
58,4,0,1,2,0,0,1,4.7307,1,13,0,0,1
25,1,0,0,0,0,0,1,3.8635,1,6,1,0,1
80,4,1,0,3,0,1,1,4.3938,2,60,0,0,1
23,1,0,0,0,0,0,1,4.2299,1,4,1,0,1
67,3,0,0,0,1,1,1,4.4241,2,29,0,0,1
58,4,0,1,2,0,0,1,4.8059,1,13,0,0,1
79,4,0,0,3,0,1,1,4.524,2,60,0,0,1
74,3,0,0,0,1,1,1,4.304,2,30,0,0,1
23,1,0,0,0,0,0,1,4.1429,1,5,1,0,1
78,4,0,0,3,0,1,1,4.2931,2,59,0,0,1
75,4,0,0,3,0,1,1,4.3256,2,56,0,0,0
72,3,0,0,0,1,1,1,4.3577,2,29,0,0,1
81,4,0,0,3,0,1,1,4.4096,2,62,0,0,1
79,4,1,0,3,0,1,1,4.3944,2,59,0,0,1
26,1,0,0,0,0,0,1,4.1329,1,7,1,0,1
74,3,0,0,0,1,1,1,4.3309,2,30,0,0,1
80,4,0,0,3,0,1,1,4.3968,2,61,0,0,1
62,3,0,0,0,1,1,1,4.3516,2,24,0,0,1
21,1,0,0,0,0,0,1,3.8442,1,5,1,0,1
80,4,1,0,3,0,1,1,4.53,2,60,0,0,1
29,1,0,0,0,0,0,1,3.9783,1,11,1,0,1
80,4,0,0,3,0,1,1,4.3514,2,61,0,0,1
73,3,0,0,0,1,1,1,4.3266,2,30,0,0,1
57,4,0,1,2,0,0,1,4.699,1,12,0,0,1
59,4,0,1,2,0,0,1,4.6711,1,14,0,0,1
81,4,0,0,3,0,1,1,4.3844,2,62,0,0,1
59,4,0,1,2,0,0,1,4.5644,1,14,0,0,1
82,4,0,0,3,0,1,1,4.3779,2,63,0,0,1
26,1,0,0,0,0,0,1,3.7343,1,7,1,0,1
26,1,0,0,0,0,0,1,4.1039,1,8,1,0,1
24,1,0,0,0,0,0,1,4.0221,1,5,1,0,1
60,4,0,1,2,0,0,1,4.7855,1,15,0,0,1
58,4,0,1,2,0,0,1,4.7025,1,13,0,0,1
68,3,0,0,0,1,1,1,4.3456,2,30,0,0,0
77,4,0,0,3,0,1,1,4.4667,2,58,0,0,1
80,4,0,0,3,0,1,1,4.3703,2,61,0,0,1
58,4,0,1,2,0,0,1,4.7714,1,13,0,0,1
80,4,0,0,3,0,1,1,4.4187,2,61,0,0,1
75,4,0,0,3,0,1,1,4.4455,2,56,0,0,1
58,4,0,1,2,0,0,1,4.737,1,13,0,0,1
23,1,0,0,0,0,0,1,3.8164,1,4,1,0,0
58,4,0,1,2,0,0,1,4.7714,1,13,0,0,1
56,4,0,1,2,0,0,1,4.6416,1,11,0,0,1
82,4,1,0,3,0,1,1,4.3503,2,62,0,0,1
73,3,0,0,0,1,1,1,4.2292,2,30,0,0,1
77,4,0,0,3,0,1,1,4.3563,2,58,0,0,1
81,4,0,0,3,0,1,1,4.4184,2,62,0,0,1
58,4,0,1,2,0,0,1,4.7025,1,13,0,0,1
60,4,0,1,2,0,0,1,4.6505,1,15,0,0,1
58,4,0,1,2,0,0,1,4.578,1,13,0,0,1
22,1,0,0,0,0,0,1,3.6978,1,6,1,0,1
59,4,0,1,2,0,0,1,4.6855,1,14,0,0,1
70,3,0,0,0,1,1,1,4.4175,2,26,0,0,1
25,1,0,0,0,0,0,1,3.9933,1,7,1,0,1
57,4,0,1,2,0,0,1,4.7624,1,12,0,0,1
80,4,1,0,3,0,1,1,4.3331,2,60,0,0,1
74,3,0,0,0,1,1,1,4.4022,2,30,0,0,1
23,1,0,0,0,0,0,1,3.9362,1,4,1,0,1
75,4,0,0,3,0,1,1,4.2989,2,56,0,0,1
79,4,0,0,3,0,1,1,4.3595,2,60,0,0,1
82,4,1,0,3,0,1,1,4.3923,2,62,0,0,1
79,4,0,0,3,0,1,1,4.3287,2,60,0,0,1
80,4,0,0,3,0,1,1,4.3718,2,61,0,0,1
78,4,0,0,3,0,1,1,4.5694,2,59,0,0,0
33,1,0,0,0,0,0,1,4.2942,1,11,1,0,1
24,1,0,0,0,0,0,1,3.9073,1,5,1,0,1
81,4,0,0,3,0,1,1,4.4418,2,62,0,0,1
60,4,0,1,2,0,0,1,4.6831,1,15,0,0,1
79,4,1,0,3,0,1,1,4.5746,2,59,0,0,1
58,4,0,1,2,0,0,1,4.578,1,13,0,0,1
81,4,1,0,3,0,1,1,4.3984,2,61,0,0,1
57,4,0,1,2,0,0,1,4.7624,1,12,0,0,1
23,1,0,0,0,0,0,1,3.7623,1,5,1,0,1
22,1,0,0,0,0,0,1,3.9706,1,4,1,0,1
29,1,0,0,0,0,0,1,4.0868,1,7,1,0,1
79,4,0,0,3,0,1,1,4.4928,2,60,0,0,1
74,4,1,0,3,0,1,1,4.3364,2,54,0,0,1
75,4,0,0,3,0,1,1,4.4354,2,56,0,0,0
70,3,0,0,0,1,1,1,4.3684,2,26,0,0,1
75,4,1,0,3,0,1,1,4.3489,2,55,0,0,1
29,1,0,0,0,0,0,1,4.3232,1,11,1,0,1
59,4,0,1,2,0,0,1,4.6872,1,14,0,0,1
78,4,0,0,3,0,1,1,4.5694,2,59,0,0,1
78,4,0,0,3,0,1,1,4.3978,2,59,0,0,1
73,3,0,0,0,1,1,1,4.2191,2,29,0,0,1
66,3,0,0,0,1,1,1,4.3686,2,28,0,0,1
58,4,0,1,2,0,0,1,4.573,1,13,0,0,1
79,4,1,0,3,0,1,1,4.5095,2,59,0,0,1
58,4,0,1,2,0,0,1,4.6747,1,13,0,0,1
75,3,0,0,0,1,1,1,4.393,2,31,0,0,1
74,4,1,0,3,0,1,1,4.3364,2,54,0,0,1
78,4,0,0,3,0,1,1,4.4865,2,59,0,0,1
26,1,0,0,0,0,0,1,3.9501,2,7,1,0,1
77,4,0,0,3,0,1,1,4.4667,2,58,0,0,1
80,4,1,0,3,0,1,1,4.4142,2,60,0,0,1
72,3,0,0,0,1,1,1,4.3537,2,28,0,0,1
58,4,0,1,2,0,0,1,4.7092,1,13,0,0,1
72,3,0,0,0,1,1,1,4.3154,2,30,0,0,1
58,4,0,1,2,0,0,1,4.7845,1,13,0,0,1
82,4,1,0,3,0,1,1,4.4645,2,62,0,0,1
79,4,1,0,3,0,1,1,4.4006,2,59,0,0,1
70,3,0,0,0,1,1,1,4.2274,2,28,0,0,1
75,4,0,0,3,0,1,1,4.3873,2,56,0,0,1
81,4,1,0,3,0,1,1,4.4947,2,61,0,0,1
25,1,0,0,0,0,0,1,3.8635,1,6,1,0,1
58,4,0,1,2,0,0,1,4.6764,1,13,0,0,1
73,3,0,0,0,1,1,1,4.4005,2,29,0,0,1
73,3,0,0,0,1,1,1,4.2956,2,30,0,0,1
83,4,0,0,3,0,1,1,4.3823,2,64,0,0,1
78,4,0,0,3,0,1,1,4.4041,2,59,0,0,1
82,4,1,0,3,0,1,1,4.3577,2,62,0,0,1
58,4,0,1,2,0,0,1,4.7845,1,13,0,0,1
81,4,0,0,3,0,1,1,4.4619,2,62,0,0,1
60,4,0,1,2,0,0,1,4.8106,1,15,0,0,1
26,1,0,0,0,0,0,1,4.027,1,6,1,0,1
58,4,0,1,2,0,0,1,4.7714,1,13,0,0,1
69,3,0,0,0,1,1,1,4.4011,2,27,0,0,1
80,4,1,0,3,0,1,1,4.53,2,60,0,0,1
73,3,0,0,0,1,1,1,4.4847,2,31,0,0,1
33,1,0,0,0,0,0,1,4.2942,1,11,1,0,1
60,4,0,1,2,0,0,1,4.8106,1,15,0,0,1
24,1,0,0,0,0,0,1,3.7721,1,6,1,0,1
82,4,1,0,3,0,1,1,4.4413,2,62,0,0,1
76,3,0,0,0,1,1,1,4.2752,2,33,0,0,1
79,4,1,0,3,0,1,1,4.3959,2,59,0,0,1
80,4,0,0,3,0,1,1,4.3968,2,61,0,0,1
29,1,0,0,0,0,0,1,4.2542,1,10,1,0,1
80,4,0,0,3,0,1,1,4.4881,2,61,0,0,1
30,1,0,0,0,0,0,1,4.1232,1,11,1,0,1
75,4,0,0,3,0,1,1,4.3392,2,56,0,0,1
69,3,0,0,0,1,1,1,4.5583,2,25,0,0,1
25,1,0,0,0,0,0,1,4.2137,1,7,1,0,1
58,4,0,1,2,0,0,1,4.75,1,13,0,0,1
59,4,0,1,2,0,0,1,4.7595,1,14,0,0,1
69,3,0,0,0,1,1,1,4.3548,2,31,0,0,1
23,1,0,0,0,0,0,1,3.7623,1,5,1,0,1
78,4,0,0,3,0,1,1,4.3978,2,59,0,0,1
26,1,0,0,0,0,0,1,3.7343,1,7,1,0,1
74,4,1,0,3,0,1,1,4.3364,2,54,0,0,1
30,1,0,0,0,0,0,1,4.2817,1,8,1,0,1
63,3,0,0,0,1,1,1,4.4517,2,25,0,0,1
76,3,0,0,0,1,1,1,4.4262,2,32,0,0,1
71,3,0,0,0,1,1,1,4.3292,2,28,0,0,1
56,4,0,1,2,0,0,1,4.7669,1,11,0,0,1
59,4,0,1,2,0,0,1,4.6855,1,14,0,0,0
74,3,0,0,0,1,1,1,4.2881,2,31,0,0,1
30,1,0,0,0,0,0,1,4.2981,1,11,1,0,1
82,4,1,0,3,0,1,1,4.458,2,62,0,0,1
72,3,0,0,0,1,1,1,4.5782,2,30,0,0,1
69,3,0,0,0,1,1,1,4.536,2,25,0,0,1
82,4,0,0,3,0,1,1,4.3565,2,63,0,0,1
28,1,0,0,0,0,0,1,4.2534,1,10,1,0,1
59,4,0,1,2,0,0,1,4.7405,1,14,0,0,1
58,4,0,1,2,0,0,1,4.7454,1,13,0,0,1
59,4,0,1,2,0,0,1,4.7211,1,14,0,0,1
74,3,0,0,0,1,1,1,4.4308,2,31,0,0,1
81,4,1,0,3,0,1,1,4.4602,2,61,0,0,1
60,4,0,1,2,0,0,1,4.8314,1,15,0,0,1
68,3,0,0,0,1,1,1,4.3784,2,25,0,0,1
72,3,0,0,0,1,1,1,4.3668,2,29,0,0,1
79,4,0,0,3,0,1,1,4.4827,2,60,0,0,1
75,4,0,0,3,0,1,1,4.4354,2,56,0,0,1
81,4,0,0,3,0,1,1,4.3315,2,62,0,0,1
78,4,0,0,3,0,1,1,4.4141,2,59,0,0,1
56,4,0,1,2,0,0,1,4.7177,1,11,0,0,1
82,4,0,0,3,0,1,1,4.4068,2,63,0,0,1
24,1,0,0,0,0,0,1,4.0535,1,5,1,0,1
80,4,0,0,3,0,1,1,4.48,2,61,0,0,1
80,4,0,0,3,0,1,1,4.3968,2,61,0,0,1
78,4,0,0,3,0,1,1,4.5694,2,59,0,0,1
24,1,0,0,0,0,0,1,4.1368,1,7,1,0,1
59,4,0,1,2,0,0,1,4.6583,1,14,0,0,1
80,4,1,0,3,0,1,1,4.3938,2,60,0,0,1
59,4,0,1,2,0,0,1,4.7,1,14,0,0,1
69,3,0,0,0,1,1,1,4.536,2,25,0,0,1
79,4,1,0,3,0,1,1,4.3944,2,59,0,0,1
25,1,0,0,0,0,0,1,4.1337,1,5,1,0,1
82,4,1,0,3,0,1,1,4.3923,2,62,0,0,1
26,1,0,0,0,0,0,1,3.921,1,7,1,0,1
59,4,0,1,2,0,0,1,4.7405,1,14,0,0,1
30,1,0,0,0,0,0,1,4.3232,1,11,1,0,1
82,4,1,0,3,0,1,1,4.3297,2,62,0,0,1
58,4,0,1,2,0,0,1,4.7714,1,13,0,0,0
80,4,0,0,3,0,1,1,4.4205,2,61,0,0,1
71,3,0,0,0,1,1,1,4.4578,2,29,0,0,1
26,1,0,0,0,0,0,1,3.8112,1,7,1,0,1
22,1,0,0,0,0,0,1,3.7888,1,4,1,0,1
58,4,0,1,2,0,0,1,4.737,1,13,0,0,1
20,1,0,0,0,0,0,1,3.4842,1,4,1,0,1
59,4,0,1,2,0,0,1,4.7066,1,14,0,0,1
72,3,0,0,0,1,1,1,4.3056,2,29,0,0,1
60,4,0,1,2,0,0,1,4.6372,1,15,0,0,1
58,4,0,1,2,0,0,1,4.737,1,13,0,0,1
71,3,0,0,0,1,1,1,4.298,2,27,0,0,1
58,4,0,1,2,0,0,1,4.8274,1,13,0,0,1
58,4,0,1,2,0,0,1,4.8059,1,13,0,0,1
79,4,1,0,3,0,1,1,4.5746,2,59,0,0,1
29,1,0,0,0,0,0,1,4.0733,1,11,1,0,1
24,1,0,0,0,0,0,1,3.9387,2,7,1,0,1
60,4,0,1,2,0,0,1,4.7314,1,15,0,0,1
58,4,0,1,2,0,0,1,4.7584,1,13,0,0,1
56,4,0,1,2,0,0,1,4.7757,1,11,0,0,1
80,4,1,0,3,0,1,1,4.339,2,60,0,0,1
80,4,1,0,3,0,1,1,4.4693,2,60,0,0,0
81,4,0,0,3,0,1,1,4.402,2,62,0,0,1
25,1,0,0,0,0,0,1,3.8031,2,7,1,0,1
82,4,1,0,3,0,1,1,4.4491,2,62,0,0,1
60,4,0,1,2,0,0,1,4.7773,1,15,0,0,1
75,4,0,0,3,0,1,1,4.4354,2,56,0,0,1
80,4,0,0,3,0,1,1,4.48,2,61,0,0,1
80,4,1,0,3,0,1,1,4.4626,2,60,0,0,1
56,4,0,1,2,0,0,1,4.7265,1,11,0,0,1
80,4,0,0,3,0,1,1,4.4288,2,61,0,0,1
81,4,0,0,3,0,1,1,4.4149,2,62,0,0,1
55,4,0,1,2,0,0,1,4.6218,1,10,0,0,1
27,1,0,0,0,0,0,1,4.2545,1,5,1,0,1
55,4,0,1,2,0,0,1,4.7309,1,10,0,0,1
79,4,0,0,3,0,1,1,4.4034,2,60,0,0,1
72,3,0,0,0,1,1,1,4.3217,2,28,0,0,1
80,4,0,0,3,0,1,1,4.3703,2,61,0,0,1
83,4,1,0,3,0,1,1,4.4087,2,63,0,0,1
79,4,0,0,3,0,1,1,4.462,2,60,0,0,0
83,4,0,0,3,0,1,1,4.3474,2,64,0,0,1
60,4,0,1,2,0,0,1,4.692,1,15,0,0,1
59,4,0,1,2,0,0,1,4.7678,1,14,0,0,1
59,4,0,1,2,0,0,1,4.6744,1,14,0,0,1
77,4,1,0,3,0,1,1,4.3277,2,57,0,0,1
81,4,0,0,3,0,1,1,4.44,2,62,0,0,1
81,4,0,0,3,0,1,1,4.4184,2,62,0,0,1
68,3,0,0,0,1,1,1,4.3784,2,25,0,0,1
78,4,1,0,3,0,1,1,4.4731,2,58,0,0,1
29,1,0,0,0,0,0,1,4.3232,1,7,1,0,1
71,3,0,0,0,1,1,1,4.4327,2,29,0,0,1
72,3,0,0,0,1,1,1,4.4288,2,29,0,0,1
25,1,0,0,0,0,0,1,4.0537,1,6,1,0,1
59,4,0,1,2,0,0,1,4.6533,1,14,0,0,1
80,4,1,0,3,0,1,1,4.2803,2,60,0,0,1
68,3,0,0,0,1,1,1,4.3456,2,30,0,0,1
29,1,0,0,0,0,0,1,4.2542,1,10,1,0,0
82,4,1,0,3,0,1,1,4.3369,2,62,0,0,1
80,4,0,0,3,0,1,1,4.4881,2,61,0,0,1
77,4,0,0,3,0,1,1,4.4667,2,58,0,0,1
78,4,0,0,3,0,1,1,4.5034,2,59,0,0,1
22,1,0,0,0,0,0,1,3.6635,1,4,1,0,1
26,1,0,0,0,0,0,1,3.8441,1,7,1,0,1
58,4,0,1,2,0,0,1,4.6617,1,13,0,0,1
81,4,1,0,3,0,1,1,4.5038,2,61,0,0,1
73,3,0,0,0,1,1,1,4.4829,2,29,0,0,1
59,4,0,1,2,0,0,1,4.7533,1,14,0,0,1
57,4,0,1,2,0,0,1,4.7842,1,12,0,0,1
29,1,0,0,0,0,0,1,4.0733,1,11,1,0,1
80,4,0,0,3,0,1,1,4.5093,2,61,0,0,1
68,3,0,0,0,1,1,1,4.4108,2,25,0,0,1
79,4,1,0,3,0,1,1,4.3164,2,59,0,0,0
23,1,0,0,0,0,0,1,4.0231,1,4,1,0,1
59,4,0,1,2,0,0,1,4.7405,1,14,0,0,1
59,4,0,1,2,0,0,1,4.7339,1,14,0,0,1
22,1,0,0,0,0,0,1,3.9706,1,4,1,0,1
78,4,0,0,3,0,1,1,4.4865,2,59,0,0,1
82,4,0,0,3,0,1,1,4.3978,2,63,0,0,1
75,3,0,0,0,1,1,1,4.3509,2,31,0,0,1
23,1,0,0,0,0,0,1,3.8164,1,4,1,0,1
75,3,0,0,0,1,1,1,4.4475,2,31,0,0,1
76,4,0,0,3,0,1,1,4.3308,2,57,0,0,1
26,1,0,0,0,0,0,1,4.1039,1,8,1,0,1
69,3,0,0,0,1,1,1,4.3562,2,25,0,0,1
79,4,0,0,3,0,1,1,4.4928,2,60,0,0,1
83,4,1,0,3,0,1,1,4.4057,2,63,0,0,1
79,4,0,0,3,0,1,1,4.548,2,60,0,0,1
59,4,0,1,2,0,0,1,4.6727,1,14,0,0,1
26,1,0,0,0,0,0,1,3.8441,1,7,1,0,1
59,4,0,1,2,0,0,1,4.6711,1,14,0,0,1
81,4,0,0,3,0,1,1,4.4748,2,62,0,0,1
60,4,0,1,2,0,0,1,4.6025,1,15,0,0,1
56,4,0,1,2,0,0,1,4.7891,1,11,0,0,1
23,1,0,0,0,0,0,1,3.8492,1,5,1,0,1
75,4,1,0,3,0,1,1,4.4328,2,55,0,0,1
58,4,0,1,2,0,0,1,4.6764,1,13,0,0,1
59,4,0,1,2,0,0,1,4.6388,1,14,0,0,1
76,3,0,0,0,1,1,1,4.4262,2,32,0,0,0
80,4,0,0,3,0,1,1,4.4084,2,61,0,0,1
74,3,0,0,0,1,1,1,4.4022,2,30,0,0,1
22,1,0,0,0,0,0,1,3.9706,1,5,1,0,1
58,4,0,1,2,0,0,1,4.7324,1,13,0,0,1
23,1,0,0,0,0,0,1,4.056,1,5,1,0,1
66,3,0,0,0,1,1,1,4.3547,2,28,0,0,1
79,4,0,0,3,0,1,1,4.4068,2,60,0,0,1
57,4,0,1,2,0,0,1,4.7273,1,12,0,0,1
24,1,0,0,0,0,0,1,4.0221,1,4,1,0,1
59,4,0,1,2,0,0,1,4.7066,1,14,0,0,1
82,4,1,0,3,0,1,1,4.3853,2,62,0,0,1
69,3,0,0,0,1,1,1,4.3915,2,27,0,0,1
22,1,0,0,0,0,0,1,3.7888,1,4,1,0,1
80,4,1,0,3,0,1,1,4.4004,2,60,0,0,1
75,3,0,0,0,1,1,1,4.4475,2,31,0,0,1
75,3,0,0,0,1,1,1,4.2586,2,31,0,0,1
80,4,1,0,3,0,1,1,4.3514,2,60,0,0,1
67,3,0,0,0,1,1,1,4.5206,2,25,0,0,1
81,4,1,0,3,0,1,1,4.4947,2,61,0,0,1
84,4,1,0,3,0,1,1,4.3202,2,64,0,0,1
82,4,1,0,3,0,1,1,4.4259,2,62,0,0,1
67,3,0,0,0,1,1,1,4.38,2,29,0,0,1
59,4,0,1,2,0,0,1,4.7467,1,14,0,0,1
81,4,1,0,3,0,1,1,4.2849,2,61,0,0,1
79,4,0,0,3,0,1,1,4.3969,2,60,0,0,1
69,3,0,0,0,1,1,1,4.3915,2,27,0,0,1
81,4,0,0,3,0,1,1,4.402,2,62,0,0,1
77,4,1,0,3,0,1,1,4.3277,2,57,0,0,1
80,4,1,0,3,0,1,1,4.4999,2,60,0,0,1
25,1,0,0,0,0,0,1,4.0537,1,5,1,0,1
80,4,0,0,3,0,1,1,4.48,2,61,0,0,1
78,4,0,0,3,0,1,1,4.4865,2,59,0,0,1
77,4,0,0,3,0,1,1,4.2924,2,58,0,0,1
83,4,0,0,3,0,1,1,4.3582,2,64,0,0,1
79,4,0,0,3,0,1,1,4.4068,2,60,0,0,1
26,1,0,0,0,0,0,1,3.8112,1,7,1,0,1
75,4,1,0,3,0,1,1,4.3489,2,55,0,0,1
66,3,0,0,0,1,1,1,4.4208,2,24,0,0,1
58,4,0,1,2,0,0,1,4.7239,1,13,0,0,1
23,1,0,0,0,0,0,1,3.6425,1,5,1,0,1
79,4,0,0,3,0,1,1,4.524,2,60,0,0,1
82,4,1,0,3,0,1,1,4.3297,2,62,0,0,1
81,4,0,0,3,0,1,1,4.4508,2,62,0,0,1
82,4,1,0,3,0,1,1,4.3601,2,62,0,0,1
81,4,0,0,3,0,1,1,4.4418,2,62,0,0,1
77,4,0,0,3,0,1,1,4.3563,2,58,0,0,1
75,4,1,0,3,0,1,1,4.3489,2,55,0,0,1
22,1,0,0,0,0,0,1,4.0272,1,4,1,0,1
58,4,0,1,2,0,0,1,4.6764,1,13,0,0,0
67,3,0,0,0,1,1,1,4.4637,2,29,0,0,1
76,4,1,0,3,0,1,1,4.4354,2,56,0,0,1
69,3,0,0,0,1,1,1,4.3562,2,25,0,0,1
74,3,0,0,0,1,1,1,4.3619,2,31,0,0,1
58,4,0,1,2,0,0,1,4.7714,1,13,0,0,1
74,3,0,0,0,1,1,1,4.358,2,30,0,0,1
57,4,0,1,2,0,0,1,4.7842,1,12,0,0,1
26,1,0,0,0,0,0,1,4.2099,1,7,1,0,0
80,4,0,0,3,0,1,1,4.4782,2,61,0,0,1
28,1,0,0,0,0,0,1,4.1375,1,6,1,0,1
60,4,0,1,2,0,0,1,4.6314,1,15,0,0,1
80,4,0,0,3,0,1,1,4.29,2,61,0,0,0
78,4,0,0,3,0,1,1,4.3188,2,59,0,0,1
76,4,1,0,3,0,1,1,4.388,2,56,0,0,1
82,4,1,0,3,0,1,1,4.3297,2,62,0,0,0
71,3,0,0,0,1,1,1,4.367,2,29,0,0,1
72,3,0,0,0,1,1,1,4.3245,2,29,0,0,1
59,4,0,1,2,0,0,1,4.7405,1,14,0,0,1
57,4,0,1,2,0,0,1,4.8325,1,12,0,0,1
80,4,0,0,3,0,1,1,4.5093,2,61,0,0,1
59,4,0,1,2,0,0,1,4.7128,1,14,0,0,1
71,3,0,0,0,1,1,1,4.4017,2,33,0,0,1
23,1,0,0,0,0,0,1,3.6753,1,4,1,0,1
59,4,0,1,2,0,0,1,4.6277,1,14,0,0,1
24,1,0,0,0,0,0,1,4.0535,1,5,1,0,1
81,4,1,0,3,0,1,1,4.3723,2,61,0,0,1
24,1,0,0,0,0,0,1,4.0221,1,5,1,0,1
58,4,0,1,2,0,0,1,4.7437,1,13,0,0,1
22,1,0,0,0,0,0,1,4.0272,1,4,1,0,1
75,4,0,0,3,0,1,1,4.4455,2,56,0,0,1
25,1,0,0,0,0,0,1,4.1337,1,7,1,0,1
79,4,0,0,3,0,1,1,4.4928,2,60,0,0,1
80,4,0,0,3,0,1,1,4.5093,2,61,0,0,1
81,4,1,0,3,0,1,1,4.5156,2,61,0,0,1
80,4,0,0,3,0,1,1,4.265,2,61,0,0,1
80,4,0,0,3,0,1,1,4.3968,2,61,0,0,1
79,4,0,0,3,0,1,1,4.508,2,60,0,0,1
75,4,1,0,3,0,1,1,4.4328,2,55,0,0,1
81,4,0,0,3,0,1,1,4.4372,2,62,0,0,1
81,4,1,0,3,0,1,1,4.4375,2,61,0,0,1
26,1,0,0,0,0,0,1,4.1329,1,7,1,0,1
72,3,0,0,0,1,1,1,4.3036,2,30,0,0,1
82,4,1,0,3,0,1,1,4.4401,2,62,0,0,1
80,4,0,0,3,0,1,1,4.3968,2,61,0,0,1
24,1,0,0,0,0,0,1,3.9387,2,7,1,0,1
81,4,1,0,3,0,1,1,4.4361,2,61,0,0,1
29,1,0,0,0,0,0,1,4.2021,1,10,1,0,1
74,3,0,0,0,1,1,1,4.4067,2,32,0,0,1
80,4,0,0,3,0,1,1,4.4782,2,61,0,0,1
67,3,0,0,0,1,1,1,4.3364,2,29,0,0,1
80,4,0,0,3,0,1,1,4.3703,2,61,0,0,1
80,4,1,0,3,0,1,1,4.4004,2,60,0,0,1
79,4,0,0,3,0,1,1,4.4928,2,60,0,0,0
26,1,0,0,0,0,0,1,3.7483,2,7,1,0,1
60,4,0,1,2,0,0,1,4.7172,1,15,0,0,1
31,1,0,0,0,0,0,1,3.9134,1,11,1,0,1
27,1,0,0,0,0,0,1,4.2825,1,10,1,0,1
66,3,0,0,0,1,1,1,4.3547,2,24,0,0,1
75,3,0,0,0,1,1,1,4.3936,2,31,0,0,1
82,4,1,0,3,0,1,1,4.4259,2,62,0,0,1
73,3,0,0,0,1,1,1,4.1883,2,31,0,0,1
24,1,0,0,0,0,0,1,4.0221,1,5,1,0,1
75,3,0,0,0,1,1,1,4.4339,2,31,0,0,1
26,1,0,0,0,0,0,1,3.998,2,7,1,0,1
25,1,0,0,0,0,0,1,3.8333,1,6,1,0,0
59,4,0,1,2,0,0,1,4.6855,1,14,0,0,1
23,1,0,0,0,0,0,1,3.8492,1,5,1,0,1
75,4,0,0,3,0,1,1,4.3658,2,56,0,0,1
73,3,0,0,0,1,1,1,4.4833,2,29,0,0,1
58,4,0,1,2,0,0,1,4.737,1,13,0,0,1
58,4,0,1,2,0,0,1,4.5575,1,13,0,0,1
24,1,0,0,0,0,0,1,4.1368,1,5,1,0,1
22,1,0,0,0,0,0,1,4.1524,1,5,1,0,1
77,4,0,0,3,0,1,1,4.4667,2,58,0,0,1
22,1,0,0,0,0,0,1,3.7544,1,4,1,0,1
82,4,1,0,3,0,1,1,4.3369,2,62,0,0,1
26,1,0,0,0,0,0,1,4.1039,1,10,1,0,1
82,4,1,0,3,0,1,1,4.4413,2,62,0,0,1
73,3,0,0,0,1,1,1,4.2742,2,30,0,0,1
77,4,0,0,3,0,1,1,4.4408,2,58,0,0,1
78,4,0,0,3,0,1,1,4.5694,2,59,0,0,1
72,3,0,0,0,1,1,1,4.4716,2,28,0,0,1
73,3,0,0,0,1,1,1,4.2956,2,31,0,0,1
82,4,1,0,3,0,1,1,4.458,2,62,0,0,1
57,4,0,1,2,0,0,1,4.7491,1,12,0,0,1
79,4,0,0,3,0,1,1,4.3306,2,60,0,0,1
27,1,0,0,0,0,0,1,4.1805,1,5,1,0,1
59,4,0,1,2,0,0,1,4.7934,1,14,0,0,1
80,4,1,0,3,0,1,1,4.4999,2,60,0,0,1
23,1,0,0,0,0,0,1,3.5884,1,4,1,0,1
22,1,0,0,0,0,0,1,3.9706,1,4,1,0,1
81,4,1,0,3,0,1,1,4.5156,2,61,0,0,1
79,4,0,0,3,0,1,1,4.3306,2,60,0,0,1
60,4,0,1,2,0,0,1,4.7046,1,15,0,0,1
83,4,0,0,3,0,1,1,4.3823,2,64,0,0,1
72,3,0,0,0,1,1,1,4.4286,2,30,0,0,1
24,1,0,0,0,0,0,1,4.2202,1,5,1,0,1
29,1,0,0,0,0,0,1,4.2021,1,10,1,0,1
82,4,1,0,3,0,1,1,4.4645,2,62,0,0,1
75,3,0,0,0,1,1,1,4.3977,2,31,0,0,1
80,4,0,0,3,0,1,1,4.4631,2,61,0,0,1
55,4,0,1,2,0,0,1,4.7309,1,10,0,0,1
76,4,1,0,3,0,1,1,4.388,2,56,0,0,1
80,4,1,0,3,0,1,1,4.4693,2,60,0,0,1
81,4,0,0,3,0,1,1,4.4096,2,62,0,0,1
58,4,0,1,2,0,0,1,4.7092,1,13,0,0,1
58,4,0,1,2,0,0,1,4.6465,1,13,0,0,1
59,4,0,1,2,0,0,1,4.7467,1,14,0,0,1
81,4,0,0,3,0,1,1,4.4096,2,62,0,0,1
81,4,0,0,3,0,1,1,4.4149,2,62,0,0,1
79,4,0,0,3,0,1,1,4.462,2,60,0,0,1
59,4,0,1,2,0,0,1,4.7678,1,14,0,0,0
79,4,0,0,3,0,1,1,4.462,2,60,0,0,1
66,3,0,0,0,1,1,1,4.4078,2,24,0,0,1
81,4,0,0,3,0,1,1,4.4635,2,62,0,0,1
72,3,0,0,0,1,1,1,4.4391,2,30,0,0,1
80,4,1,0,3,0,1,1,4.2803,2,60,0,0,1
80,4,0,0,3,0,1,1,4.5093,2,61,0,0,1
70,3,0,0,0,1,1,1,4.216,2,28,0,0,1
67,3,0,0,0,1,1,1,4.4765,2,25,0,0,1
23,1,0,0,0,0,0,1,3.6753,1,4,1,0,1
80,4,1,0,3,0,1,1,4.2803,2,60,0,0,1
70,3,0,0,0,1,1,1,4.344,2,27,0,0,1
24,1,0,0,0,0,0,1,4.1054,1,6,1,0,1
59,4,0,1,2,0,0,1,4.4794,1,14,0,0,1
26,1,0,0,0,0,0,1,3.8731,1,4,1,0,1
59,4,0,1,2,0,0,1,4.645,1,14,0,0,0
60,4,0,1,2,0,0,1,4.744,1,15,0,0,1
81,4,1,0,3,0,1,1,4.4234,2,61,0,0,1
68,3,0,0,0,1,1,1,4.4796,2,30,0,0,1
67,3,0,0,0,1,1,1,4.38,2,29,0,0,1
59,4,0,1,2,0,0,1,4.7194,1,14,0,0,1
72,3,0,0,0,1,1,1,4.3154,2,29,0,0,1
58,4,0,1,2,0,0,1,4.7025,1,13,0,0,1
22,1,0,0,0,0,0,1,3.9706,1,5,1,0,1
81,4,0,0,3,0,1,1,4.3343,2,62,0,0,1
82,4,1,0,3,0,1,1,4.4073,2,62,0,0,1
24,1,0,0,0,0,0,1,4.1054,1,5,1,0,1
75,3,0,0,0,1,1,1,4.3295,2,31,0,0,1
58,4,0,1,2,0,0,1,4.8059,1,13,0,0,1
69,3,0,0,0,1,1,1,4.3562,2,31,0,0,1
82,4,1,0,3,0,1,1,4.4097,2,62,0,0,1
70,3,0,0,0,1,1,1,4.2723,2,28,0,0,1
72,3,0,0,0,1,1,1,4.3245,2,28,0,0,1
58,4,0,1,2,0,0,1,4.7194,1,13,0,0,1
75,3,0,0,0,1,1,1,4.393,2,31,0,0,1
79,4,0,0,3,0,1,1,4.3928,2,60,0,0,1
79,4,0,0,3,0,1,1,4.3595,2,60,0,0,1
24,1,0,0,0,0,0,1,4.1368,1,7,1,0,1
80,4,0,0,3,0,1,1,4.4532,2,61,0,0,1
74,3,0,0,0,1,1,1,4.2043,2,31,0,0,1
81,4,0,0,3,0,1,1,4.4619,2,62,0,0,1
80,4,0,0,3,0,1,1,4.3703,2,61,0,0,1
70,3,0,0,0,1,1,1,4.344,2,27,0,0,1
80,4,0,0,3,0,1,1,4.4288,2,61,0,0,1
78,4,0,0,3,0,1,1,4.3978,2,59,0,0,1
79,4,0,0,3,0,1,1,4.3306,2,60,0,0,1
81,4,1,0,3,0,1,1,4.2849,2,61,0,0,1
58,4,0,1,2,0,0,1,4.612,1,13,0,0,1
26,1,0,0,0,0,0,1,3.9501,1,7,1,0,1
56,4,0,1,2,0,0,1,4.7534,1,11,0,0,1
71,3,0,0,0,1,1,1,4.458,2,27,0,0,1
25,1,0,0,0,0,0,1,3.9435,1,6,1,0,1
58,4,0,1,2,0,0,1,4.6395,1,13,0,0,1
58,4,0,1,2,0,0,1,4.8189,1,13,0,0,1
29,1,0,0,0,0,0,1,4.2542,1,11,1,0,1
58,4,0,1,2,0,0,1,4.7239,1,13,0,0,1
24,1,0,0,0,0,0,1,4.0221,1,5,1,0,1
73,3,0,0,0,1,1,1,4.304,2,29,0,0,1
23,1,0,0,0,0,0,1,3.7623,1,4,1,0,0
81,4,0,0,3,0,1,1,4.3315,2,62,0,0,1
69,3,0,0,0,1,1,1,4.4301,2,31,0,0,1
75,4,0,0,3,0,1,1,4.3873,2,56,0,0,1
76,4,1,0,3,0,1,1,4.4354,2,56,0,0,1
72,3,0,0,0,1,1,1,4.3962,2,30,0,0,1
73,3,0,0,0,1,1,1,4.2292,2,30,0,0,1
22,1,0,0,0,0,0,1,3.8454,1,4,1,0,1
80,4,1,0,3,0,1,1,4.3514,2,60,0,0,1
81,4,0,0,3,0,1,1,4.4635,2,62,0,0,1
81,4,0,0,3,0,1,1,4.44,2,62,0,0,1
80,4,0,0,3,0,1,1,4.3968,2,61,0,0,1
75,3,0,0,0,1,1,1,4.4472,2,31,0,0,1
79,4,0,0,3,0,1,1,4.524,2,60,0,0,1
25,1,0,0,0,0,0,1,4.1337,1,7,1,0,1
79,4,0,0,3,0,1,1,4.524,2,60,0,0,1
81,4,0,0,3,0,1,1,4.3825,2,62,0,0,1
57,4,0,1,2,0,0,1,4.771,1,12,0,0,0
58,4,0,1,2,0,0,1,4.4977,1,13,0,0,1
74,4,0,0,3,0,1,1,4.433,2,55,0,0,1
80,4,0,0,3,0,1,1,4.3514,2,61,0,0,1
80,4,0,0,3,0,1,1,4.48,2,61,0,0,1
72,3,0,0,0,1,1,1,4.4716,2,30,0,0,1
29,1,0,0,0,0,0,1,4.1852,1,11,1,0,1
79,4,0,0,3,0,1,1,4.4372,2,60,0,0,1
59,4,0,1,2,0,0,1,4.6533,1,14,0,0,1
71,3,0,0,0,1,1,1,4.4677,2,29,0,0,1
27,1,0,0,0,0,0,1,4.2545,1,5,1,0,1
80,4,0,0,3,0,1,1,4.4221,2,61,0,0,1
81,4,0,0,3,0,1,1,4.44,2,62,0,0,1
74,4,0,0,3,0,1,1,4.433,2,55,0,0,1
59,4,0,1,2,0,0,1,4.6644,1,14,0,0,1
26,1,0,0,0,0,0,1,3.8112,1,7,1,0,0
66,3,0,0,0,1,1,1,4.3686,2,28,0,0,0
81,4,0,0,3,0,1,1,4.3825,2,62,0,0,1
75,3,0,0,0,1,1,1,4.4995,2,31,0,0,1
72,3,0,0,0,1,1,1,4.392,2,29,0,0,1
57,4,0,1,2,0,0,1,4.7491,1,12,0,0,1
27,1,0,0,0,0,0,1,4.1343,1,11,1,0,1
60,4,0,1,2,0,0,1,4.6314,1,15,0,0,1
79,4,0,0,3,0,1,1,4.4068,2,60,0,0,1
81,4,0,0,3,0,1,1,4.3418,2,62,0,0,1
29,1,0,0,0,0,0,1,4.1852,1,11,1,0,1
75,4,0,0,3,0,1,1,4.3873,2,56,0,0,1
58,4,0,1,2,0,0,1,4.7239,1,13,0,0,1
75,4,0,0,3,0,1,1,4.3256,2,56,0,0,1
82,4,1,0,3,0,1,1,4.4169,2,62,0,0,1
76,3,0,0,0,1,1,1,4.3708,2,33,0,0,1
23,1,0,0,0,0,0,1,4.0231,1,5,1,0,1
23,1,0,0,0,0,0,1,4.056,1,5,1,0,1
59,4,0,1,2,0,0,1,4.7,1,14,0,0,1
74,3,0,0,0,1,1,1,4.4347,2,30,0,0,1
60,4,0,1,2,0,0,1,4.6855,1,15,0,0,1
21,1,0,0,0,0,0,1,3.749,1,5,1,0,1
82,4,0,0,3,0,1,1,4.3779,2,63,0,0,1
81,4,1,0,3,0,1,1,4.4866,2,61,0,0,1
82,4,0,0,3,0,1,1,4.4068,2,63,0,0,1
59,4,0,1,2,0,0,1,4.7678,1,14,0,0,1
78,4,1,0,3,0,1,1,4.4731,2,58,0,0,1
75,4,0,0,3,0,1,1,4.4455,2,56,0,0,1
82,4,0,0,3,0,1,1,4.4068,2,63,0,0,1
75,3,0,0,0,1,1,1,4.4358,2,31,0,0,1
26,1,0,0,0,0,0,1,4.056,1,8,1,0,1
71,3,0,0,0,1,1,1,4.4578,2,29,0,0,1
75,3,0,0,0,1,1,1,4.4309,2,31,0,0,1
71,3,0,0,0,1,1,1,4.367,2,27,0,0,1
74,4,0,0,3,0,1,1,4.348,2,55,0,0,1
79,4,1,0,3,0,1,1,4.4006,2,59,0,0,1
79,4,1,0,3,0,1,1,4.5095,2,59,0,0,1
78,4,0,0,3,0,1,1,4.3188,2,59,0,0,1
73,3,0,0,0,1,1,1,4.4005,2,31,0,0,1
58,4,0,1,2,0,0,1,4.7454,1,13,0,0,1
58,4,0,1,2,0,0,1,4.7092,1,13,0,0,1
80,4,1,0,3,0,1,1,4.4443,2,60,0,0,1
57,4,0,1,2,0,0,1,4.7842,1,12,0,0,1
30,1,0,0,0,0,0,1,4.2566,1,10,1,0,1
80,4,0,0,3,0,1,1,4.3968,2,61,0,0,1
21,1,0,0,0,0,0,1,3.8442,1,5,1,0,1
26,1,0,0,0,0,0,1,4.027,1,8,1,0,1
58,4,0,1,2,0,0,1,4.8274,1,13,0,0,1
79,4,1,0,3,0,1,1,4.4006,2,59,0,0,1
24,1,0,0,0,0,0,1,4.0535,1,7,1,0,1
81,4,0,0,3,0,1,1,4.4149,2,62,0,0,1
57,4,0,1,2,0,0,1,4.699,1,12,0,0,1
29,1,0,0,0,0,0,1,4.2542,1,10,1,0,1
58,4,0,1,2,0,0,1,4.7714,1,13,0,0,1
57,4,0,1,2,0,0,1,4.7359,1,12,0,0,1
67,3,0,0,0,1,1,1,4.4241,2,29,0,0,1
60,4,0,1,2,0,0,1,4.7566,1,15,0,0,0
75,3,0,0,0,1,1,1,4.3226,2,33,0,0,1
75,3,0,0,0,1,1,1,4.1403,2,32,0,0,1
23,1,0,0,0,0,0,1,3.7951,1,4,1,0,1
29,1,0,0,0,0,0,1,4.2542,1,10,1,0,1
24,1,0,0,0,0,0,1,3.9387,1,6,1,0,0
81,4,0,0,3,0,1,1,4.3418,2,62,0,0,1
60,4,0,1,2,0,0,1,4.7314,1,15,0,0,1
81,4,0,0,3,0,1,1,4.4184,2,62,0,0,1
67,3,0,0,0,1,1,1,4.4765,2,29,0,0,1
81,4,0,0,3,0,1,1,4.4056,2,62,0,0,1
30,1,0,0,0,0,0,1,3.7777,1,11,1,0,1
30,1,0,0,0,0,0,1,4.1899,1,10,1,0,1
75,3,0,0,0,1,1,1,4.3936,2,31,0,0,1
79,4,0,0,3,0,1,1,4.462,2,60,0,0,1
81,4,0,0,3,0,1,1,4.3315,2,62,0,0,1
23,1,0,0,0,0,0,1,3.6753,1,4,1,0,1
81,4,0,0,3,0,1,1,4.4149,2,62,0,0,1
78,4,0,0,3,0,1,1,4.5694,2,59,0,0,1
81,4,1,0,3,0,1,1,4.4602,2,61,0,0,1
83,4,1,0,3,0,1,1,4.4057,2,63,0,0,1
80,4,1,0,3,0,1,1,4.4892,2,60,0,0,1
56,4,0,1,2,0,0,1,4.7177,1,11,0,0,1
79,4,1,0,3,0,1,1,4.5095,2,59,0,0,1
57,4,0,1,2,0,0,1,4.714,1,12,0,0,1
81,4,0,0,3,0,1,1,4.4153,2,62,0,0,1
25,1,0,0,0,0,0,1,3.9933,1,7,1,0,1
71,3,0,0,0,1,1,1,4.3218,2,29,0,0,1
56,4,0,1,2,0,0,1,4.7177,1,11,0,0,1
82,4,1,0,3,0,1,1,4.3259,2,62,0,0,1
76,3,0,0,0,1,1,1,4.3351,2,33,0,0,1
71,3,0,0,0,1,1,1,4.4025,2,29,0,0,1
81,4,1,0,3,0,1,1,4.4234,2,61,0,0,1
69,3,0,0,0,1,1,1,4.4837,2,31,0,0,1
59,4,0,1,2,0,0,1,4.4535,1,14,0,0,1
67,3,0,0,0,1,1,1,4.4128,2,29,0,0,1
24,1,0,0,0,0,0,1,3.9702,1,5,1,0,1
83,4,0,0,3,0,1,1,4.3474,2,64,0,0,1
80,4,1,0,3,0,1,1,4.4999,2,60,0,0,1
75,3,0,0,0,1,1,1,4.3386,2,31,0,0,1
80,4,0,0,3,0,1,1,4.3703,2,61,0,0,1
23,1,0,0,0,0,0,1,4.2299,1,4,1,0,1
26,1,0,0,0,0,0,1,3.9501,2,7,1,0,1
23,1,0,0,0,0,0,1,3.9034,1,4,1,0,1
70,3,0,0,0,1,1,1,4.3688,2,28,0,0,1
22,1,0,0,0,0,0,1,3.9363,1,4,1,0,1
23,1,0,0,0,0,0,1,3.9362,1,4,1,0,1
23,1,0,0,0,0,0,1,3.6753,1,4,1,0,1
23,1,0,0,0,0,0,1,3.8492,1,7,1,0,1
80,4,1,0,3,0,1,1,4.4999,2,60,0,0,1
72,3,0,0,0,1,1,1,4.3217,2,30,0,0,1
60,4,0,1,2,0,0,1,4.5477,1,15,0,0,1
60,4,0,1,2,0,0,1,4.7505,1,15,0,0,1
56,4,0,1,2,0,0,1,4.7757,1,11,0,0,1
59,4,0,1,2,0,0,1,4.7211,1,14,0,0,1
27,1,0,0,0,0,0,1,4.2545,1,5,1,0,1
59,4,0,1,2,0,0,1,4.7,1,14,0,0,1
22,1,0,0,0,0,0,1,3.8454,1,4,1,0,1
59,4,0,1,2,0,0,1,4.755,1,14,0,0,1
80,4,1,0,3,0,1,1,4.339,2,60,0,0,1
58,4,0,1,2,0,0,1,4.7799,1,13,0,0,1
25,1,0,0,0,0,0,1,4.0537,1,5,1,0,0
58,4,0,1,2,0,0,1,4.7239,1,13,0,0,1
80,4,0,0,3,0,1,1,4.4187,2,61,0,0,1
69,3,0,0,0,1,1,1,4.3597,2,31,0,0,1
78,4,0,0,3,0,1,1,4.5034,2,59,0,0,1
81,4,0,0,3,0,1,1,4.3825,2,62,0,0,1
81,4,0,0,3,0,1,1,4.4508,2,62,0,0,1
68,3,0,0,0,1,1,1,4.4571,2,24,0,0,1
81,4,0,0,3,0,1,1,4.4635,2,62,0,0,1
20,1,0,0,0,0,0,1,3.7464,1,4,1,0,1
79,4,0,0,3,0,1,1,4.4928,2,60,0,0,1
81,4,1,0,3,0,1,1,4.2849,2,61,0,0,1
82,4,1,0,3,0,1,1,4.3503,2,62,0,0,1
58,4,0,1,2,0,0,1,4.8274,1,13,0,0,1
73,3,0,0,0,1,1,1,4.2956,2,30,0,0,1
75,3,0,0,0,1,1,1,4.4995,2,31,0,0,1
23,1,0,0,0,0,0,1,4.056,1,5,1,0,1
84,4,1,0,3,0,1,1,4.344,2,64,0,0,1
82,4,0,0,3,0,1,1,4.3779,2,63,0,0,1
80,4,1,0,3,0,1,1,4.3614,2,60,0,0,1
58,4,0,1,2,0,0,1,4.8404,1,13,0,0,1
80,4,0,0,3,0,1,1,4.4974,2,61,0,0,1
62,3,0,0,0,1,1,1,4.3516,2,24,0,0,1
58,4,0,1,2,0,0,1,4.655,1,13,0,0,1
82,4,1,0,3,0,1,1,4.3438,2,62,0,0,1
22,1,0,0,0,0,0,1,3.9363,1,4,1,0,1
81,4,0,0,3,0,1,1,4.4619,2,62,0,0,1
81,4,1,0,3,0,1,1,4.4602,2,61,0,0,1
81,4,1,0,3,0,1,1,4.2849,2,61,0,0,1
20,1,0,0,0,0,0,1,3.7464,1,4,1,0,1
82,4,1,0,3,0,1,1,4.4112,2,62,0,0,1
30,1,0,0,0,0,0,1,4.1232,1,11,1,0,1
82,4,0,0,3,0,1,1,4.3321,2,63,0,0,1
81,4,0,0,3,0,1,1,4.3825,2,62,0,0,1
59,4,0,1,2,0,0,1,4.7934,1,14,0,0,1
59,4,0,1,2,0,0,1,4.7761,1,14,0,0,1
80,4,1,0,3,0,1,1,4.339,2,60,0,0,1
75,4,0,0,3,0,1,1,4.4455,2,56,0,0,1
75,4,0,0,3,0,1,1,4.3658,2,56,0,0,1
57,4,0,1,2,0,0,1,4.6876,1,12,0,0,1
58,4,0,1,2,0,0,1,4.737,1,13,0,0,1
83,4,1,0,3,0,1,1,4.359,2,63,0,0,1
22,1,0,0,0,0,0,1,3.6978,1,4,1,0,1
57,4,0,1,2,0,0,1,4.7491,1,12,0,0,1
58,4,0,1,2,0,0,1,4.6617,1,13,0,0,1
56,4,0,1,2,0,0,1,4.8026,1,11,0,0,1
72,3,0,0,0,1,1,1,4.3245,2,29,0,0,1
75,4,1,0,3,0,1,1,4.3489,2,55,0,0,1
58,4,0,1,2,0,0,1,4.7437,1,13,0,0,1
81,4,0,0,3,0,1,1,4.4184,2,62,0,0,1
74,3,0,0,0,1,1,1,4.3935,2,31,0,0,1
80,4,0,0,3,0,1,1,4.4221,2,61,0,0,1
25,1,0,0,0,0,0,1,3.9435,1,7,1,0,1
76,4,0,0,3,0,1,1,4.3308,2,57,0,0,1
81,4,0,0,3,0,1,1,4.4508,2,62,0,0,1
57,4,0,1,2,0,0,1,4.714,1,12,0,0,1
56,4,0,1,2,0,0,1,4.7534,1,11,0,0,1
81,4,0,0,3,0,1,1,4.4418,2,62,0,0,1
23,1,0,0,0,0,0,1,3.9362,1,6,1,0,1
79,4,0,0,3,0,1,1,4.4034,2,60,0,0,1
82,4,1,0,3,0,1,1,4.4817,2,62,0,0,1
82,4,0,0,3,0,1,1,4.3734,2,63,0,0,1
56,4,0,1,2,0,0,1,4.6598,1,11,0,0,1
59,4,0,1,2,0,0,1,4.7322,1,14,0,0,1
57,4,0,1,2,0,0,1,4.7491,1,12,0,0,0
68,3,0,0,0,1,1,1,4.5549,2,24,0,0,0
82,4,1,0,3,0,1,1,4.3577,2,62,0,0,1
56,4,0,1,2,0,0,1,4.7265,1,11,0,0,1
59,4,0,1,2,0,0,1,4.6872,1,14,0,0,1
81,4,1,0,3,0,1,1,4.3597,2,61,0,0,1
70,3,0,0,0,1,1,1,4.3684,2,32,0,0,1
81,4,0,0,3,0,1,1,4.4056,2,62,0,0,1
25,1,0,0,0,0,0,1,4.0235,1,6,1,0,0
58,4,0,1,2,0,0,1,4.8404,1,13,0,0,1
57,4,0,1,2,0,0,1,4.6657,1,12,0,0,1
26,1,0,0,0,0,0,1,3.9791,1,8,1,0,1
81,4,0,0,3,0,1,1,4.4096,2,62,0,0,1
73,3,0,0,0,1,1,1,4.2191,2,29,0,0,1
67,3,0,0,0,1,1,1,4.4241,2,25,0,0,1
82,4,0,0,3,0,1,1,4.3565,2,63,0,0,1
26,1,0,0,0,0,0,1,3.8731,2,7,1,0,1
22,1,0,0,0,0,0,1,3.9706,1,4,1,0,1
24,1,0,0,0,0,0,1,4.0221,1,6,1,0,1
84,4,1,0,3,0,1,1,4.3502,2,64,0,0,1
75,3,0,0,0,1,1,1,4.4534,2,31,0,0,1
68,3,0,0,0,1,1,1,4.5549,2,24,0,0,1
81,4,0,0,3,0,1,1,4.4748,2,62,0,0,1
23,1,0,0,0,0,0,1,3.9362,1,4,1,0,1
58,4,0,1,2,0,0,1,4.6205,1,13,0,0,1
67,3,0,0,0,1,1,1,4.4568,2,29,0,0,1
56,4,0,1,2,0,0,1,4.5589,1,11,0,0,1
60,4,0,1,2,0,0,1,4.8106,1,15,0,0,1
82,4,0,0,3,0,1,1,4.3779,2,63,0,0,1
24,1,0,0,0,0,0,1,4.0221,1,5,1,0,1
75,3,0,0,0,1,1,1,4.3936,2,31,0,0,1
74,3,0,0,0,1,1,1,4.4067,2,30,0,0,1
59,4,0,1,2,0,0,1,4.7339,1,14,0,0,1
81,4,1,0,3,0,1,1,4.5038,2,61,0,0,1
83,4,1,0,3,0,1,1,4.359,2,63,0,0,1
57,4,0,1,2,0,0,1,4.679,1,12,0,0,1
80,4,0,0,3,0,1,1,4.3937,2,61,0,0,1
83,4,0,0,3,0,1,1,4.3474,2,64,0,0,1
81,4,0,0,3,0,1,1,4.4748,2,62,0,0,1
66,3,0,0,0,1,1,1,4.5246,2,24,0,0,1
74,3,0,0,0,1,1,1,4.5105,2,30,0,0,1
72,3,0,0,0,1,1,1,4.3056,2,29,0,0,1
80,4,0,0,3,0,1,1,4.3703,2,61,0,0,1
79,4,0,0,3,0,1,1,4.462,2,60,0,0,1
23,1,0,0,0,0,0,1,3.9362,1,5,1,0,1
75,3,0,0,0,1,1,1,4.4039,2,33,0,0,1
74,3,0,0,0,1,1,1,4.4139,2,30,0,0,1
75,4,1,0,3,0,1,1,4.4328,2,55,0,0,1
73,3,0,0,0,1,1,1,4.3938,2,31,0,0,1
30,1,0,0,0,0,0,1,4.2817,1,8,1,0,1
26,1,0,0,0,0,0,1,4.1039,1,4,1,0,1
79,4,0,0,3,0,1,1,4.3306,2,60,0,0,1
25,1,0,0,0,0,0,1,3.7991,1,7,1,0,1
80,4,1,0,3,0,1,1,4.5537,2,60,0,0,1
76,4,1,0,3,0,1,1,4.3616,2,56,0,0,1
73,3,0,0,0,1,1,1,4.334,2,31,0,0,1
79,4,0,0,3,0,1,1,4.3716,2,60,0,0,1
25,1,0,0,0,0,0,1,3.9737,2,7,1,0,1
81,4,0,0,3,0,1,1,4.3343,2,62,0,0,1
24,1,0,0,0,0,0,1,4.1368,1,5,1,0,1
30,1,0,0,0,0,0,1,4.2566,1,10,1,0,1
76,3,0,0,0,1,1,1,4.4262,2,32,0,0,1
73,3,0,0,0,1,1,1,4.5204,2,29,0,0,1
72,3,0,0,0,1,1,1,4.3612,2,29,0,0,1
78,4,0,0,3,0,1,1,4.3188,2,59,0,0,1
75,4,0,0,3,0,1,1,4.3658,2,56,0,0,1
56,4,0,1,2,0,0,1,4.7534,1,11,0,0,1
60,4,0,1,2,0,0,1,4.6039,1,15,0,0,1
59,4,0,1,2,0,0,1,4.7422,1,14,0,0,1
75,3,0,0,0,1,1,1,4.3509,2,31,0,0,1
29,1,0,0,0,0,0,1,4.2802,1,11,1,0,1
24,1,0,0,0,0,0,1,3.9387,1,5,1,0,1
59,4,0,1,2,0,0,1,4.8017,1,14,0,0,1
74,4,0,0,3,0,1,1,4.433,2,55,0,0,1
29,1,0,0,0,0,0,1,3.9489,1,11,1,0,1
26,1,0,0,0,0,0,1,3.7483,2,7,1,0,1
80,4,1,0,3,0,1,1,4.4626,2,60,0,0,1
23,1,0,0,0,0,0,1,3.7081,2,7,1,0,1
68,3,0,0,0,1,1,1,4.4793,2,25,0,0,1
75,4,0,0,3,0,1,1,4.4354,2,56,0,0,1
82,4,0,0,3,0,1,1,4.3565,2,63,0,0,1
26,1,0,0,0,0,0,1,4.027,1,4,1,0,1
24,1,0,0,0,0,0,1,4.2202,1,5,1,0,1
81,4,0,0,3,0,1,1,4.3825,2,62,0,0,1
25,1,0,0,0,0,0,1,4.0235,1,6,1,0,1
74,4,0,0,3,0,1,1,4.433,2,55,0,0,1
23,1,0,0,0,0,0,1,3.9362,1,4,1,0,1
33,1,0,0,0,0,0,1,4.162,1,11,1,0,1
58,4,0,1,2,0,0,1,4.8404,1,13,0,0,1
56,4,0,1,2,0,0,1,4.7534,1,11,0,0,1
59,4,0,1,2,0,0,1,4.7211,1,14,0,0,0
71,3,0,0,0,1,1,1,4.4151,2,29,0,0,1
80,4,1,0,3,0,1,1,4.4142,2,60,0,0,1
57,4,0,1,2,0,0,1,4.7975,1,12,0,0,1
22,1,0,0,0,0,0,1,3.7888,1,6,1,0,1
80,4,1,0,3,0,1,1,4.4991,2,60,0,0,1
73,3,0,0,0,1,1,1,4.5224,2,30,0,0,1
81,4,0,0,3,0,1,1,4.3343,2,62,0,0,1
70,3,0,0,0,1,1,1,4.2355,2,28,0,0,1
22,1,0,0,0,0,0,1,3.7888,1,6,1,0,1
79,4,0,0,3,0,1,1,4.4827,2,60,0,0,1
63,3,0,0,0,1,1,1,4.4517,2,25,0,0,1
23,1,0,0,0,0,0,1,4.0231,1,5,1,0,1
57,4,0,1,2,0,0,1,4.679,1,12,0,0,1
82,4,1,0,3,0,1,1,4.3438,2,62,0,0,1
71,3,0,0,0,1,1,1,4.2141,2,29,0,0,1
78,4,0,0,3,0,1,1,4.5694,2,59,0,0,1
59,4,0,1,2,0,0,1,4.6855,1,14,0,0,1
73,3,0,0,0,1,1,1,4.3457,2,29,0,0,1
82,4,1,0,3,0,1,1,4.4097,2,62,0,0,1
79,4,0,0,3,0,1,1,4.462,2,60,0,0,1
57,4,0,1,2,0,0,1,4.664,1,12,0,0,1
57,4,0,1,2,0,0,1,4.8193,1,12,0,0,1
59,4,0,1,2,0,0,1,4.645,1,14,0,0,0
22,1,0,0,0,0,0,1,3.9363,1,4,1,0,1
33,1,0,0,0,0,0,1,4.162,1,11,1,0,1
79,4,0,0,3,0,1,1,4.4928,2,60,0,0,1
82,4,1,0,3,0,1,1,4.4817,2,62,0,0,1
26,1,0,0,0,0,0,1,4.1329,1,7,1,0,1
71,3,0,0,0,1,1,1,4.298,2,27,0,0,1
79,4,0,0,3,0,1,1,4.3355,2,60,0,0,1
75,3,0,0,0,1,1,1,4.3295,2,31,0,0,1
59,4,0,1,2,0,0,1,4.5922,1,14,0,0,1
58,4,0,1,2,0,0,1,4.7782,1,13,0,0,1
22,1,0,0,0,0,0,1,3.9363,1,4,1,0,1
82,4,1,0,3,0,1,1,4.3601,2,62,0,0,1
73,3,0,0,0,1,1,1,4.2718,2,31,0,0,1
79,4,0,0,3,0,1,1,4.3355,2,60,0,0,1
20,1,0,0,0,0,0,1,3.4842,1,4,1,0,1
80,4,0,0,3,0,1,1,4.5093,2,61,0,0,1
59,4,0,1,2,0,0,1,4.7128,1,14,0,0,1
58,4,0,1,2,0,0,1,4.7454,1,13,0,0,1
80,4,0,0,3,0,1,1,4.4974,2,61,0,0,1
74,3,0,0,0,1,1,1,4.4506,2,32,0,0,1
24,1,0,0,0,0,0,1,4.0535,1,5,1,0,1
30,1,0,0,0,0,0,1,4.1899,1,11,1,0,1
71,3,0,0,0,1,1,1,4.3218,2,27,0,0,1
22,1,0,0,0,0,0,1,3.6635,1,4,1,0,1
82,4,0,0,3,0,1,1,4.3978,2,63,0,0,1
72,3,0,0,0,1,1,1,4.3036,2,30,0,0,1
79,4,0,0,3,0,1,1,4.3781,2,60,0,0,1
59,4,0,1,2,0,0,1,4.7211,1,14,0,0,1
76,4,0,0,3,0,1,1,4.3308,2,57,0,0,1
79,4,0,0,3,0,1,1,4.4034,2,60,0,0,1
71,3,0,0,0,1,1,1,4.3499,2,29,0,0,1
23,1,0,0,0,0,0,1,3.969,1,4,1,0,1
59,4,0,1,2,0,0,1,4.7934,1,14,0,0,1
80,4,0,0,3,0,1,1,4.3955,2,61,0,0,1
58,4,0,1,2,0,0,1,4.7092,1,13,0,0,1
58,4,0,1,2,0,0,1,4.7714,1,13,0,0,1
81,4,1,0,3,0,1,1,4.4261,2,61,0,0,1
82,4,1,0,3,0,1,1,4.4112,2,62,0,0,1
67,3,0,0,0,1,1,1,4.4481,2,29,0,0,1
82,4,1,0,3,0,1,1,4.4097,2,62,0,0,1
27,1,0,0,0,0,0,1,4.2825,1,7,1,0,1
74,3,0,0,0,1,1,1,4.3619,2,31,0,0,1
75,4,1,0,3,0,1,1,4.3222,2,55,0,0,1
22,1,0,0,0,0,0,1,3.6978,1,6,1,0,1
27,1,0,0,0,0,0,1,3.7505,1,11,1,0,1
59,4,0,1,2,0,0,1,4.6744,1,14,0,0,1
72,3,0,0,0,1,1,1,4.2965,2,30,0,0,1
80,4,0,0,3,0,1,1,4.29,2,61,0,0,0
75,4,1,0,3,0,1,1,4.4328,2,55,0,0,1
74,4,0,0,3,0,1,1,4.433,2,55,0,0,1
58,4,0,1,2,0,0,1,4.6747,1,13,0,0,1
22,1,0,0,0,0,0,1,3.8454,1,4,1,0,1
23,1,0,0,0,0,0,1,4.2299,1,4,1,0,1
76,4,1,0,3,0,1,1,4.4454,2,56,0,0,1
58,4,0,1,2,0,0,1,4.6289,1,13,0,0,1
74,3,0,0,0,1,1,1,4.4067,2,32,0,0,1
75,4,0,0,3,0,1,1,4.3873,2,56,0,0,1
75,3,0,0,0,1,1,1,4.2586,2,33,0,0,1
81,4,0,0,3,0,1,1,4.3315,2,62,0,0,1
80,4,0,0,3,0,1,1,4.4187,2,61,0,0,1
26,1,0,0,0,0,0,1,3.998,2,7,1,0,1
81,4,0,0,3,0,1,1,4.3343,2,62,0,0,1
79,4,0,0,3,0,1,1,4.3716,2,60,0,0,1
24,1,0,0,0,0,0,1,4.0535,1,6,1,0,1
59,4,0,1,2,0,0,1,4.6583,1,14,0,0,0
81,4,0,0,3,0,1,1,4.4748,2,62,0,0,1
80,4,0,0,3,0,1,1,4.4334,2,61,0,0,0
22,1,0,0,0,0,0,1,3.6978,1,4,1,0,1
71,3,0,0,0,1,1,1,4.312,2,28,0,0,1
75,3,0,0,0,1,1,1,4.393,2,31,0,0,0
56,4,0,1,2,0,0,1,4.8114,1,11,0,0,1
80,4,1,0,3,0,1,1,4.5142,2,60,0,0,1
82,4,0,0,3,0,1,1,4.3978,2,63,0,0,1
60,4,0,1,2,0,0,1,4.7423,1,15,0,0,1
59,4,0,1,2,0,0,1,4.7066,1,14,0,0,1
24,1,0,0,0,0,0,1,4.0535,1,4,1,0,1
82,4,1,0,3,0,1,1,4.4491,2,62,0,0,1
59,4,0,1,2,0,0,1,4.7934,1,14,0,0,1
59,4,0,1,2,0,0,1,4.7194,1,14,0,0,1
77,4,1,0,3,0,1,1,4.3277,2,57,0,0,1
70,3,0,0,0,1,1,1,4.3152,2,27,0,0,1
20,1,0,0,0,0,0,1,3.5842,1,4,1,0,1
81,4,1,0,3,0,1,1,4.4947,2,61,0,0,1
80,4,0,0,3,0,1,1,4.48,2,61,0,0,1
80,4,0,0,3,0,1,1,4.4187,2,61,0,0,1
79,4,0,0,3,0,1,1,4.3306,2,60,0,0,1
57,4,0,1,2,0,0,1,4.7273,1,12,0,0,1
79,4,0,0,3,0,1,1,4.3101,2,60,0,0,1
75,3,0,0,0,1,1,1,4.1403,2,32,0,0,1
80,4,1,0,3,0,1,1,4.2803,2,60,0,0,1
76,3,0,0,0,1,1,1,4.4262,2,32,0,0,1
29,1,0,0,0,0,0,1,4.3232,1,11,1,0,1
21,1,0,0,0,0,0,1,3.749,1,4,1,0,1
79,4,0,0,3,0,1,1,4.4625,2,60,0,0,1
59,4,0,1,2,0,0,1,4.6388,1,14,0,0,1
76,4,1,0,3,0,1,1,4.4354,2,56,0,0,1
58,4,0,1,2,0,0,1,4.7714,1,13,0,0,1
57,4,0,1,2,0,0,1,4.7054,1,12,0,0,1
27,1,0,0,0,0,0,1,4.2084,1,7,1,0,1
59,4,0,1,2,0,0,1,4.7678,1,14,0,0,1
75,3,0,0,0,1,1,1,4.4039,2,33,0,0,1
25,1,0,0,0,0,0,1,3.9933,1,7,1,0,1
80,4,1,0,3,0,1,1,4.5537,2,60,0,0,1
81,4,0,0,3,0,1,1,4.3458,2,62,0,0,1
79,4,0,0,3,0,1,1,4.4068,2,60,0,0,1
81,4,0,0,3,0,1,1,4.3458,2,62,0,0,1
22,1,0,0,0,0,0,1,3.9363,1,4,1,0,1
23,1,0,0,0,0,0,1,4.2299,1,4,1,0,1
60,4,0,1,2,0,0,1,4.6046,1,15,0,0,1
26,1,0,0,0,0,0,1,4.1039,1,10,1,0,1
66,3,0,0,0,1,1,1,4.3686,2,28,0,0,1
80,4,0,0,3,0,1,1,4.4187,2,61,0,0,1
76,4,1,0,3,0,1,1,4.388,2,56,0,0,1
24,1,0,0,0,0,0,1,4.0221,1,5,1,0,1
23,1,0,0,0,0,0,1,4.056,1,5,1,0,1
59,4,0,1,2,0,0,1,4.7066,1,14,0,0,1
77,4,0,0,3,0,1,1,4.4667,2,58,0,0,1
81,4,1,0,3,0,1,1,4.4261,2,61,0,0,1
76,3,0,0,0,1,1,1,4.3708,2,33,0,0,1
74,3,0,0,0,1,1,1,4.4506,2,32,0,0,1
81,4,1,0,3,0,1,1,4.4622,2,61,0,0,1
68,3,0,0,0,1,1,1,4.4441,2,24,0,0,1
59,4,0,1,2,0,0,1,4.7678,1,14,0,0,1
73,3,0,0,0,1,1,1,4.5204,2,31,0,0,1
78,4,0,0,3,0,1,1,4.4041,2,59,0,0,1
27,1,0,0,0,0,0,1,4.2084,1,10,1,0,1
56,4,0,1,2,0,0,1,4.7177,1,11,0,0,1
25,1,0,0,0,0,0,1,4.1337,1,6,1,0,1
60,4,0,1,2,0,0,1,4.6964,1,15,0,0,1
59,4,0,1,2,0,0,1,4.7339,1,14,0,0,0
57,4,0,1,2,0,0,1,4.714,1,12,0,0,0
60,4,0,1,2,0,0,1,4.7106,1,15,0,0,1
72,3,0,0,0,1,1,1,4.3245,2,29,0,0,1
81,4,0,0,3,0,1,1,4.3343,2,62,0,0,1
75,4,1,0,3,0,1,1,4.3489,2,55,0,0,1
58,4,0,1,2,0,0,1,4.7584,1,13,0,0,1
81,4,1,0,3,0,1,1,4.4909,2,61,0,0,1
71,3,0,0,0,1,1,1,4.4151,2,29,0,0,1
26,1,0,0,0,0,0,1,3.7343,1,7,1,0,1
79,4,0,0,3,0,1,1,4.3355,2,60,0,0,1
57,4,0,1,2,0,0,1,4.714,1,12,0,0,1
60,4,0,1,2,0,0,1,4.7505,1,15,0,0,1
79,4,0,0,3,0,1,1,4.462,2,60,0,0,1
57,4,0,1,2,0,0,1,4.7359,1,12,0,0,1
71,3,0,0,0,1,1,1,4.3416,2,33,0,0,1
76,4,0,0,3,0,1,1,4.3308,2,57,0,0,1
75,3,0,0,0,1,1,1,4.3169,2,31,0,0,1
83,4,0,0,3,0,1,1,4.3823,2,64,0,0,1
73,3,0,0,0,1,1,1,4.46,2,31,0,0,1
70,3,0,0,0,1,1,1,4.3152,2,28,0,0,1
68,3,0,0,0,1,1,1,4.4108,2,25,0,0,1
27,1,0,0,0,0,0,1,4.2084,1,7,1,0,1
77,4,0,0,3,0,1,1,4.4667,2,58,0,0,1
77,4,0,0,3,0,1,1,4.3563,2,58,0,0,1
24,1,0,0,0,0,0,1,4.2202,1,5,1,0,1
58,4,0,1,2,0,0,1,4.8144,1,13,0,0,1
80,4,0,0,3,0,1,1,4.4221,2,61,0,0,1
70,3,0,0,0,1,1,1,4.4542,2,32,0,0,1
27,1,0,0,0,0,0,1,4.2825,1,10,1,0,1
74,3,0,0,0,1,1,1,4.4022,2,30,0,0,1
69,3,0,0,0,1,1,1,4.4215,2,31,0,0,1
26,1,0,0,0,0,0,1,3.9501,2,7,1,0,0
77,4,0,0,3,0,1,1,4.2924,2,58,0,0,1
71,3,0,0,0,1,1,1,4.394,2,27,0,0,1
81,4,0,0,3,0,1,1,4.3343,2,62,0,0,1
78,4,0,0,3,0,1,1,4.5034,2,59,0,0,1
26,1,0,0,0,0,0,1,4.056,1,4,1,0,1
69,3,0,0,0,1,1,1,4.4837,2,25,0,0,1
20,1,0,0,0,0,0,1,3.4842,1,4,1,0,1
23,1,0,0,0,0,0,1,3.8164,1,4,1,0,1
57,4,0,1,2,0,0,1,4.699,1,12,0,0,1
78,4,1,0,3,0,1,1,4.4475,2,58,0,0,1
77,4,0,0,3,0,1,1,4.2924,2,58,0,0,1
74,3,0,0,0,1,1,1,4.4666,2,31,0,0,1
60,4,0,1,2,0,0,1,4.6498,1,15,0,0,0
76,4,1,0,3,0,1,1,4.3222,2,56,0,0,1
79,4,0,0,3,0,1,1,4.4935,2,60,0,0,1
75,4,1,0,3,0,1,1,4.4328,2,55,0,0,1
23,1,0,0,0,0,0,1,3.8492,1,5,1,0,1
81,4,0,0,3,0,1,1,4.4748,2,62,0,0,1
70,3,0,0,0,1,1,1,4.216,2,28,0,0,1
79,4,0,0,3,0,1,1,4.354,2,60,0,0,1
75,4,0,0,3,0,1,1,4.4354,2,56,0,0,1
58,4,0,1,2,0,0,1,4.7025,1,13,0,0,1
79,4,0,0,3,0,1,1,4.4625,2,60,0,0,1
80,4,0,0,3,0,1,1,4.3703,2,61,0,0,1
58,4,0,1,2,0,0,1,4.6634,1,13,0,0,1
80,4,1,0,3,0,1,1,4.4626,2,60,0,0,1
56,4,0,1,2,0,0,1,4.682,1,11,0,0,1
73,3,0,0,0,1,1,1,4.3347,2,31,0,0,0
80,4,0,0,3,0,1,1,4.3703,2,61,0,0,1
82,4,1,0,3,0,1,1,4.4259,2,62,0,0,1
24,1,0,0,0,0,0,1,4.0535,1,5,1,0,1
72,3,0,0,0,1,1,1,4.4391,2,28,0,0,1
66,3,0,0,0,1,1,1,4.4208,2,24,0,0,1
74,3,0,0,0,1,1,1,4.3098,2,32,0,0,1
77,4,0,0,3,0,1,1,4.2924,2,58,0,0,1
68,3,0,0,0,1,1,1,4.4426,2,30,0,0,1
22,1,0,0,0,0,0,1,3.9363,1,4,1,0,1
23,1,0,0,0,0,0,1,4.0231,1,5,1,0,1
72,3,0,0,0,1,1,1,4.3696,2,28,0,0,1
22,1,0,0,0,0,0,1,3.8797,1,4,1,0,1
74,3,0,0,0,1,1,1,4.4067,2,32,0,0,1
57,4,0,1,2,0,0,1,4.7491,1,12,0,0,1
25,1,0,0,0,0,0,1,3.9133,1,6,1,0,1
81,4,0,0,3,0,1,1,4.4635,2,62,0,0,1
26,1,0,0,0,0,0,1,4.1039,1,7,1,0,1
77,4,0,0,3,0,1,1,4.4667,2,58,0,0,1
67,3,0,0,0,1,1,1,4.4637,2,24,0,0,1
81,4,1,0,3,0,1,1,4.4234,2,61,0,0,1
78,4,0,0,3,0,1,1,4.2931,2,59,0,0,1
58,4,0,1,2,0,0,1,4.7437,1,13,0,0,1
73,3,0,0,0,1,1,1,4.1763,2,30,0,0,1
71,3,0,0,0,1,1,1,4.4327,2,29,0,0,1
79,4,0,0,3,0,1,1,4.524,2,60,0,0,1
80,4,1,0,3,0,1,1,4.3514,2,60,0,0,1
73,4,0,0,3,0,1,1,4.3356,2,54,0,0,1
59,4,0,1,2,0,0,1,4.6744,1,14,0,0,1
24,1,0,0,0,0,0,1,3.9702,1,6,1,0,1
24,1,0,0,0,0,0,1,4.2202,1,5,1,0,1
79,4,1,0,3,0,1,1,4.5095,2,59,0,0,1
58,4,0,1,2,0,0,1,4.8189,1,13,0,0,1
26,1,0,0,0,0,0,1,4.1039,1,6,1,0,1
59,4,0,1,2,0,0,1,4.6855,1,14,0,0,1
73,3,0,0,0,1,1,1,4.3394,2,29,0,0,1
58,4,0,1,2,0,0,1,4.642,1,13,0,0,1
81,4,0,0,3,0,1,1,4.4508,2,62,0,0,1
75,4,0,0,3,0,1,1,4.3658,2,56,0,0,0
80,4,0,0,3,0,1,1,4.48,2,61,0,0,1
79,4,1,0,3,0,1,1,4.3164,2,59,0,0,1
25,1,0,0,0,0,0,1,4.0537,1,7,1,0,1
74,3,0,0,0,1,1,1,4.2043,2,31,0,0,1
81,4,0,0,3,0,1,1,4.3343,2,62,0,0,1
75,3,0,0,0,1,1,1,4.4534,2,31,0,0,1
82,4,1,0,3,0,1,1,4.4225,2,62,0,0,1
78,4,0,0,3,0,1,1,4.4865,2,59,0,0,1
23,1,0,0,0,0,0,1,3.969,1,5,1,0,1
56,4,0,1,2,0,0,1,4.74,1,11,0,0,1
57,4,0,1,2,0,0,1,4.7842,1,12,0,0,1
58,4,0,1,2,0,0,1,4.5515,1,13,0,0,1
74,3,0,0,0,1,1,1,4.358,2,30,0,0,1
72,3,0,0,0,1,1,1,4.3962,2,30,0,0,0
74,3,0,0,0,1,1,1,4.4153,2,30,0,0,1
75,4,0,0,3,0,1,1,4.3256,2,56,0,0,1
22,1,0,0,0,0,0,1,3.7888,1,4,1,0,1
25,1,0,0,0,0,0,1,4.1337,1,7,1,0,1
80,4,0,0,3,0,1,1,4.3514,2,61,0,0,1
74,3,0,0,0,1,1,1,4.5108,2,30,0,0,1
73,3,0,0,0,1,1,1,4.4071,2,31,0,0,0
81,4,0,0,3,0,1,1,4.4635,2,62,0,0,1
22,1,0,0,0,0,0,1,3.9363,1,4,1,0,1
80,4,0,0,3,0,1,1,4.4187,2,61,0,0,1
79,4,1,0,3,0,1,1,4.5746,2,59,0,0,1
82,4,0,0,3,0,1,1,4.3978,2,63,0,0,1
80,4,0,0,3,0,1,1,4.4724,2,61,0,0,1
79,4,0,0,3,0,1,1,4.2857,2,60,0,0,1
81,4,1,0,3,0,1,1,4.4261,2,61,0,0,1
81,4,1,0,3,0,1,1,4.4279,2,61,0,0,0
59,4,0,1,2,0,0,1,4.8484,1,14,0,0,1
26,1,0,0,0,0,0,1,4.1039,1,4,1,0,1
80,4,0,0,3,0,1,1,4.4881,2,61,0,0,1
72,3,0,0,0,1,1,1,4.3154,2,29,0,0,1
66,3,0,0,0,1,1,1,4.4208,2,28,0,0,1
58,4,0,1,2,0,0,1,4.7799,1,13,0,0,1
79,4,0,0,3,0,1,1,4.354,2,60,0,0,1
67,3,0,0,0,1,1,1,4.5206,2,25,0,0,1
80,4,0,0,3,0,1,1,4.4187,2,61,0,0,1
25,1,0,0,0,0,0,1,3.9737,2,7,1,0,1
81,4,0,0,3,0,1,1,4.4096,2,62,0,0,1
81,4,0,0,3,0,1,1,4.4149,2,62,0,0,1
80,4,0,0,3,0,1,1,4.4974,2,61,0,0,1
67,3,0,0,0,1,1,1,4.38,2,24,0,0,1
82,4,1,0,3,0,1,1,4.3297,2,62,0,0,1
79,4,0,0,3,0,1,1,4.4625,2,60,0,0,1
68,3,0,0,0,1,1,1,4.3262,2,30,0,0,1
25,1,0,0,0,0,0,1,4.0235,1,7,1,0,1
80,4,0,0,3,0,1,1,4.4334,2,61,0,0,1
59,4,0,1,2,0,0,1,4.7678,1,14,0,0,1
84,4,1,0,3,0,1,1,4.3502,2,64,0,0,1
22,1,0,0,0,0,0,1,3.9363,1,4,1,0,1
57,4,0,1,2,0,0,1,4.714,1,12,0,0,1
33,1,0,0,0,0,0,1,4.162,1,11,1,0,1
79,4,0,0,3,0,1,1,4.4034,2,60,0,0,1
73,3,0,0,0,1,1,1,4.4833,2,29,0,0,1
79,4,0,0,3,0,1,1,4.3781,2,60,0,0,1
81,4,1,0,3,0,1,1,4.5156,2,61,0,0,1
23,1,0,0,0,0,0,1,3.969,1,4,1,0,1
58,4,0,1,2,0,0,1,4.6877,1,13,0,0,1
70,3,0,0,0,1,1,1,4.5535,2,28,0,0,1
79,4,0,0,3,0,1,1,4.4935,2,60,0,0,1
28,1,0,0,0,0,0,1,4.0122,1,8,1,0,1
22,1,0,0,0,0,0,1,3.9706,1,4,1,0,1
23,1,0,0,0,0,0,1,3.8492,1,6,1,0,1
27,1,0,0,0,0,0,1,4.2825,1,10,1,0,1
81,4,0,0,3,0,1,1,4.4418,2,62,0,0,1
72,3,0,0,0,1,1,1,4.392,2,29,0,0,1
78,4,1,0,3,0,1,1,4.3578,2,58,0,0,1
80,4,0,0,3,0,1,1,4.48,2,61,0,0,1
58,4,0,1,2,0,0,1,4.6289,1,13,0,0,1
79,4,1,0,3,0,1,1,4.3164,2,59,0,0,1
73,3,0,0,0,1,1,1,4.4829,2,31,0,0,1
81,4,1,0,3,0,1,1,4.5038,2,61,0,0,1
20,1,0,0,0,0,0,1,3.4842,1,4,1,0,1
81,4,0,0,3,0,1,1,4.4748,2,62,0,0,1
58,4,0,1,2,0,0,1,4.7584,1,13,0,0,1
79,4,0,0,3,0,1,1,4.4625,2,60,0,0,1
79,4,0,0,3,0,1,1,4.4625,2,60,0,0,1
57,4,0,1,2,0,0,1,4.7359,1,12,0,0,1
28,1,0,0,0,0,0,1,4.182,1,6,1,0,1
80,4,0,0,3,0,1,1,4.3514,2,61,0,0,1
80,4,1,0,3,0,1,1,4.53,2,60,0,0,0
59,4,0,1,2,0,0,1,4.7322,1,14,0,0,1
82,4,1,0,3,0,1,1,4.4413,2,62,0,0,1
78,4,0,0,3,0,1,1,4.3188,2,59,0,0,1
74,4,0,0,3,0,1,1,4.433,2,55,0,0,1
73,3,0,0,0,1,1,1,4.3347,2,31,0,0,1
58,4,0,1,2,0,0,1,4.6764,1,13,0,0,1
26,1,0,0,0,0,0,1,3.998,2,7,1,0,1
72,3,0,0,0,1,1,1,4.3245,2,29,0,0,1
79,4,0,0,3,0,1,1,4.4034,2,60,0,0,1
80,4,1,0,3,0,1,1,4.5142,2,60,0,0,1
57,4,0,1,2,0,0,1,4.7226,1,12,0,0,1
78,4,0,0,3,0,1,1,4.4865,2,59,0,0,1
76,4,1,0,3,0,1,1,4.3668,2,56,0,0,1
59,4,0,1,2,0,0,1,4.7066,1,14,0,0,1
59,4,0,1,2,0,0,1,4.7678,1,14,0,0,1
79,4,0,0,3,0,1,1,4.4068,2,60,0,0,1
25,1,0,0,0,0,0,1,4.1337,1,7,1,0,1
26,1,0,0,0,0,0,1,3.921,1,7,1,0,1
81,4,0,0,3,0,1,1,4.3418,2,62,0,0,1
58,4,0,1,2,0,0,1,4.7929,1,13,0,0,1
73,3,0,0,0,1,1,1,4.2742,2,30,0,0,1
74,4,0,0,3,0,1,1,4.433,2,55,0,0,1
77,4,0,0,3,0,1,1,4.3563,2,58,0,0,1
80,4,0,0,3,0,1,1,4.5093,2,61,0,0,1
77,4,1,0,3,0,1,1,4.3277,2,57,0,0,1
59,4,0,1,2,0,0,1,4.6744,1,14,0,0,1
29,1,0,0,0,0,0,1,4.3232,1,10,1,0,1
81,4,0,0,3,0,1,1,4.44,2,62,0,0,1
73,3,0,0,0,1,1,1,4.2742,2,30,0,0,1
74,4,1,0,3,0,1,1,4.3364,2,54,0,0,1
80,4,0,0,3,0,1,1,4.5093,2,61,0,0,1
57,4,0,1,2,0,0,1,4.6657,1,12,0,0,1
58,4,0,1,2,0,0,1,4.7092,1,13,0,0,1
80,4,0,0,3,0,1,1,4.4881,2,61,0,0,1
74,3,0,0,0,1,1,1,4.3546,2,30,0,0,1
78,4,0,0,3,0,1,1,4.3188,2,59,0,0,1
80,4,1,0,3,0,1,1,4.53,2,60,0,0,1
73,4,0,0,3,0,1,1,4.3356,2,54,0,0,1
29,1,0,0,0,0,0,1,4.2021,1,10,1,0,1
80,4,0,0,3,0,1,1,4.5093,2,61,0,0,1
24,1,0,0,0,0,0,1,3.8239,1,5,1,0,1
82,4,1,0,3,0,1,1,4.3923,2,62,0,0,1
81,4,0,0,3,0,1,1,4.4056,2,62,0,0,1
74,3,0,0,0,1,1,1,4.385,2,30,0,0,1
30,1,0,0,0,0,0,1,3.9614,1,11,1,0,1
79,4,0,0,3,0,1,1,4.2603,2,60,0,0,0
58,4,0,1,2,0,0,1,4.7437,1,13,0,0,1
73,3,0,0,0,1,1,1,4.46,2,31,0,0,1
68,3,0,0,0,1,1,1,4.4796,2,30,0,0,1
81,4,1,0,3,0,1,1,4.5038,2,61,0,0,1
72,3,0,0,0,1,1,1,4.4391,2,28,0,0,1
25,1,0,0,0,0,0,1,3.8635,1,6,1,0,1
59,4,0,1,2,0,0,1,4.6711,1,14,0,0,1
58,4,0,1,2,0,0,1,4.6764,1,13,0,0,1
74,3,0,0,0,1,1,1,4.5105,2,30,0,0,1
83,4,0,0,3,0,1,1,4.3474,2,64,0,0,1
76,4,1,0,3,0,1,1,4.388,2,56,0,0,1
23,1,0,0,0,0,0,1,3.969,1,5,1,0,1
79,4,0,0,3,0,1,1,4.462,2,60,0,0,1
26,1,0,0,0,0,0,1,4.027,1,7,1,0,1
70,3,0,0,0,1,1,1,4.3152,2,28,0,0,1
22,1,0,0,0,0,0,1,3.9706,1,5,1,0,1
59,4,0,1,2,0,0,1,4.5686,1,14,0,0,1
22,1,0,0,0,0,0,1,3.9706,1,5,1,0,1
57,4,0,1,2,0,0,1,4.714,1,12,0,0,1
74,3,0,0,0,1,1,1,4.4835,2,30,0,0,1
80,4,0,0,3,0,1,1,4.4782,2,61,0,0,1
58,4,0,1,2,0,0,1,4.7092,1,13,0,0,1
60,4,0,1,2,0,0,1,4.7106,1,15,0,0,1
60,4,0,1,2,0,0,1,4.6188,1,15,0,0,1
22,1,0,0,0,0,0,1,3.7544,1,6,1,0,1
71,3,0,0,0,1,1,1,4.4316,2,27,0,0,1
30,1,0,0,0,0,0,1,3.7777,1,11,1,0,1
74,3,0,0,0,1,1,1,4.4139,2,30,0,0,1
72,3,0,0,0,1,1,1,4.3668,2,29,0,0,1
79,4,0,0,3,0,1,1,4.3928,2,60,0,0,1
60,4,0,1,2,0,0,1,4.8025,1,15,0,0,1
79,4,1,0,3,0,1,1,4.3164,2,59,0,0,1
81,4,1,0,3,0,1,1,4.5156,2,61,0,0,1
79,4,0,0,3,0,1,1,4.354,2,60,0,0,1
74,4,0,0,3,0,1,1,4.433,2,55,0,0,1
81,4,0,0,3,0,1,1,4.4619,2,62,0,0,1
81,4,1,0,3,0,1,1,4.4602,2,61,0,0,1
80,4,0,0,3,0,1,1,4.3703,2,61,0,0,1
79,4,0,0,3,0,1,1,4.3928,2,60,0,0,1
69,3,0,0,0,1,1,1,4.5074,2,31,0,0,1
24,1,0,0,0,0,0,1,3.7091,1,5,1,0,1
73,3,0,0,0,1,1,1,4.328,2,29,0,0,1
30,1,0,0,0,0,0,1,4.1899,1,11,1,0,1
79,4,0,0,3,0,1,1,4.4935,2,60,0,0,1
23,1,0,0,0,0,0,1,3.882,1,5,1,0,1
76,4,1,0,3,0,1,1,4.3222,2,56,0,0,1
59,4,0,1,2,0,0,1,4.7066,1,14,0,0,1
79,4,0,0,3,0,1,1,4.4068,2,60,0,0,1
83,4,1,0,3,0,1,1,4.359,2,63,0,0,1
82,4,0,0,3,0,1,1,4.4068,2,63,0,0,1
78,4,1,0,3,0,1,1,4.4731,2,58,0,0,1
57,4,0,1,2,0,0,1,4.7341,1,12,0,0,1
22,1,0,0,0,0,0,1,4.0272,1,4,1,0,1
29,1,0,0,0,0,0,1,4.0178,1,7,1,0,1
80,4,0,0,3,0,1,1,4.4614,2,61,0,0,1
25,1,0,0,0,0,0,1,3.9933,1,7,1,0,1
69,3,0,0,0,1,1,1,4.5583,2,31,0,0,1
81,4,0,0,3,0,1,1,4.4748,2,62,0,0,0
82,4,1,0,3,0,1,1,4.3845,2,62,0,0,1
25,1,0,0,0,0,0,1,4.0235,1,7,1,0,1
79,4,0,0,3,0,1,1,4.3928,2,60,0,0,1
59,4,0,1,2,0,0,1,4.7388,1,14,0,0,1
80,4,0,0,3,0,1,1,4.48,2,61,0,0,0
69,3,0,0,0,1,1,1,4.4795,2,25,0,0,1
22,1,0,0,0,0,0,1,3.9706,1,4,1,0,1
74,3,0,0,0,1,1,1,4.409,2,31,0,0,1
74,4,0,0,3,0,1,1,4.433,2,55,0,0,1
80,4,1,0,3,0,1,1,4.3938,2,60,0,0,1
80,4,1,0,3,0,1,1,4.3688,2,60,0,0,1
23,1,0,0,0,0,0,1,3.9362,1,6,1,0,1
74,4,0,0,3,0,1,1,4.406,2,55,0,0,1
57,4,0,1,2,0,0,1,4.7975,1,12,0,0,1
73,4,0,0,3,0,1,1,4.3082,2,54,0,0,1
58,4,0,1,2,0,0,1,4.737,1,13,0,0,1
80,4,0,0,3,0,1,1,4.5093,2,61,0,0,1
80,4,1,0,3,0,1,1,4.505,2,60,0,0,1
81,4,0,0,3,0,1,1,4.4748,2,62,0,0,1
59,4,0,1,2,0,0,1,4.7467,1,14,0,0,1
83,4,1,0,3,0,1,1,4.4057,2,63,0,0,1
82,4,1,0,3,0,1,1,4.3845,2,62,0,0,1
80,4,0,0,3,0,1,1,4.4782,2,61,0,0,1
74,4,0,0,3,0,1,1,4.406,2,55,0,0,1
79,4,0,0,3,0,1,1,4.5227,2,60,0,0,1
82,4,1,0,3,0,1,1,4.4097,2,62,0,0,1
81,4,0,0,3,0,1,1,4.3458,2,62,0,0,1
57,4,0,1,2,0,0,1,4.714,1,12,0,0,1
80,4,0,0,3,0,1,1,4.5093,2,61,0,0,1
28,1,0,0,0,0,0,1,4.1106,1,11,1,0,1
59,4,0,1,2,0,0,1,4.6855,1,14,0,0,1
26,1,0,0,0,0,0,1,4.027,1,7,1,0,1
73,3,0,0,0,1,1,1,4.328,2,29,0,0,1
81,4,0,0,3,0,1,1,4.4508,2,62,0,0,1
72,3,0,0,0,1,1,1,4.3659,2,28,0,0,1
59,4,0,1,2,0,0,1,4.7405,1,14,0,0,1
69,3,0,0,0,1,1,1,4.5074,2,25,0,0,1
27,1,0,0,0,0,0,1,4.1805,1,8,1,0,1
75,3,0,0,0,1,1,1,4.2586,2,33,0,0,1
26,1,0,0,0,0,0,1,3.998,1,7,1,0,1
59,4,0,1,2,0,0,1,4.6983,1,14,0,0,1
80,4,0,0,3,0,1,1,4.4334,2,61,0,0,1
76,3,0,0,0,1,1,1,4.2752,2,32,0,0,1
58,4,0,1,2,0,0,1,4.7239,1,13,0,0,1
82,4,0,0,3,0,1,1,4.4068,2,63,0,0,1
80,4,0,0,3,0,1,1,4.3703,2,61,0,0,1
74,4,0,0,3,0,1,1,4.433,2,55,0,0,1
80,4,0,0,3,0,1,1,4.4334,2,61,0,0,1
25,1,0,0,0,0,0,1,3.9435,1,7,1,0,1
81,4,1,0,3,0,1,1,4.3597,2,61,0,0,1
75,3,0,0,0,1,1,1,4.1944,2,31,0,0,1
79,4,0,0,3,0,1,1,4.4068,2,60,0,0,1
25,1,0,0,0,0,0,1,4.0235,1,7,1,0,1
80,4,1,0,3,0,1,1,4.4693,2,60,0,0,1
25,1,0,0,0,0,0,1,3.8137,1,7,1,0,1
59,4,0,1,2,0,0,1,4.617,1,14,0,0,1
59,4,0,1,2,0,0,1,4.7194,1,14,0,0,1
81,4,0,0,3,0,1,1,4.4635,2,62,0,0,1
23,1,0,0,0,0,0,1,3.7623,1,4,1,0,1
79,4,0,0,3,0,1,1,4.4625,2,60,0,0,1
24,1,0,0,0,0,0,1,4.0221,1,5,1,0,1
56,4,0,1,2,0,0,1,4.5836,1,11,0,0,1
80,4,0,0,3,0,1,1,4.3971,2,61,0,0,1
80,4,0,0,3,0,1,1,4.3968,2,61,0,0,1
72,3,0,0,0,1,1,1,4.4008,2,30,0,0,1
59,4,0,1,2,0,0,1,4.6644,1,14,0,0,1
71,3,0,0,0,1,1,1,4.4025,2,29,0,0,1
72,3,0,0,0,1,1,1,4.3659,2,30,0,0,0
75,3,0,0,0,1,1,1,4.3977,2,31,0,0,1
21,1,0,0,0,0,0,1,3.9754,1,4,1,0,1
26,1,0,0,0,0,0,1,4.2099,1,7,1,0,1
23,1,0,0,0,0,0,1,4.056,1,5,1,0,1
80,4,0,0,3,0,1,1,4.48,2,61,0,0,1
81,4,0,0,3,0,1,1,4.3343,2,62,0,0,1
69,3,0,0,0,1,1,1,4.536,2,25,0,0,1
74,3,0,0,0,1,1,1,4.4377,2,30,0,0,1
81,4,0,0,3,0,1,1,4.3809,2,62,0,0,1
82,4,1,0,3,0,1,1,4.4097,2,62,0,0,1
59,4,0,1,2,0,0,1,4.5959,1,14,0,0,1
23,1,0,0,0,0,0,1,4.056,1,5,1,0,1
59,4,0,1,2,0,0,1,4.7678,1,14,0,0,1
59,4,0,1,2,0,0,1,4.7322,1,14,0,0,1
63,3,0,0,0,1,1,1,4.4079,2,25,0,0,1
67,3,0,0,0,1,1,1,4.4055,2,29,0,0,1
76,4,1,0,3,0,1,1,4.2959,2,56,0,0,1
28,1,0,0,0,0,0,1,3.9408,1,8,1,0,1
23,1,0,0,0,0,0,1,3.9362,1,4,1,0,1
83,4,1,0,3,0,1,1,4.4087,2,63,0,0,1
76,4,1,0,3,0,1,1,4.3668,2,56,0,0,1
58,4,0,1,2,0,0,1,4.6075,1,13,0,0,1
81,4,1,0,3,0,1,1,4.3984,2,61,0,0,0
77,4,1,0,3,0,1,1,4.3277,2,57,0,0,1
56,4,0,1,2,0,0,1,4.7177,1,11,0,0,1
75,4,1,0,3,0,1,1,4.3489,2,55,0,0,1
74,4,0,0,3,0,1,1,4.348,2,55,0,0,1
29,1,0,0,0,0,0,1,4.2542,1,10,1,0,1
71,3,0,0,0,1,1,1,4.4151,2,29,0,0,1
81,4,1,0,3,0,1,1,4.4279,2,61,0,0,1
57,4,0,1,2,0,0,1,4.7624,1,12,0,0,1
69,3,0,0,0,1,1,1,4.4866,2,25,0,0,1
75,4,0,0,3,0,1,1,4.4354,2,56,0,0,1
79,4,0,0,3,0,1,1,4.3969,2,60,0,0,1
74,3,0,0,0,1,1,1,4.4067,2,30,0,0,1
80,4,0,0,3,0,1,1,4.3968,2,61,0,0,1
24,1,0,0,0,0,0,1,4.1368,1,7,1,0,1
81,4,1,0,3,0,1,1,4.3984,2,61,0,0,1
80,4,1,0,3,0,1,1,4.4999,2,60,0,0,1
57,4,0,1,2,0,0,1,4.6289,1,12,0,0,1
58,4,0,1,2,0,0,1,4.7324,1,13,0,0,1
74,3,0,0,0,1,1,1,4.2881,2,32,0,0,1
79,4,0,0,3,0,1,1,4.3355,2,60,0,0,1
23,1,0,0,0,0,0,1,4.1429,1,4,1,0,1
27,1,0,0,0,0,0,1,4.1805,2,7,1,0,1
29,1,0,0,0,0,0,1,4.2802,1,11,1,0,1
81,4,0,0,3,0,1,1,4.402,2,62,0,0,1
80,4,0,0,3,0,1,1,4.3971,2,61,0,0,1
71,3,0,0,0,1,1,1,4.3499,2,27,0,0,1
81,4,0,0,3,0,1,1,4.4418,2,62,0,0,1
58,4,0,1,2,0,0,1,4.75,1,13,0,0,1
82,4,1,0,3,0,1,1,4.3869,2,62,0,0,1
82,4,0,0,3,0,1,1,4.3978,2,63,0,0,1
23,1,0,0,0,0,0,1,3.969,1,5,1,0,1
79,4,0,0,3,0,1,1,4.462,2,60,0,0,1
68,3,0,0,0,1,1,1,4.3562,2,25,0,0,0
30,1,0,0,0,0,0,1,4.1899,1,11,1,0,1
81,4,1,0,3,0,1,1,4.2849,2,61,0,0,1
72,3,0,0,0,1,1,1,4.4238,2,28,0,0,1
67,3,0,0,0,1,1,1,4.4568,2,23,0,0,0
59,4,0,1,2,0,0,1,4.7194,1,14,0,0,1
59,4,0,1,2,0,0,1,4.7678,1,14,0,0,1
82,4,1,0,3,0,1,1,4.3503,2,62,0,0,1
29,1,0,0,0,0,0,1,4.2542,1,7,1,0,1
29,1,0,0,0,0,0,1,4.1852,1,11,1,0,1
24,1,0,0,0,0,0,1,4.1368,1,5,1,0,1
78,4,0,0,3,0,1,1,4.3188,2,59,0,0,1
79,4,0,0,3,0,1,1,4.2857,2,60,0,0,1
59,4,0,1,2,0,0,1,4.5575,1,14,0,0,1
56,4,0,1,2,0,0,1,4.6685,1,11,0,0,1
81,4,0,0,3,0,1,1,4.4619,2,62,0,0,1
24,1,0,0,0,0,0,1,4.2202,1,5,1,0,1
25,1,0,0,0,0,0,1,3.9737,2,7,1,0,1
75,4,0,0,3,0,1,1,4.4455,2,56,0,0,1
76,4,1,0,3,0,1,1,4.3405,2,56,0,0,1
82,4,0,0,3,0,1,1,4.3779,2,63,0,0,0
84,4,1,0,3,0,1,1,4.3502,2,64,0,0,1
26,1,0,0,0,0,0,1,4.1808,1,7,1,0,1
57,4,0,1,2,0,0,1,4.7226,1,12,0,0,1
26,1,0,0,0,0,0,1,4.027,1,8,1,0,1
23,1,0,0,0,0,0,1,3.7623,1,4,1,0,1
57,4,0,1,2,0,0,1,4.6421,1,12,0,0,1
80,4,0,0,3,0,1,1,4.29,2,61,0,0,1
58,4,0,1,2,0,0,1,4.6764,1,13,0,0,1
75,3,0,0,0,1,1,1,4.5092,2,31,0,0,1
24,1,0,0,0,0,0,1,4.0221,1,5,1,0,1
75,3,0,0,0,1,1,1,4.4039,2,33,0,0,1
75,3,0,0,0,1,1,1,4.3295,2,32,0,0,1
25,1,0,0,0,0,0,1,4.0235,1,7,1,0,1
81,4,0,0,3,0,1,1,4.4748,2,62,0,0,1
57,4,0,1,2,0,0,1,4.771,1,12,0,0,1
59,4,0,1,2,0,0,1,4.6855,1,14,0,0,1
82,4,0,0,3,0,1,1,4.3565,2,63,0,0,1
69,3,0,0,0,1,1,1,4.224,2,27,0,0,1
83,4,1,0,3,0,1,1,4.359,2,63,0,0,1
82,4,0,0,3,0,1,1,4.3978,2,63,0,0,1
82,4,1,0,3,0,1,1,4.3981,2,62,0,0,1
74,3,0,0,0,1,1,1,4.4443,2,30,0,0,1
58,4,0,1,2,0,0,1,4.7025,1,13,0,0,1
74,3,0,0,0,1,1,1,4.3224,2,32,0,0,1
81,4,0,0,3,0,1,1,4.44,2,62,0,0,1
84,4,1,0,3,0,1,1,4.3502,2,64,0,0,1
74,4,1,0,3,0,1,1,4.3364,2,54,0,0,1
80,4,0,0,3,0,1,1,4.4334,2,61,0,0,1
81,4,1,0,3,0,1,1,4.5038,2,61,0,0,1
23,1,0,0,0,0,0,1,3.9362,1,5,1,0,1
59,4,0,1,2,0,0,1,4.7128,1,14,0,0,1
29,1,0,0,0,0,0,1,4.2542,1,11,1,0,1
27,1,0,0,0,0,0,1,4.1805,1,5,1,0,1
76,3,0,0,0,1,1,1,4.3681,2,32,0,0,1
59,4,0,1,2,0,0,1,4.7678,1,14,0,0,1
84,4,1,0,3,0,1,1,4.3502,2,64,0,0,1
56,4,0,1,2,0,0,1,4.8114,1,11,0,0,1
74,4,0,0,3,0,1,1,4.348,2,55,0,0,1
82,4,1,0,3,0,1,1,4.3503,2,62,0,0,1
69,3,0,0,0,1,1,1,4.4866,2,31,0,0,1
29,1,0,0,0,0,0,1,4.0868,1,7,1,0,1
66,3,0,0,0,1,1,1,4.3686,2,28,0,0,1
78,4,1,0,3,0,1,1,4.29,2,58,0,0,1
25,1,0,0,0,0,0,1,4.1035,1,6,1,0,1
81,4,1,0,3,0,1,1,4.2602,2,61,0,0,1
60,4,0,1,2,0,0,1,4.6647,1,15,0,0,1
81,4,0,0,3,0,1,1,4.4056,2,62,0,0,1
71,3,0,0,0,1,1,1,4.2721,2,29,0,0,1
77,4,0,0,3,0,1,1,4.4667,2,58,0,0,1
71,3,0,0,0,1,1,1,4.3479,2,29,0,0,1
79,4,0,0,3,0,1,1,4.354,2,60,0,0,1
82,4,0,0,3,0,1,1,4.3978,2,63,0,0,1
72,3,0,0,0,1,1,1,4.3659,2,28,0,0,1
59,4,0,1,2,0,0,1,4.6744,1,14,0,0,1
26,1,0,0,0,0,0,1,4.1808,1,4,1,0,1
81,4,0,0,3,0,1,1,4.4508,2,62,0,0,1
21,1,0,0,0,0,0,1,3.8442,1,5,1,0,1
82,4,0,0,3,0,1,1,4.3978,2,63,0,0,1
56,4,0,1,2,0,0,1,4.7757,1,11,0,0,0
69,3,0,0,0,1,1,1,4.5074,2,25,0,0,1
58,4,0,1,2,0,0,1,4.5565,1,13,0,0,1
83,4,1,0,3,0,1,1,4.3758,2,63,0,0,1
73,3,0,0,0,1,1,1,4.3962,2,29,0,0,1
79,4,0,0,3,0,1,1,4.3595,2,60,0,0,1
81,4,1,0,3,0,1,1,4.5156,2,61,0,0,0
58,4,0,1,2,0,0,1,4.7669,1,13,0,0,1
23,1,0,0,0,0,0,1,4.056,1,4,1,0,1
29,1,0,0,0,0,0,1,4.2542,1,11,1,0,1
21,1,0,0,0,0,0,1,3.8442,1,5,1,0,1
79,4,0,0,3,0,1,1,4.4935,2,60,0,0,1
71,3,0,0,0,1,1,1,4.201,2,29,0,0,1
71,3,0,0,0,1,1,1,4.312,2,28,0,0,1
72,3,0,0,0,1,1,1,4.5782,2,28,0,0,1
80,4,1,0,3,0,1,1,4.5537,2,60,0,0,1
79,4,0,0,3,0,1,1,4.524,2,60,0,0,1
81,4,0,0,3,0,1,1,4.4056,2,62,0,0,1
58,4,0,1,2,0,0,1,4.7324,1,13,0,0,1
82,4,1,0,3,0,1,1,4.3503,2,62,0,0,1
75,4,0,0,3,0,1,1,4.3658,2,56,0,0,1
82,4,1,0,3,0,1,1,4.3577,2,62,0,0,1
30,1,0,0,0,0,0,1,4.1899,1,10,1,0,1
81,4,1,0,3,0,1,1,4.4947,2,61,0,0,1
80,4,0,0,3,0,1,1,4.4187,2,61,0,0,1
75,4,0,0,3,0,1,1,4.3658,2,56,0,0,1
25,1,0,0,0,0,0,1,4.0537,1,6,1,0,1
20,1,0,0,0,0,0,1,3.5842,1,4,1,0,1
59,4,0,1,2,0,0,1,4.7405,1,14,0,0,1
59,4,0,1,2,0,0,1,4.7678,1,14,0,0,1
80,4,1,0,3,0,1,1,4.4991,2,60,0,0,1
76,3,0,0,0,1,1,1,4.3681,2,32,0,0,1
79,4,1,0,3,0,1,1,4.3944,2,59,0,0,1
83,4,0,0,3,0,1,1,4.3233,2,64,0,0,1
81,4,1,0,3,0,1,1,4.5038,2,61,0,0,1
70,3,0,0,0,1,1,1,4.411,2,28,0,0,1
71,3,0,0,0,1,1,1,4.3499,2,27,0,0,1
79,4,0,0,3,0,1,1,4.3595,2,60,0,0,1
27,1,0,0,0,0,0,1,4.0603,1,8,1,0,1
76,4,0,0,3,0,1,1,4.3308,2,57,0,0,1
72,3,0,0,0,1,1,1,4.5224,2,28,0,0,1
21,1,0,0,0,0,0,1,3.8442,1,5,1,0,1
73,3,0,0,0,1,1,1,4.3962,2,29,0,0,1
69,3,0,0,0,1,1,1,4.4604,2,25,0,0,1
73,3,0,0,0,1,1,1,4.4496,2,29,0,0,1
27,1,0,0,0,0,0,1,4.0784,1,5,1,0,1
57,4,0,1,2,0,0,1,4.7842,1,12,0,0,1
74,4,0,0,3,0,1,1,4.433,2,55,0,0,0
82,4,0,0,3,0,1,1,4.3779,2,63,0,0,1
26,1,0,0,0,0,0,1,4.1039,1,7,1,0,1
80,4,0,0,3,0,1,1,4.3968,2,61,0,0,1
67,3,0,0,0,1,1,1,4.4128,2,25,0,0,1
58,4,0,1,2,0,0,1,4.8144,1,13,0,0,1
80,4,0,0,3,0,1,1,4.4288,2,61,0,0,1
73,3,0,0,0,1,1,1,4.4014,2,29,0,0,1
72,3,0,0,0,1,1,1,4.3642,2,29,0,0,1
22,1,0,0,0,0,0,1,3.8454,1,4,1,0,1
82,4,0,0,3,0,1,1,4.3535,2,63,0,0,1
81,4,0,0,3,0,1,1,4.3307,2,62,0,0,0
83,4,1,0,3,0,1,1,4.4057,2,63,0,0,1
59,4,0,1,2,0,0,1,4.6744,1,14,0,0,1
80,4,1,0,3,0,1,1,4.4142,2,60,0,0,1
74,3,0,0,0,1,1,1,4.4143,2,30,0,0,1
71,3,0,0,0,1,1,1,4.3451,2,28,0,0,1
79,4,1,0,3,0,1,1,4.5095,2,59,0,0,1
55,4,0,1,2,0,0,1,4.7309,1,10,0,0,1
81,4,0,0,3,0,1,1,4.402,2,62,0,0,1
72,3,0,0,0,1,1,1,4.4008,2,30,0,0,1
69,3,0,0,0,1,1,1,4.4837,2,31,0,0,1
71,3,0,0,0,1,1,1,4.2141,2,29,0,0,1
82,4,1,0,3,0,1,1,4.3577,2,62,0,0,1
25,1,0,0,0,0,0,1,3.8937,1,7,1,0,1
26,1,0,0,0,0,0,1,3.9791,1,4,1,0,1
81,4,0,0,3,0,1,1,4.4096,2,62,0,0,1
73,3,0,0,0,1,1,1,4.5204,2,31,0,0,1
80,4,1,0,3,0,1,1,4.5537,2,60,0,0,1
56,4,0,1,2,0,0,1,4.7757,1,11,0,0,1
27,1,0,0,0,0,0,1,4.1805,1,8,1,0,1
24,1,0,0,0,0,0,1,3.9702,1,7,1,0,1
75,4,0,0,3,0,1,1,4.4354,2,56,0,0,1
24,1,0,0,0,0,0,1,3.9702,1,6,1,0,1
59,4,0,1,2,0,0,1,4.7678,1,14,0,0,1
69,3,0,0,0,1,1,1,4.5074,2,25,0,0,1
29,1,0,0,0,0,0,1,4.1592,1,7,1,0,1
81,4,1,0,3,0,1,1,4.3723,2,61,0,0,0
70,3,0,0,0,1,1,1,4.3385,2,28,0,0,1
59,4,0,1,2,0,0,1,4.7339,1,14,0,0,1
81,4,0,0,3,0,1,1,4.3418,2,62,0,0,1
23,1,0,0,0,0,0,1,4.1101,1,4,1,0,1
75,3,0,0,0,1,1,1,4.4375,2,31,0,0,1
74,3,0,0,0,1,1,1,4.412,2,30,0,0,1
27,1,0,0,0,0,0,1,4.0784,1,5,1,0,1
26,1,0,0,0,0,0,1,4.056,1,8,1,0,1
23,1,0,0,0,0,0,1,3.969,1,5,1,0,1
26,1,0,0,0,0,0,1,3.7343,1,7,1,0,1
77,3,0,0,0,1,1,1,4.1845,2,33,0,0,1
23,1,0,0,0,0,0,1,4.1101,1,4,1,0,1
59,4,0,1,2,0,0,1,4.7806,1,14,0,0,0
75,4,1,0,3,0,1,1,4.4328,2,55,0,0,1
81,4,0,0,3,0,1,1,4.3315,2,62,0,0,1
27,1,0,0,0,0,0,1,3.8101,1,8,1,0,1
57,4,0,1,2,0,0,1,4.7008,1,12,0,0,1
72,3,0,0,0,1,1,1,4.1854,2,29,0,0,1
81,4,0,0,3,0,1,1,4.3554,2,62,0,0,0
67,3,0,0,0,1,1,1,4.38,2,24,0,0,0
75,4,0,0,3,0,1,1,4.3873,2,56,0,0,0
25,1,0,0,0,0,0,1,4.0235,1,7,1,0,1
59,4,0,1,2,0,0,1,4.7533,1,14,0,0,1
81,4,0,0,3,0,1,1,4.3418,2,62,0,0,1
24,1,0,0,0,0,0,1,3.9387,1,5,1,0,1
82,4,0,0,3,0,1,1,4.3734,2,63,0,0,1
81,4,1,0,3,0,1,1,4.2849,2,61,0,0,1
58,4,0,1,2,0,0,1,4.7454,1,13,0,0,0
71,3,0,0,0,1,1,1,4.4316,2,33,0,0,1
70,3,0,0,0,1,1,1,4.4214,2,28,0,0,1
81,4,0,0,3,0,1,1,4.3825,2,62,0,0,1
79,4,0,0,3,0,1,1,4.354,2,60,0,0,1
81,4,1,0,3,0,1,1,4.3723,2,61,0,0,1
80,4,1,0,3,0,1,1,4.3614,2,60,0,0,1
79,4,0,0,3,0,1,1,4.4625,2,60,0,0,0
76,3,0,0,0,1,1,1,4.4262,2,32,0,0,1
74,3,0,0,0,1,1,1,4.4143,2,30,0,0,1
77,4,1,0,3,0,1,1,4.3277,2,57,0,0,1
24,1,0,0,0,0,0,1,4.2202,1,5,1,0,1
75,3,0,0,0,1,1,1,4.3977,2,31,0,0,0
56,4,0,1,2,0,0,1,4.7534,1,11,0,0,1
25,1,0,0,0,0,0,1,3.9933,1,7,1,0,1
75,3,0,0,0,1,1,1,4.3386,2,31,0,0,1
57,4,0,1,2,0,0,1,4.6507,1,12,0,0,1
22,1,0,0,0,0,0,1,3.7888,1,4,1,0,1
65,3,0,0,0,1,1,1,4.3459,2,27,0,0,1
75,3,0,0,0,1,1,1,4.4339,2,31,0,0,1
79,4,0,0,3,0,1,1,4.5227,2,60,0,0,1
80,4,1,0,3,0,1,1,4.5142,2,60,0,0,1
82,4,1,0,3,0,1,1,4.3297,2,62,0,0,1
58,4,0,1,2,0,0,1,4.6402,1,13,0,0,1
78,4,0,0,3,0,1,1,4.4865,2,59,0,0,0
59,4,0,1,2,0,0,1,4.7339,1,14,0,0,1
22,1,0,0,0,0,0,1,4.0615,1,5,1,0,1
66,3,0,0,0,1,1,1,4.4208,2,24,0,0,1
58,4,0,1,2,0,0,1,4.8144,1,13,0,0,1
57,4,0,1,2,0,0,1,4.8458,1,12,0,0,1
23,1,0,0,0,0,0,1,4.0231,1,4,1,0,1
81,4,0,0,3,0,1,1,4.3343,2,62,0,0,1
27,1,0,0,0,0,0,1,4.1064,1,8,1,0,1
58,4,0,1,2,0,0,1,4.737,1,13,0,0,0
57,4,0,1,2,0,0,1,4.7273,1,12,0,0,1
58,4,0,1,2,0,0,1,4.7307,1,13,0,0,1
22,1,0,0,0,0,0,1,3.9706,1,4,1,0,1
72,3,0,0,0,1,1,1,4.5782,2,30,0,0,0
75,3,0,0,0,1,1,1,4.3405,2,31,0,0,1
26,1,0,0,0,0,0,1,4.1329,1,7,1,0,1
59,4,0,1,2,0,0,1,4.7806,1,14,0,0,1
28,1,0,0,0,0,0,1,4.0836,1,10,1,0,1
79,4,0,0,3,0,1,1,4.3814,2,60,0,0,1
80,4,0,0,3,0,1,1,4.29,2,61,0,0,0
72,3,0,0,0,1,1,1,4.3659,2,30,0,0,1
80,4,0,0,3,0,1,1,4.5093,2,61,0,0,1
81,4,1,0,3,0,1,1,4.2849,2,61,0,0,1
81,4,1,0,3,0,1,1,4.4279,2,61,0,0,1
71,3,0,0,0,1,1,1,4.3451,2,28,0,0,1
74,3,0,0,0,1,1,1,4.3368,2,30,0,0,1
71,3,0,0,0,1,1,1,4.3451,2,28,0,0,1
79,4,1,0,3,0,1,1,4.4928,2,59,0,0,1
56,4,0,1,2,0,0,1,4.7669,1,11,0,0,1
22,1,0,0,0,0,0,1,3.5726,1,4,1,0,1
28,1,0,0,0,0,0,1,4.182,1,10,1,0,1
23,1,0,0,0,0,0,1,4.056,1,4,1,0,1
70,3,0,0,0,1,1,1,4.5535,2,28,0,0,1
60,4,0,1,2,0,0,1,4.8232,1,15,0,0,1
24,1,0,0,0,0,0,1,3.9387,2,7,1,0,1
22,1,0,0,0,0,0,1,4.1524,1,5,1,0,1
60,4,0,1,2,0,0,1,4.6838,1,15,0,0,1
81,4,0,0,3,0,1,1,4.4748,2,62,0,0,1
74,4,1,0,3,0,1,1,4.3364,2,54,0,0,1
80,4,1,0,3,0,1,1,4.53,2,60,0,0,1
80,4,0,0,3,0,1,1,4.48,2,61,0,0,1
81,4,1,0,3,0,1,1,4.4541,2,61,0,0,1
80,4,0,0,3,0,1,1,4.4782,2,61,0,0,1
21,1,0,0,0,0,0,1,3.749,1,5,1,0,1
73,3,0,0,0,1,1,1,4.4737,2,31,0,0,1
22,1,0,0,0,0,0,1,3.8454,1,4,1,0,1
73,3,0,0,0,1,1,1,4.4142,2,29,0,0,1
23,1,0,0,0,0,0,1,3.8492,1,4,1,0,1
80,4,0,0,3,0,1,1,4.29,2,61,0,0,1
20,1,0,0,0,0,0,1,3.7464,1,4,1,0,1
30,1,0,0,0,0,0,1,4.2566,1,11,1,0,0
81,4,1,0,3,0,1,1,4.4355,2,61,0,0,0
78,4,0,0,3,0,1,1,4.4865,2,59,0,0,1
80,4,1,0,3,0,1,1,4.2803,2,60,0,0,0
72,3,0,0,0,1,1,1,4.3659,2,30,0,0,1
57,4,0,1,2,0,0,1,4.8061,1,12,0,0,1
75,3,0,0,0,1,1,1,4.4309,2,31,0,0,1
57,4,0,1,2,0,0,1,4.7008,1,12,0,0,1
81,4,0,0,3,0,1,1,4.4149,2,62,0,0,1
26,1,0,0,0,0,0,1,3.9791,1,8,1,0,1
79,4,0,0,3,0,1,1,4.4367,2,60,0,0,1
22,1,0,0,0,0,0,1,3.7544,1,6,1,0,1
20,1,0,0,0,0,0,1,3.7464,1,4,1,0,1
28,1,0,0,0,0,0,1,4.2534,1,10,1,0,1
80,4,0,0,3,0,1,1,4.4334,2,61,0,0,1
77,3,0,0,0,1,1,1,4.3003,2,33,0,0,1
26,1,0,0,0,0,0,1,4.2868,1,7,1,0,1
84,4,1,0,3,0,1,1,4.3667,2,64,0,0,1
80,4,0,0,3,0,1,1,4.4974,2,61,0,0,1
58,4,0,1,2,0,0,1,4.7454,1,13,0,0,1
26,1,0,0,0,0,0,1,4.056,1,7,1,0,1
58,4,0,1,2,0,0,1,4.642,1,13,0,0,1
33,1,0,0,0,0,0,1,4.162,1,11,1,0,1
80,4,0,0,3,0,1,1,4.4974,2,61,0,0,1
80,4,0,0,3,0,1,1,4.3937,2,61,0,0,1
24,1,0,0,0,0,0,1,4.1368,1,5,1,0,1
71,3,0,0,0,1,1,1,4.3499,2,29,0,0,1
82,4,1,0,3,0,1,1,4.4413,2,62,0,0,1
82,4,1,0,3,0,1,1,4.4073,2,62,0,0,1
80,4,1,0,3,0,1,1,4.3514,2,60,0,0,1
82,4,1,0,3,0,1,1,4.4689,2,62,0,0,0
73,3,0,0,0,1,1,1,4.4429,2,31,0,0,1
57,4,0,1,2,0,0,1,4.7975,1,12,0,0,1
79,4,0,0,3,0,1,1,4.524,2,60,0,0,1
79,4,1,0,3,0,1,1,4.4928,2,59,0,0,1
81,4,0,0,3,0,1,1,4.4056,2,62,0,0,1
30,1,0,0,0,0,0,1,3.7111,1,11,1,0,1
76,4,1,0,3,0,1,1,4.3668,2,56,0,0,1
57,4,0,1,2,0,0,1,4.7624,1,12,0,0,1
22,1,0,0,0,0,0,1,3.8454,1,4,1,0,1
57,4,0,1,2,0,0,1,4.714,1,12,0,0,1
78,4,0,0,3,0,1,1,4.3978,2,59,0,0,0
58,4,0,1,2,0,0,1,4.6747,1,13,0,0,1
24,1,0,0,0,0,0,1,3.9073,1,5,1,0,1
21,1,0,0,0,0,0,1,3.749,1,5,1,0,1
69,3,0,0,0,1,1,1,4.5074,2,31,0,0,1
80,4,0,0,3,0,1,1,4.4205,2,61,0,0,1
57,4,0,1,2,0,0,1,4.714,1,12,0,0,1
59,4,0,1,2,0,0,1,4.7761,1,14,0,0,1
81,4,0,0,3,0,1,1,4.3418,2,62,0,0,1
58,4,0,1,2,0,0,1,4.737,1,13,0,0,1
75,3,0,0,0,1,1,1,4.2586,2,33,0,0,1
25,1,0,0,0,0,0,1,3.9737,1,7,1,0,1
70,3,0,0,0,1,1,1,4.4542,2,32,0,0,1
79,4,0,0,3,0,1,1,4.2857,2,60,0,0,1
80,4,1,0,3,0,1,1,4.3614,2,60,0,0,1
60,4,0,1,2,0,0,1,4.7172,1,15,0,0,1
83,4,0,0,3,0,1,1,4.3352,2,64,0,0,1
81,4,0,0,3,0,1,1,4.3554,2,62,0,0,1
69,3,0,0,0,1,1,1,4.4011,2,27,0,0,1
74,4,0,0,3,0,1,1,4.433,2,55,0,0,1
76,3,0,0,0,1,1,1,4.2545,2,32,0,0,1
72,3,0,0,0,1,1,1,4.4036,2,30,0,0,1
59,4,0,1,2,0,0,1,4.7678,1,14,0,0,1
68,3,0,0,0,1,1,1,4.4108,2,30,0,0,1
23,1,0,0,0,0,0,1,4.056,1,5,1,0,1
74,3,0,0,0,1,1,1,4.4077,2,30,0,0,1
79,4,1,0,3,0,1,1,4.4006,2,59,0,0,1
60,4,0,1,2,0,0,1,4.7964,1,15,0,0,1
58,4,0,1,2,0,0,1,4.6265,1,13,0,0,1
23,1,0,0,0,0,0,1,3.8164,1,4,1,0,1
80,4,0,0,3,0,1,1,4.48,2,61,0,0,1
59,4,0,1,2,0,0,1,4.6872,1,14,0,0,1
80,4,0,0,3,0,1,1,4.4532,2,61,0,0,1
77,4,0,0,3,0,1,1,4.2924,2,58,0,0,1
57,4,0,1,2,0,0,1,4.8193,1,12,0,0,1
24,1,0,0,0,0,0,1,3.9702,1,5,1,0,1
30,1,0,0,0,0,0,1,4.1232,1,11,1,0,1
79,4,0,0,3,0,1,1,4.548,2,60,0,0,1
83,4,1,0,3,0,1,1,4.3758,2,63,0,0,1
57,4,0,1,2,0,0,1,4.7842,1,12,0,0,1
59,4,0,1,2,0,0,1,4.6381,1,14,0,0,1
58,4,0,1,2,0,0,1,4.7799,1,13,0,0,1
82,4,0,0,3,0,1,1,4.4068,2,63,0,0,1
22,1,0,0,0,0,0,1,4.0615,1,4,1,0,1
76,3,0,0,0,1,1,1,4.4262,2,32,0,0,1
22,1,0,0,0,0,0,1,3.7888,1,4,1,0,1
68,3,0,0,0,1,1,1,4.3562,2,25,0,0,0
26,1,0,0,0,0,0,1,4.027,1,8,1,0,1
25,1,0,0,0,0,0,1,4.1035,1,7,1,0,1
58,4,0,1,2,0,0,1,4.7799,1,13,0,0,1
76,4,1,0,3,0,1,1,4.388,2,56,0,0,1
55,4,0,1,2,0,0,1,4.6218,1,10,0,0,1
79,4,0,0,3,0,1,1,4.4625,2,60,0,0,1
33,1,0,0,0,0,0,1,4.2942,1,11,1,0,1
81,4,0,0,3,0,1,1,4.4508,2,62,0,0,1
74,3,0,0,0,1,1,1,4.2881,2,31,0,0,1
80,4,1,0,3,0,1,1,4.4626,2,60,0,0,1
57,4,0,1,2,0,0,1,4.6858,1,12,0,0,1
79,4,0,0,3,0,1,1,4.3306,2,60,0,0,1
59,4,0,1,2,0,0,1,4.6533,1,14,0,0,1
24,1,0,0,0,0,0,1,3.9387,1,6,1,0,1
80,4,1,0,3,0,1,1,4.4626,2,60,0,0,1
79,4,0,0,3,0,1,1,4.4935,2,60,0,0,1
22,1,0,0,0,0,0,1,3.8454,1,4,1,0,1
71,3,0,0,0,1,1,1,4.1922,2,28,0,0,1
25,1,0,0,0,0,0,1,4.0235,1,8,1,0,1
69,3,0,0,0,1,1,1,4.4011,2,27,0,0,1
59,4,0,1,2,0,0,1,4.7934,1,14,0,0,1
80,4,0,0,3,0,1,1,4.4288,2,61,0,0,1
80,4,0,0,3,0,1,1,4.4782,2,61,0,0,0
25,1,0,0,0,0,0,1,3.9737,1,7,1,0,1
67,3,0,0,0,1,1,1,4.3364,2,24,0,0,1
81,4,1,0,3,0,1,1,4.3723,2,61,0,0,1
72,3,0,0,0,1,1,1,4.4716,2,30,0,0,1
70,3,0,0,0,1,1,1,4.4175,2,26,0,0,1
79,4,1,0,3,0,1,1,4.3944,2,59,0,0,1
75,4,0,0,3,0,1,1,4.3873,2,56,0,0,1
24,1,0,0,0,0,0,1,4.2202,1,5,1,0,1
67,3,0,0,0,1,1,1,4.4637,2,24,0,0,1
57,4,0,1,2,0,0,1,4.7842,1,12,0,0,1
56,4,0,1,2,0,0,1,4.6955,1,11,0,0,0
58,4,0,1,2,0,0,1,4.8144,1,13,0,0,1
59,4,0,1,2,0,0,1,4.6789,1,14,0,0,1
80,4,0,0,3,0,1,1,4.4334,2,61,0,0,1
56,4,0,1,2,0,0,1,4.7534,1,11,0,0,1
72,3,0,0,0,1,1,1,4.4391,2,30,0,0,1
80,4,0,0,3,0,1,1,4.48,2,61,0,0,1
79,4,0,0,3,0,1,1,4.4935,2,60,0,0,1
78,4,0,0,3,0,1,1,4.5034,2,59,0,0,1
72,3,0,0,0,1,1,1,4.3791,2,28,0,0,1
60,4,0,1,2,0,0,1,4.7188,1,15,0,0,1
81,4,0,0,3,0,1,1,4.3844,2,62,0,0,1
69,3,0,0,0,1,1,1,4.3597,2,31,0,0,0
25,1,0,0,0,0,0,1,3.9435,1,7,1,0,1
25,1,0,0,0,0,0,1,4.0537,1,6,1,0,1
59,4,0,1,2,0,0,1,4.6789,1,14,0,0,1
72,3,0,0,0,1,1,1,4.2968,2,30,0,0,0
57,4,0,1,2,0,0,1,4.7008,1,12,0,0,1
67,3,0,0,0,1,1,1,4.474,2,29,0,0,1
73,3,0,0,0,1,1,1,4.4519,2,30,0,0,1
75,3,0,0,0,1,1,1,4.4244,2,31,0,0,1
78,4,1,0,3,0,1,1,4.29,2,58,0,0,1
82,4,0,0,3,0,1,1,4.3779,2,63,0,0,1
59,4,0,1,2,0,0,1,4.7678,1,14,0,0,1
78,4,1,0,3,0,1,1,4.2644,2,58,0,0,1
59,4,0,1,2,0,0,1,4.6938,1,14,0,0,1
74,4,0,0,3,0,1,1,4.433,2,55,0,0,1
56,4,0,1,2,0,0,1,4.7534,1,11,0,0,1
23,1,0,0,0,0,0,1,3.8492,1,5,1,0,1
67,3,0,0,0,1,1,1,4.4481,2,29,0,0,1
73,3,0,0,0,1,1,1,4.3477,2,31,0,0,1
58,4,0,1,2,0,0,1,4.8144,1,13,0,0,1
80,4,1,0,3,0,1,1,4.4142,2,60,0,0,1
24,1,0,0,0,0,0,1,4.1054,1,6,1,0,1
58,4,0,1,2,0,0,1,4.7669,1,13,0,0,1
57,4,0,1,2,0,0,1,4.7756,1,12,0,0,1
58,4,0,1,2,0,0,1,4.7239,1,13,0,0,1
75,4,0,0,3,0,1,1,4.4455,2,56,0,0,1
78,4,0,0,3,0,1,1,4.4141,2,59,0,0,1
22,1,0,0,0,0,0,1,3.7544,1,4,1,0,1
58,4,0,1,2,0,0,1,4.7584,1,13,0,0,1
82,4,1,0,3,0,1,1,4.458,2,62,0,0,1
80,4,0,0,3,0,1,1,4.4334,2,61,0,0,1
74,3,0,0,0,1,1,1,4.4377,2,31,0,0,1
83,4,1,0,3,0,1,1,4.359,2,63,0,0,1
75,4,0,0,3,0,1,1,4.4354,2,56,0,0,1
26,1,0,0,0,0,0,1,3.921,2,7,1,0,1
81,4,0,0,3,0,1,1,4.3343,2,62,0,0,1
59,4,0,1,2,0,0,1,4.7211,1,14,0,0,1
80,4,1,0,3,0,1,1,4.3331,2,60,0,0,1
29,1,0,0,0,0,0,1,4.2542,1,11,1,0,1
81,4,1,0,3,0,1,1,4.4947,2,61,0,0,1
81,4,0,0,3,0,1,1,4.4149,2,62,0,0,1
80,4,0,0,3,0,1,1,4.4221,2,61,0,0,1
60,4,0,1,2,0,0,1,4.7106,1,15,0,0,1
58,4,0,1,2,0,0,1,4.8059,1,13,0,0,1
68,3,0,0,0,1,1,1,4.3784,2,25,0,0,1
57,4,0,1,2,0,0,1,4.7842,1,12,0,0,1
67,3,0,0,0,1,1,1,4.4481,2,25,0,0,1
81,4,1,0,3,0,1,1,4.4261,2,61,0,0,1
81,4,1,0,3,0,1,1,4.4406,2,61,0,0,1
59,4,0,1,2,0,0,1,4.7211,1,14,0,0,1
82,4,1,0,3,0,1,1,4.458,2,62,0,0,1
24,1,0,0,0,0,0,1,3.7721,1,6,1,0,1
81,4,0,0,3,0,1,1,4.3937,2,62,0,0,1
81,4,1,0,3,0,1,1,4.5038,2,61,0,0,1
26,1,0,0,0,0,0,1,3.9501,2,7,1,0,1
29,1,0,0,0,0,0,1,3.9228,1,11,1,0,1
25,1,0,0,0,0,0,1,3.9435,1,7,1,0,1
81,4,1,0,3,0,1,1,4.4622,2,61,0,0,1
72,3,0,0,0,1,1,1,4.4286,2,30,0,0,1
80,4,1,0,3,0,1,1,4.5142,2,60,0,0,1
78,4,0,0,3,0,1,1,4.5034,2,59,0,0,1
25,1,0,0,0,0,0,1,4.0235,1,6,1,0,1
24,1,0,0,0,0,0,1,4.0221,1,6,1,0,1
58,4,0,1,2,0,0,1,4.7714,1,13,0,0,1
78,4,0,0,3,0,1,1,4.4141,2,59,0,0,1
22,1,0,0,0,0,0,1,4.1524,1,5,1,0,1
23,1,0,0,0,0,0,1,3.7623,1,5,1,0,1
73,3,0,0,0,1,1,1,4.4005,2,29,0,0,1
21,1,0,0,0,0,0,1,3.9754,1,4,1,0,1
78,4,1,0,3,0,1,1,4.4731,2,58,0,0,0
81,4,1,0,3,0,1,1,4.4261,2,61,0,0,1
59,4,0,1,2,0,0,1,4.5777,1,14,0,0,1
80,4,1,0,3,0,1,1,4.4002,2,60,0,0,1
72,3,0,0,0,1,1,1,4.3791,2,30,0,0,1
74,3,0,0,0,1,1,1,4.412,2,30,0,0,1
59,4,0,1,2,0,0,1,4.7405,1,14,0,0,1
82,4,1,0,3,0,1,1,4.3297,2,62,0,0,1
23,1,0,0,0,0,0,1,3.6753,1,5,1,0,1
81,4,0,0,3,0,1,1,4.3844,2,62,0,0,1
59,4,0,1,2,0,0,1,4.7211,1,14,0,0,1
79,4,0,0,3,0,1,1,4.462,2,60,0,0,1
81,4,0,0,3,0,1,1,4.3554,2,62,0,0,1
79,4,0,0,3,0,1,1,4.524,2,60,0,0,1
59,4,0,1,2,0,0,1,4.7934,1,14,0,0,1
58,4,0,1,2,0,0,1,4.7454,1,13,0,0,1
82,4,0,0,3,0,1,1,4.3321,2,63,0,0,1
75,4,0,0,3,0,1,1,4.4354,2,56,0,0,1
59,4,0,1,2,0,0,1,4.7,1,14,0,0,1
80,4,1,0,3,0,1,1,4.3614,2,60,0,0,1
81,4,1,0,3,0,1,1,4.3597,2,61,0,0,1
24,1,0,0,0,0,0,1,4.2202,1,5,1,0,1
81,4,1,0,3,0,1,1,4.3597,2,61,0,0,1
30,1,0,0,0,0,0,1,4.2151,1,8,1,0,1
79,4,0,0,3,0,1,1,4.4928,2,60,0,0,1
29,1,0,0,0,0,0,1,4.3232,1,7,1,0,1
74,3,0,0,0,1,1,1,4.4308,2,31,0,0,1
22,1,0,0,0,0,0,1,3.6635,1,6,1,0,1
73,4,0,0,3,0,1,1,4.3356,2,54,0,0,1
57,4,0,1,2,0,0,1,4.714,1,12,0,0,1
22,1,0,0,0,0,0,1,3.9706,1,5,1,0,1
58,4,0,1,2,0,0,1,4.7584,1,13,0,0,0
60,4,0,1,2,0,0,1,4.7981,1,15,0,0,1
78,4,0,0,3,0,1,1,4.4041,2,59,0,0,1
24,1,0,0,0,0,0,1,3.9073,1,5,1,0,1
77,4,0,0,3,0,1,1,4.3563,2,58,0,0,1
74,3,0,0,0,1,1,1,4.2881,2,31,0,0,1
60,4,0,1,2,0,0,1,4.7106,1,15,0,0,1
24,1,0,0,0,0,0,1,3.9073,1,6,1,0,1
75,3,0,0,0,1,1,1,4.4309,2,31,0,0,1
69,3,0,0,0,1,1,1,4.4604,2,25,0,0,1
75,4,0,0,3,0,1,1,4.3256,2,56,0,0,1
57,4,0,1,2,0,0,1,4.7359,1,12,0,0,1
23,1,0,0,0,0,0,1,4.0231,1,4,1,0,1
75,4,0,0,3,0,1,1,4.3256,2,56,0,0,1
26,1,0,0,0,0,0,1,3.9501,1,8,1,0,1
80,4,0,0,3,0,1,1,4.3514,2,61,0,0,0
74,3,0,0,0,1,1,1,4.2881,2,31,0,0,1
79,4,0,0,3,0,1,1,4.2857,2,60,0,0,1
59,4,0,1,2,0,0,1,4.7806,1,14,0,0,1
75,3,0,0,0,1,1,1,4.393,2,31,0,0,1
79,4,0,0,3,0,1,1,4.4068,2,60,0,0,1
74,4,0,0,3,0,1,1,4.406,2,55,0,0,1
81,4,1,0,3,0,1,1,4.3984,2,61,0,0,1
58,4,0,1,2,0,0,1,4.6205,1,13,0,0,1
59,4,0,1,2,0,0,1,4.7083,1,14,0,0,1
81,4,0,0,3,0,1,1,4.4184,2,62,0,0,1
73,3,0,0,0,1,1,1,4.5548,2,29,0,0,1
80,4,0,0,3,0,1,1,4.48,2,61,0,0,1
74,3,0,0,0,1,1,1,4.385,2,31,0,0,0
60,4,0,1,2,0,0,1,4.6624,1,15,0,0,1
82,4,1,0,3,0,1,1,4.3577,2,62,0,0,1
77,4,1,0,3,0,1,1,4.3277,2,57,0,0,1
72,3,0,0,0,1,1,1,4.5224,2,30,0,0,1
59,4,0,1,2,0,0,1,4.7194,1,14,0,0,1
81,4,1,0,3,0,1,1,4.4866,2,61,0,0,1
32,1,0,0,0,0,0,1,4.1556,1,10,1,0,1
80,4,1,0,3,0,1,1,4.3938,2,60,0,0,1
59,4,0,1,2,0,0,1,4.7128,1,14,0,0,1
80,4,1,0,3,0,1,1,4.339,2,60,0,0,1
75,4,1,0,3,0,1,1,4.4328,2,55,0,0,1
63,3,0,0,0,1,1,1,4.4079,2,25,0,0,1
80,4,0,0,3,0,1,1,4.5093,2,61,0,0,1
67,3,0,0,0,1,1,1,4.4128,2,25,0,0,1
58,4,0,1,2,0,0,1,4.7799,1,13,0,0,1
75,3,0,0,0,1,1,1,4.4534,2,31,0,0,1
24,1,0,0,0,0,0,1,3.8868,1,7,1,0,1
72,3,0,0,0,1,1,1,4.4286,2,29,0,0,1
68,3,0,0,0,1,1,1,4.4796,2,24,0,0,1
84,4,1,0,3,0,1,1,4.344,2,64,0,0,1
83,4,0,0,3,0,1,1,4.3352,2,64,0,0,1
77,4,0,0,3,0,1,1,4.4667,2,58,0,0,1
69,3,0,0,0,1,1,1,4.4011,2,27,0,0,1
57,4,0,1,2,0,0,1,4.7624,1,12,0,0,1
71,3,0,0,0,1,1,1,4.2908,2,29,0,0,1
71,3,0,0,0,1,1,1,4.4677,2,29,0,0,1
23,1,0,0,0,0,0,1,4.056,1,4,1,0,1
71,3,0,0,0,1,1,1,4.2686,2,29,0,0,1
79,4,0,0,3,0,1,1,4.3969,2,60,0,0,1
75,4,0,0,3,0,1,1,4.4354,2,56,0,0,1
78,4,0,0,3,0,1,1,4.5694,2,59,0,0,1
79,4,0,0,3,0,1,1,4.4625,2,60,0,0,1
78,4,0,0,3,0,1,1,4.3884,2,59,0,0,1
60,4,0,1,2,0,0,1,4.7297,1,15,0,0,1
78,4,0,0,3,0,1,1,4.4865,2,59,0,0,1
58,4,0,1,2,0,0,1,4.7437,1,13,0,0,0
82,4,1,0,3,0,1,1,4.4097,2,62,0,0,1
69,3,0,0,0,1,1,1,4.5074,2,25,0,0,1
79,4,0,0,3,0,1,1,4.4935,2,60,0,0,1
62,3,0,0,0,1,1,1,4.3104,2,24,0,0,1
56,4,0,1,2,0,0,1,4.7757,1,11,0,0,1
23,1,0,0,0,0,0,1,3.8492,1,5,1,0,1
73,3,0,0,0,1,1,1,4.4833,2,29,0,0,1
27,1,0,0,0,0,0,1,4.0323,1,8,1,0,1
21,1,0,0,0,0,0,1,3.6538,1,5,1,0,1
28,1,0,0,0,0,0,1,4.0122,1,8,1,0,0
58,4,0,1,2,0,0,1,4.7437,1,13,0,0,1
69,3,0,0,0,1,1,1,4.4201,2,31,0,0,1
58,4,0,1,2,0,0,1,4.6764,1,13,0,0,1
58,4,0,1,2,0,0,1,4.7239,1,13,0,0,1
27,1,0,0,0,0,0,1,4.1064,1,8,1,0,1
27,1,0,0,0,0,0,1,4.1343,1,7,1,0,1
25,1,0,0,0,0,0,1,3.9435,1,6,1,0,1
70,3,0,0,0,1,1,1,4.3688,2,28,0,0,1
81,4,0,0,3,0,1,1,4.4056,2,62,0,0,1
82,4,0,0,3,0,1,1,4.3779,2,63,0,0,1
80,4,0,0,3,0,1,1,4.265,2,61,0,0,1
81,4,0,0,3,0,1,1,4.3844,2,62,0,0,1
74,3,0,0,0,1,1,1,4.211,2,30,0,0,1
58,4,0,1,2,0,0,1,4.7929,1,13,0,0,1
78,4,0,0,3,0,1,1,4.4141,2,59,0,0,1
24,1,0,0,0,0,0,1,3.8554,1,4,1,0,1
59,4,0,1,2,0,0,1,4.7339,1,14,0,0,1
23,1,0,0,0,0,0,1,3.969,1,4,1,0,1
82,4,1,0,3,0,1,1,4.3297,2,62,0,0,1
60,4,0,1,2,0,0,1,4.7172,1,15,0,0,1
84,4,1,0,3,0,1,1,4.344,2,64,0,0,1
81,4,0,0,3,0,1,1,4.4619,2,62,0,0,1
80,4,0,0,3,0,1,1,4.4205,2,61,0,0,1
73,3,0,0,0,1,1,1,4.3266,2,30,0,0,1
79,4,0,0,3,0,1,1,4.3969,2,60,0,0,0
24,1,0,0,0,0,0,1,4.1368,1,5,1,0,1
26,1,0,0,0,0,0,1,4.1039,1,4,1,0,1
60,4,0,1,2,0,0,1,4.6855,1,15,0,0,1
82,4,1,0,3,0,1,1,4.4413,2,62,0,0,1
75,3,0,0,0,1,1,1,4.3386,2,31,0,0,1
57,4,0,1,2,0,0,1,4.8193,1,12,0,0,1
59,4,0,1,2,0,0,1,4.7661,1,14,0,0,1
74,3,0,0,0,1,1,1,4.3003,2,31,0,0,1
81,4,0,0,3,0,1,1,4.3554,2,62,0,0,1
75,4,1,0,3,0,1,1,4.4328,2,55,0,0,1
58,4,0,1,2,0,0,1,4.7454,1,13,0,0,1
23,1,0,0,0,0,0,1,4.056,1,5,1,0,1
74,3,0,0,0,1,1,1,4.4022,2,30,0,0,1
76,3,0,0,0,1,1,1,4.2752,2,33,0,0,1
23,1,0,0,0,0,0,1,3.7294,1,6,1,0,1
22,1,0,0,0,0,0,1,3.9363,1,4,1,0,1
26,1,0,0,0,0,0,1,4.1808,1,4,1,0,1
81,4,0,0,3,0,1,1,4.3315,2,62,0,0,1
79,4,0,0,3,0,1,1,4.3969,2,60,0,0,1
23,1,0,0,0,0,0,1,3.7623,1,4,1,0,1
68,3,0,0,0,1,1,1,4.4441,2,30,0,0,0
78,4,0,0,3,0,1,1,4.5694,2,59,0,0,1
25,1,0,0,0,0,0,1,3.9737,2,7,1,0,1
27,1,0,0,0,0,0,1,4.1805,1,8,1,0,1
82,4,1,0,3,0,1,1,4.3503,2,62,0,0,1
29,1,0,0,0,0,0,1,3.9489,1,11,1,0,1
72,3,0,0,0,1,1,1,4.1854,2,29,0,0,1
80,4,1,0,3,0,1,1,4.4693,2,60,0,0,1
72,3,0,0,0,1,1,1,4.4459,2,28,0,0,1
80,4,0,0,3,0,1,1,4.4288,2,61,0,0,1
80,4,1,0,3,0,1,1,4.4142,2,60,0,0,1
75,3,0,0,0,1,1,1,4.2586,2,31,0,0,1
59,4,0,1,2,0,0,1,4.7889,1,14,0,0,1
81,4,1,0,3,0,1,1,4.4279,2,61,0,0,1
72,3,0,0,0,1,1,1,4.4286,2,29,0,0,1
79,4,0,0,3,0,1,1,4.4625,2,60,0,0,1
23,1,0,0,0,0,0,1,4.056,1,4,1,0,1
71,3,0,0,0,1,1,1,4.501,2,29,0,0,1
81,4,0,0,3,0,1,1,4.44,2,62,0,0,1
69,3,0,0,0,1,1,1,4.4011,2,27,0,0,1
80,4,1,0,3,0,1,1,4.3514,2,60,0,0,1
33,1,0,0,0,0,0,1,4.2336,1,11,1,0,1
79,4,0,0,3,0,1,1,4.3355,2,60,0,0,1
26,1,0,0,0,0,0,1,3.8441,1,7,1,0,1
74,3,0,0,0,1,1,1,4.5105,2,30,0,0,1
22,1,0,0,0,0,0,1,3.7544,1,6,1,0,1
68,3,0,0,0,1,1,1,4.5549,2,30,0,0,1
24,1,0,0,0,0,0,1,3.9702,1,4,1,0,1
58,4,0,1,2,0,0,1,4.7584,1,13,0,0,1
22,1,0,0,0,0,0,1,3.7544,1,6,1,0,1
59,4,0,1,2,0,0,1,4.6917,1,14,0,0,1
56,4,0,1,2,0,0,1,4.6908,1,11,0,0,1
57,4,0,1,2,0,0,1,4.6657,1,12,0,0,1
26,1,0,0,0,0,0,1,3.998,1,7,1,0,1
73,3,0,0,0,1,1,1,4.4071,2,31,0,0,1
74,4,0,0,3,0,1,1,4.348,2,55,0,0,0
80,4,0,0,3,0,1,1,4.4782,2,61,0,0,1
81,4,1,0,3,0,1,1,4.4947,2,61,0,0,1
81,4,0,0,3,0,1,1,4.402,2,62,0,0,1
57,4,0,1,2,0,0,1,4.714,1,12,0,0,1
80,4,1,0,3,0,1,1,4.4999,2,60,0,0,1
23,1,0,0,0,0,0,1,3.9362,1,4,1,0,1
57,4,0,1,2,0,0,1,4.8325,1,12,0,0,1
81,4,1,0,3,0,1,1,4.4788,2,61,0,0,1
25,1,0,0,0,0,0,1,4.0537,1,5,1,0,1
82,4,1,0,3,0,1,1,4.4225,2,62,0,0,1
71,3,0,0,0,1,1,1,4.4677,2,29,0,0,1
81,4,0,0,3,0,1,1,4.4619,2,62,0,0,1
25,1,0,0,0,0,0,1,3.9435,1,7,1,0,1
79,4,1,0,3,0,1,1,4.4928,2,59,0,0,1
26,1,0,0,0,0,0,1,3.921,1,7,1,0,1
72,3,0,0,0,1,1,1,4.4716,2,28,0,0,1
80,4,0,0,3,0,1,1,4.4881,2,61,0,0,1
58,4,0,1,2,0,0,1,4.6402,1,13,0,0,1
75,3,0,0,0,1,1,1,4.4472,2,31,0,0,1
80,4,1,0,3,0,1,1,4.53,2,60,0,0,1
83,4,0,0,3,0,1,1,4.3823,2,64,0,0,1
26,1,0,0,0,0,0,1,4.056,1,8,1,0,1
82,4,1,0,3,0,1,1,4.4112,2,62,0,0,0
71,3,0,0,0,1,1,1,4.367,2,29,0,0,1
78,4,0,0,3,0,1,1,4.4041,2,59,0,0,1
82,4,1,0,3,0,1,1,4.4401,2,62,0,0,1
74,3,0,0,0,1,1,1,4.3105,2,31,0,0,1
21,1,0,0,0,0,0,1,3.8442,1,4,1,0,1
58,4,0,1,2,0,0,1,4.7025,1,13,0,0,1
25,1,0,0,0,0,0,1,4.0235,2,7,1,0,1
28,1,0,0,0,0,0,1,4.2534,1,10,1,0,1
69,3,0,0,0,1,1,1,4.4795,2,25,0,0,1
57,4,0,1,2,0,0,1,4.6375,1,12,0,0,1
60,4,0,1,2,0,0,1,4.7314,1,15,0,0,1
74,3,0,0,0,1,1,1,4.3546,2,30,0,0,1
66,3,0,0,0,1,1,1,4.3686,2,28,0,0,1
24,1,0,0,0,0,0,1,4.1368,1,5,1,0,1
59,4,0,1,2,0,0,1,4.8356,1,14,0,0,1
58,4,0,1,2,0,0,1,4.6764,1,13,0,0,1
77,4,0,0,3,0,1,1,4.3563,2,58,0,0,1
79,4,1,0,3,0,1,1,4.5493,2,59,0,0,1
80,4,0,0,3,0,1,1,4.4532,2,61,0,0,1
81,4,0,0,3,0,1,1,4.3554,2,62,0,0,1
81,4,0,0,3,0,1,1,4.4418,2,62,0,0,1
79,4,0,0,3,0,1,1,4.4675,2,60,0,0,1
26,1,0,0,0,0,0,1,4.1039,1,7,1,0,1
75,4,1,0,3,0,1,1,4.4328,2,55,0,0,1
80,4,0,0,3,0,1,1,4.5093,2,61,0,0,1
58,4,0,1,2,0,0,1,4.7239,1,13,0,0,1
75,4,0,0,3,0,1,1,4.3658,2,56,0,0,1
24,1,0,0,0,0,0,1,4.0535,1,5,1,0,1
81,4,0,0,3,0,1,1,4.402,2,62,0,0,1
59,4,0,1,2,0,0,1,4.7806,1,14,0,0,1
30,1,0,0,0,0,0,1,4.0566,1,11,1,0,1
76,4,1,0,3,0,1,1,4.3222,2,56,0,0,1
79,4,0,0,3,0,1,1,4.3969,2,60,0,0,1
58,4,0,1,2,0,0,1,4.7239,1,13,0,0,1
81,4,0,0,3,0,1,1,4.402,2,62,0,0,1
82,4,1,0,3,0,1,1,4.3503,2,62,0,0,1
79,4,0,0,3,0,1,1,4.3716,2,60,0,0,1
81,4,0,0,3,0,1,1,4.402,2,62,0,0,1
79,4,0,0,3,0,1,1,4.4935,2,60,0,0,1
58,4,0,1,2,0,0,1,4.6962,1,13,0,0,1
59,4,0,1,2,0,0,1,4.6789,1,14,0,0,1
79,4,0,0,3,0,1,1,4.4625,2,60,0,0,1
78,4,0,0,3,0,1,1,4.3978,2,59,0,0,1
79,4,0,0,3,0,1,1,4.548,2,60,0,0,1
76,4,1,0,3,0,1,1,4.4354,2,56,0,0,0
67,3,0,0,0,1,1,1,4.4128,2,25,0,0,1
58,4,0,1,2,0,0,1,4.7222,1,13,0,0,1
82,4,0,0,3,0,1,1,4.3734,2,63,0,0,1
75,3,0,0,0,1,1,1,4.212,2,31,0,0,1
24,1,0,0,0,0,0,1,3.9702,1,7,1,0,1
25,1,0,0,0,0,0,1,4.0235,2,7,1,0,1
78,4,0,0,3,0,1,1,4.4141,2,59,0,0,1
82,4,1,0,3,0,1,1,4.458,2,62,0,0,1
59,4,0,1,2,0,0,1,4.6277,1,14,0,0,1
24,1,0,0,0,0,0,1,4.0535,1,6,1,0,1
79,4,0,0,3,0,1,1,4.548,2,60,0,0,1
74,3,0,0,0,1,1,1,4.4022,2,30,0,0,1
29,1,0,0,0,0,0,1,4.1852,1,11,1,0,1
78,4,0,0,3,0,1,1,4.5694,2,59,0,0,1
58,4,0,1,2,0,0,1,4.7155,1,13,0,0,1
63,3,0,0,0,1,1,1,4.3684,2,25,0,0,1
74,3,0,0,0,1,1,1,4.3619,2,31,0,0,1
26,1,0,0,0,0,0,1,3.8731,1,7,1,0,1
83,4,0,0,3,0,1,1,4.3823,2,64,0,0,1
66,3,0,0,0,1,1,1,4.4078,2,28,0,0,1
25,1,0,0,0,0,0,1,3.8031,1,6,1,0,1
79,4,0,0,3,0,1,1,4.4068,2,60,0,0,1
69,3,0,0,0,1,1,1,4.3915,2,31,0,0,1
24,1,0,0,0,0,0,1,3.8239,1,6,1,0,1
65,3,0,0,0,1,1,1,4.3459,2,27,0,0,1
82,4,1,0,3,0,1,1,4.4817,2,62,0,0,1
24,1,0,0,0,0,0,1,4.1368,1,5,1,0,1
73,3,0,0,0,1,1,1,4.349,2,29,0,0,1
81,4,0,0,3,0,1,1,4.3554,2,62,0,0,1
65,3,0,0,0,1,1,1,4.4162,2,23,0,0,1
79,4,0,0,3,0,1,1,4.2857,2,60,0,0,1
24,1,0,0,0,0,0,1,3.9387,1,6,1,0,1
57,4,0,1,2,0,0,1,4.699,1,12,0,0,1
77,4,0,0,3,0,1,1,4.4667,2,58,0,0,0
77,3,0,0,0,1,1,1,4.3022,2,33,0,0,0
80,4,1,0,3,0,1,1,4.4142,2,60,0,0,1
76,4,0,0,3,0,1,1,4.3308,2,57,0,0,1
30,1,0,0,0,0,0,1,4.0566,1,11,1,0,1
78,4,1,0,3,0,1,1,4.4731,2,58,0,0,1
78,4,0,0,3,0,1,1,4.3188,2,59,0,0,1
59,4,0,1,2,0,0,1,4.6727,1,14,0,0,1
58,4,0,1,2,0,0,1,4.6895,1,13,0,0,1
76,3,0,0,0,1,1,1,4.3351,2,32,0,0,1
76,4,1,0,3,0,1,1,4.3668,2,56,0,0,1
59,4,0,1,2,0,0,1,4.6711,1,14,0,0,1
80,4,1,0,3,0,1,1,4.4999,2,60,0,0,1
59,4,0,1,2,0,0,1,4.6194,1,14,0,0,1
73,3,0,0,0,1,1,1,4.328,2,29,0,0,1
72,3,0,0,0,1,1,1,4.3036,2,30,0,0,1
79,4,0,0,3,0,1,1,4.3355,2,60,0,0,1
59,4,0,1,2,0,0,1,4.6533,1,14,0,0,1
77,4,0,0,3,0,1,1,4.2924,2,58,0,0,1
58,4,0,1,2,0,0,1,4.737,1,13,0,0,1
28,1,0,0,0,0,0,1,3.9947,1,11,1,0,1
73,3,0,0,0,1,1,1,4.3764,2,31,0,0,1
81,4,0,0,3,0,1,1,4.4508,2,62,0,0,1
82,4,0,0,3,0,1,1,4.4068,2,63,0,0,1
79,4,1,0,3,0,1,1,4.3164,2,59,0,0,1
60,4,0,1,2,0,0,1,4.7631,1,15,0,0,1
79,4,0,0,3,0,1,1,4.354,2,60,0,0,1
79,4,0,0,3,0,1,1,4.4068,2,60,0,0,1
80,4,0,0,3,0,1,1,4.4187,2,61,0,0,1
82,4,0,0,3,0,1,1,4.3824,2,63,0,0,1
80,4,1,0,3,0,1,1,4.3614,2,60,0,0,1
25,1,0,0,0,0,0,1,4.0537,1,5,1,0,1
58,4,0,1,2,0,0,1,4.737,1,13,0,0,1
78,4,0,0,3,0,1,1,4.3188,2,59,0,0,1
76,3,0,0,0,1,1,1,4.3681,2,32,0,0,1
71,3,0,0,0,1,1,1,4.4017,2,33,0,0,1
68,3,0,0,0,1,1,1,4.4108,2,25,0,0,0
59,4,0,1,2,0,0,1,4.7066,1,14,0,0,1
75,4,0,0,3,0,1,1,4.3256,2,56,0,0,1
82,4,0,0,3,0,1,1,4.3978,2,63,0,0,1
81,4,0,0,3,0,1,1,4.3825,2,62,0,0,1
57,4,0,1,2,0,0,1,4.714,1,12,0,0,1
69,3,0,0,0,1,1,1,4.3852,2,27,0,0,1
56,4,0,1,2,0,0,1,4.689,1,11,0,0,0
79,4,0,0,3,0,1,1,4.4935,2,60,0,0,1
74,4,0,0,3,0,1,1,4.433,2,55,0,0,1
22,1,0,0,0,0,0,1,4.0272,1,4,1,0,1
76,3,0,0,0,1,1,1,4.4262,2,32,0,0,1
79,4,1,0,3,0,1,1,4.3164,2,59,0,0,1
24,1,0,0,0,0,0,1,3.8239,1,5,1,0,1
76,4,0,0,3,0,1,1,4.3045,2,57,0,0,1
57,4,0,1,2,0,0,1,4.7273,1,12,0,0,1
57,4,0,1,2,0,0,1,4.7273,1,12,0,0,1
78,4,0,0,3,0,1,1,4.5694,2,59,0,0,1
73,3,0,0,0,1,1,1,4.4833,2,29,0,0,1
27,1,0,0,0,0,0,1,4.1805,1,5,1,0,1
82,4,1,0,3,0,1,1,4.3369,2,62,0,0,1
83,4,0,0,3,0,1,1,4.3823,2,64,0,0,1
73,3,0,0,0,1,1,1,4.4833,2,31,0,0,1
58,4,0,1,2,0,0,1,4.599,1,13,0,0,1
58,4,0,1,2,0,0,1,4.6395,1,13,0,0,1
73,3,0,0,0,1,1,1,4.4779,2,29,0,0,1
25,1,0,0,0,0,0,1,4.0537,1,5,1,0,1
23,1,0,0,0,0,0,1,3.6753,1,4,1,0,1
24,1,0,0,0,0,0,1,3.9387,1,4,1,0,1
81,4,0,0,3,0,1,1,4.44,2,62,0,0,1
74,3,0,0,0,1,1,1,4.3546,2,30,0,0,1
82,4,0,0,3,0,1,1,4.3565,2,63,0,0,1
78,4,0,0,3,0,1,1,4.4141,2,59,0,0,1
22,1,0,0,0,0,0,1,3.7888,1,4,1,0,1
57,4,0,1,2,0,0,1,4.6657,1,12,0,0,0
79,4,1,0,3,0,1,1,4.4006,2,59,0,0,0
77,3,0,0,0,1,1,1,4.3003,2,33,0,0,1
80,4,1,0,3,0,1,1,4.3514,2,60,0,0,1
80,4,0,0,3,0,1,1,4.3514,2,61,0,0,1
60,4,0,1,2,0,0,1,4.6423,1,15,0,0,1
72,3,0,0,0,1,1,1,4.5224,2,30,0,0,1
81,4,0,0,3,0,1,1,4.4635,2,62,0,0,0
57,4,0,1,2,0,0,1,4.7756,1,12,0,0,1
59,4,0,1,2,0,0,1,4.7322,1,14,0,0,1
71,3,0,0,0,1,1,1,4.3416,2,27,0,0,1
81,4,0,0,3,0,1,1,4.4635,2,62,0,0,1
24,1,0,0,0,0,0,1,3.9387,1,4,1,0,1
81,4,0,0,3,0,1,1,4.3343,2,62,0,0,1
25,1,0,0,0,0,0,1,3.9435,1,7,1,0,1
58,4,0,1,2,0,0,1,4.7324,1,13,0,0,1
61,3,0,0,0,1,1,1,4.3207,2,23,0,0,1
81,4,0,0,3,0,1,1,4.4748,2,62,0,0,1
68,3,0,0,0,1,1,1,4.4194,2,30,0,0,1
69,3,0,0,0,1,1,1,4.466,2,31,0,0,0
57,4,0,1,2,0,0,1,4.6657,1,12,0,0,1
80,4,1,0,3,0,1,1,4.4626,2,60,0,0,1
79,4,0,0,3,0,1,1,4.3595,2,60,0,0,1
58,4,0,1,2,0,0,1,4.6962,1,13,0,0,1
72,3,0,0,0,1,1,1,4.4288,2,29,0,0,1
27,1,0,0,0,0,0,1,4.1805,1,8,1,0,1
21,1,0,0,0,0,0,1,3.9754,1,4,1,0,1
69,3,0,0,0,1,1,1,4.3915,2,31,0,0,1
73,3,0,0,0,1,1,1,4.4071,2,29,0,0,1
58,4,0,1,2,0,0,1,4.5361,1,13,0,0,1
59,4,0,1,2,0,0,1,4.7322,1,14,0,0,1
79,4,0,0,3,0,1,1,4.3969,2,60,0,0,0
79,4,0,0,3,0,1,1,4.3595,2,60,0,0,1
79,4,0,0,3,0,1,1,4.2603,2,60,0,0,1
60,4,0,1,2,0,0,1,4.7566,1,15,0,0,1
79,4,0,0,3,0,1,1,4.4625,2,60,0,0,1
57,4,0,1,2,0,0,1,4.7756,1,12,0,0,1
80,4,0,0,3,0,1,1,4.3703,2,61,0,0,1
84,4,1,0,3,0,1,1,4.3905,2,64,0,0,1
81,4,1,0,3,0,1,1,4.3597,2,61,0,0,1
69,3,0,0,0,1,1,1,4.4837,2,25,0,0,1
72,3,0,0,0,1,1,1,4.3659,2,28,0,0,1
81,4,0,0,3,0,1,1,4.3315,2,62,0,0,1
58,4,0,1,2,0,0,1,4.7845,1,13,0,0,1
81,4,1,0,3,0,1,1,4.3984,2,61,0,0,1
60,4,0,1,2,0,0,1,4.7757,1,15,0,0,1
76,4,0,0,3,0,1,1,4.3308,2,57,0,0,1
23,1,0,0,0,0,0,1,3.9362,1,5,1,0,1
72,3,0,0,0,1,1,1,4.392,2,29,0,0,1
28,1,0,0,0,0,0,1,4.182,1,6,1,0,1
58,4,0,1,2,0,0,1,4.7584,1,13,0,0,1
74,3,0,0,0,1,1,1,4.3301,2,30,0,0,1
69,3,0,0,0,1,1,1,4.3852,2,27,0,0,1
73,3,0,0,0,1,1,1,4.3477,2,31,0,0,1
78,4,0,0,3,0,1,1,4.3978,2,59,0,0,1
75,3,0,0,0,1,1,1,4.3386,2,31,0,0,1
60,4,0,1,2,0,0,1,4.8106,1,15,0,0,1
81,4,0,0,3,0,1,1,4.4056,2,62,0,0,1
59,4,0,1,2,0,0,1,4.7211,1,14,0,0,1
58,4,0,1,2,0,0,1,4.7584,1,13,0,0,1
68,3,0,0,0,1,1,1,4.3784,2,25,0,0,1
75,4,0,0,3,0,1,1,4.4354,2,56,0,0,1
29,1,0,0,0,0,0,1,4.3232,1,7,1,0,1
82,4,1,0,3,0,1,1,4.3503,2,62,0,0,1
73,3,0,0,0,1,1,1,4.2909,2,29,0,0,1
57,4,0,1,2,0,0,1,4.714,1,12,0,0,1
82,4,1,0,3,0,1,1,4.3438,2,62,0,0,1
75,3,0,0,0,1,1,1,4.3803,2,31,0,0,1
74,4,0,0,3,0,1,1,4.433,2,55,0,0,1
30,1,0,0,0,0,0,1,4.1232,1,11,1,0,1
59,4,0,1,2,0,0,1,4.6711,1,14,0,0,1
81,4,0,0,3,0,1,1,4.402,2,62,0,0,1
71,3,0,0,0,1,1,1,4.312,2,29,0,0,1
74,4,0,0,3,0,1,1,4.433,2,55,0,0,1
82,4,1,0,3,0,1,1,4.3577,2,62,0,0,1
80,4,0,0,3,0,1,1,4.4881,2,61,0,0,1
74,4,0,0,3,0,1,1,4.433,2,55,0,0,1
58,4,0,1,2,0,0,1,4.6075,1,13,0,0,1
72,3,0,0,0,1,1,1,4.1854,2,29,0,0,1
78,4,0,0,3,0,1,1,4.4865,2,59,0,0,1
59,4,0,1,2,0,0,1,4.6305,1,14,0,0,0
79,4,0,0,3,0,1,1,4.4034,2,60,0,0,1
80,4,0,0,3,0,1,1,4.4843,2,61,0,0,1
81,4,0,0,3,0,1,1,4.3825,2,62,0,0,1
78,4,0,0,3,0,1,1,4.3188,2,59,0,0,1
80,4,0,0,3,0,1,1,4.4334,2,61,0,0,1
78,4,0,0,3,0,1,1,4.4141,2,59,0,0,1
59,4,0,1,2,0,0,1,4.7806,1,14,0,0,1
76,4,0,0,3,0,1,1,4.3308,2,57,0,0,1
58,4,0,1,2,0,0,1,4.7239,1,13,0,0,1
27,1,0,0,0,0,0,1,4.1805,1,5,1,0,1
81,4,1,0,3,0,1,1,4.5038,2,61,0,0,1
79,4,0,0,3,0,1,1,4.3355,2,60,0,0,1
59,4,0,1,2,0,0,1,4.6388,1,14,0,0,1
26,1,0,0,0,0,0,1,4.1808,1,7,1,0,1
20,1,0,0,0,0,0,1,3.4842,1,4,1,0,1
58,4,0,1,2,0,0,1,4.6962,1,13,0,0,1
73,3,0,0,0,1,1,1,4.3266,2,29,0,0,1
74,3,0,0,0,1,1,1,4.4143,2,30,0,0,1
72,3,0,0,0,1,1,1,4.3611,2,30,0,0,1
23,1,0,0,0,0,0,1,3.9362,1,4,1,0,1
81,4,0,0,3,0,1,1,4.4171,2,62,0,0,1
59,4,0,1,2,0,0,1,4.7322,1,14,0,0,1
59,4,0,1,2,0,0,1,4.7066,1,14,0,0,1
80,4,0,0,3,0,1,1,4.4974,2,61,0,0,1
25,1,0,0,0,0,0,1,4.0235,1,5,1,0,1
22,1,0,0,0,0,0,1,3.8454,1,4,1,0,1
83,4,1,0,3,0,1,1,4.3758,2,63,0,0,1
29,1,0,0,0,0,0,1,4.2113,1,11,1,0,1
82,4,1,0,3,0,1,1,4.4413,2,62,0,0,1
79,4,0,0,3,0,1,1,4.3595,2,60,0,0,1
59,4,0,1,2,0,0,1,4.6855,1,14,0,0,1
72,3,0,0,0,1,1,1,4.3962,2,30,0,0,1
74,4,1,0,3,0,1,1,4.3364,2,54,0,0,1
73,3,0,0,0,1,1,1,4.2859,2,30,0,0,1
79,4,0,0,3,0,1,1,4.3306,2,60,0,0,1
58,4,0,1,2,0,0,1,4.7239,1,13,0,0,1
59,4,0,1,2,0,0,1,4.8017,1,14,0,0,1
80,4,1,0,3,0,1,1,4.3688,2,60,0,0,1
69,3,0,0,0,1,1,1,4.3548,2,31,0,0,1
23,1,0,0,0,0,0,1,3.9362,1,4,1,0,1
81,4,0,0,3,0,1,1,4.4149,2,62,0,0,1
79,4,0,0,3,0,1,1,4.4935,2,60,0,0,1
79,4,0,0,3,0,1,1,4.3969,2,60,0,0,1
83,4,1,0,3,0,1,1,4.4057,2,63,0,0,1
59,4,0,1,2,0,0,1,4.7066,1,14,0,0,1
60,4,0,1,2,0,0,1,4.7232,1,15,0,0,1
22,1,0,0,0,0,0,1,3.8454,1,4,1,0,1
78,4,0,0,3,0,1,1,4.4141,2,59,0,0,1
80,4,0,0,3,0,1,1,4.4334,2,61,0,0,1
66,3,0,0,0,1,1,1,4.5246,2,28,0,0,1
82,4,1,0,3,0,1,1,4.4259,2,62,0,0,1
58,4,0,1,2,0,0,1,4.7092,1,13,0,0,1
81,4,0,0,3,0,1,1,4.4149,2,62,0,0,1
83,4,0,0,3,0,1,1,4.3474,2,64,0,0,1
28,1,0,0,0,0,0,1,4.1375,1,6,1,0,1
80,4,0,0,3,0,1,1,4.4782,2,61,0,0,1
81,4,0,0,3,0,1,1,4.4096,2,62,0,0,1
75,3,0,0,0,1,1,1,4.3977,2,31,0,0,1
81,4,0,0,3,0,1,1,4.3418,2,62,0,0,1
69,3,0,0,0,1,1,1,4.3852,2,31,0,0,1
77,4,0,0,3,0,1,1,4.3563,2,58,0,0,1
74,3,0,0,0,1,1,1,4.4506,2,30,0,0,1
26,1,0,0,0,0,0,1,4.027,1,4,1,0,1
82,4,0,0,3,0,1,1,4.3321,2,63,0,0,1
81,4,0,0,3,0,1,1,4.4149,2,62,0,0,1
67,3,0,0,0,1,1,1,4.3452,2,29,0,0,1
29,1,0,0,0,0,0,1,3.9489,1,11,1,0,1
80,4,1,0,3,0,1,1,4.2803,2,60,0,0,1
23,1,0,0,0,0,0,1,4.056,1,4,1,0,1
81,4,0,0,3,0,1,1,4.3825,2,62,0,0,1
23,1,0,0,0,0,0,1,4.0231,1,5,1,0,1
58,4,0,1,2,0,0,1,4.668,1,13,0,0,1
25,1,0,0,0,0,0,1,3.9435,1,7,1,0,1
80,4,0,0,3,0,1,1,4.4881,2,61,0,0,1
79,4,0,0,3,0,1,1,4.4928,2,60,0,0,1
59,4,0,1,2,0,0,1,4.5575,1,14,0,0,1
26,1,0,0,0,0,0,1,3.8731,2,7,1,0,1
23,1,0,0,0,0,0,1,4.056,1,5,1,0,1
81,4,0,0,3,0,1,1,4.4261,2,62,0,0,1
30,1,0,0,0,0,0,1,4.1232,1,11,1,0,1
78,4,0,0,3,0,1,1,4.3188,2,59,0,0,1
75,3,0,0,0,1,1,1,4.3295,2,31,0,0,1
82,4,1,0,3,0,1,1,4.3601,2,62,0,0,1
78,4,0,0,3,0,1,1,4.3188,2,59,0,0,1
24,1,0,0,0,0,0,1,3.9702,1,5,1,0,1
68,3,0,0,0,1,1,1,4.4194,2,26,0,0,1
80,4,1,0,3,0,1,1,4.314,2,60,0,0,1
59,4,0,1,2,0,0,1,4.7339,1,14,0,0,0
59,4,0,1,2,0,0,1,4.7761,1,14,0,0,1
24,1,0,0,0,0,0,1,4.1368,1,5,1,0,1
59,4,0,1,2,0,0,1,4.7128,1,14,0,0,1
81,4,0,0,3,0,1,1,4.4056,2,62,0,0,1
83,4,0,0,3,0,1,1,4.3352,2,64,0,0,1
74,4,0,0,3,0,1,1,4.406,2,55,0,0,1
80,4,1,0,3,0,1,1,4.505,2,60,0,0,1
30,1,0,0,0,0,0,1,4.1232,1,11,1,0,1
82,4,1,0,3,0,1,1,4.4097,2,62,0,0,1
24,1,0,0,0,0,0,1,4.1054,1,5,1,0,1
23,1,0,0,0,0,0,1,4.056,1,5,1,0,1
59,4,0,1,2,0,0,1,4.7211,1,14,0,0,1
83,4,1,0,3,0,1,1,4.3758,2,63,0,0,1
69,3,0,0,0,1,1,1,4.3548,2,26,0,0,1
71,3,0,0,0,1,1,1,4.4686,2,28,0,0,1
81,4,1,0,3,0,1,1,4.4406,2,61,0,0,1
79,4,0,0,3,0,1,1,4.354,2,60,0,0,1
81,4,0,0,3,0,1,1,4.4635,2,62,0,0,1
69,3,0,0,0,1,1,1,4.5074,2,25,0,0,1
21,1,0,0,0,0,0,1,3.749,1,5,1,0,1
75,4,0,0,3,0,1,1,4.3658,2,56,0,0,1
78,4,0,0,3,0,1,1,4.4865,2,59,0,0,1
75,4,0,0,3,0,1,1,4.3606,2,56,0,0,1
78,4,0,0,3,0,1,1,4.3188,2,59,0,0,1
24,1,0,0,0,0,0,1,4.1368,1,5,1,0,1
29,1,0,0,0,0,0,1,4.0473,2,7,1,0,1
71,3,0,0,0,1,1,1,4.4151,2,29,0,0,1
22,1,0,0,0,0,0,1,3.9363,1,4,1,0,1
60,4,0,1,2,0,0,1,4.6899,1,15,0,0,1
81,4,1,0,3,0,1,1,4.4261,2,61,0,0,1
25,1,0,0,0,0,0,1,4.1035,1,6,1,0,1
81,4,0,0,3,0,1,1,4.3844,2,62,0,0,1
80,4,0,0,3,0,1,1,4.5093,2,61,0,0,1
26,1,0,0,0,0,0,1,4.1808,1,7,1,0,0
79,4,0,0,3,0,1,1,4.3101,2,60,0,0,1
22,1,0,0,0,0,0,1,3.9363,1,4,1,0,1
75,4,0,0,3,0,1,1,4.3873,2,56,0,0,1
58,4,0,1,2,0,0,1,4.7437,1,13,0,0,1
80,4,1,0,3,0,1,1,4.4002,2,60,0,0,1
23,1,0,0,0,0,0,1,4.056,1,5,1,0,1
80,4,0,0,3,0,1,1,4.3703,2,61,0,0,1
25,1,0,0,0,0,0,1,4.0537,1,5,1,0,1
21,1,0,0,0,0,0,1,3.8442,1,4,1,0,1
67,3,0,0,0,1,1,1,4.4637,2,24,0,0,1
74,3,0,0,0,1,1,1,4.4506,2,32,0,0,1
79,4,0,0,3,0,1,1,4.3342,2,60,0,0,1
73,4,0,0,3,0,1,1,4.3356,2,54,0,0,1
67,3,0,0,0,1,1,1,4.4568,2,29,0,0,1
29,1,0,0,0,0,0,1,4.2021,1,11,1,0,1
23,1,0,0,0,0,0,1,3.9034,1,4,1,0,1
81,4,0,0,3,0,1,1,4.3343,2,62,0,0,1
60,4,0,1,2,0,0,1,4.7855,1,15,0,0,1
81,4,0,0,3,0,1,1,4.3825,2,62,0,0,1
27,1,0,0,0,0,0,1,4.2545,1,5,1,0,1
82,4,1,0,3,0,1,1,4.3845,2,62,0,0,1
75,3,0,0,0,1,1,1,4.393,2,31,0,0,1
81,4,0,0,3,0,1,1,4.3597,2,62,0,0,1
77,4,0,0,3,0,1,1,4.3563,2,58,0,0,1
80,4,1,0,3,0,1,1,4.4999,2,60,0,0,0
75,4,0,0,3,0,1,1,4.3873,2,56,0,0,1
23,1,0,0,0,0,0,1,3.9362,1,5,1,0,1
60,4,0,1,2,0,0,1,4.7838,1,15,0,0,0
80,4,0,0,3,0,1,1,4.3968,2,61,0,0,1
81,4,0,0,3,0,1,1,4.3418,2,62,0,0,1
80,4,0,0,3,0,1,1,4.4782,2,61,0,0,1
72,3,0,0,0,1,1,1,4.3537,2,28,0,0,0
58,4,0,1,2,0,0,1,4.668,1,13,0,0,1
81,4,0,0,3,0,1,1,4.4096,2,62,0,0,1
75,4,1,0,3,0,1,1,4.4328,2,55,0,0,1
75,4,1,0,3,0,1,1,4.4328,2,55,0,0,0
80,4,1,0,3,0,1,1,4.4693,2,60,0,0,1
78,4,1,0,3,0,1,1,4.3578,2,58,0,0,1
60,4,0,1,2,0,0,1,4.6498,1,15,0,0,1
78,4,0,0,3,0,1,1,4.5694,2,59,0,0,1
60,4,0,1,2,0,0,1,4.7964,1,15,0,0,1
68,3,0,0,0,1,1,1,4.3262,2,30,0,0,1
81,4,0,0,3,0,1,1,4.4748,2,62,0,0,1
80,4,0,0,3,0,1,1,4.4205,2,61,0,0,1
80,4,0,0,3,0,1,1,4.29,2,61,0,0,1
78,4,0,0,3,0,1,1,4.4041,2,59,0,0,1
20,1,0,0,0,0,0,1,3.5842,1,4,1,0,1
72,3,0,0,0,1,1,1,4.4391,2,30,0,0,1
59,4,0,1,2,0,0,1,4.7678,1,14,0,0,1
57,4,0,1,2,0,0,1,4.7624,1,12,0,0,1
22,1,0,0,0,0,0,1,3.9363,1,4,1,0,1
71,3,0,0,0,1,1,1,4.312,2,28,0,0,1
29,1,0,0,0,0,0,1,4.0902,1,7,1,0,0
81,4,0,0,3,0,1,1,4.4508,2,62,0,0,1
23,1,0,0,0,0,0,1,3.8492,1,6,1,0,1
58,4,0,1,2,0,0,1,4.7799,1,13,0,0,1
75,4,1,0,3,0,1,1,4.4328,2,55,0,0,1
75,3,0,0,0,1,1,1,4.4534,2,31,0,0,1
82,4,0,0,3,0,1,1,4.4068,2,63,0,0,1
65,3,0,0,0,1,1,1,4.4162,2,23,0,0,1
24,1,0,0,0,0,0,1,3.9073,1,5,1,0,1
81,4,1,0,3,0,1,1,4.4406,2,61,0,0,1
63,3,0,0,0,1,1,1,4.4517,2,25,0,0,1
79,4,0,0,3,0,1,1,4.354,2,60,0,0,1
24,1,0,0,0,0,0,1,4.0221,1,5,1,0,1
83,4,0,0,3,0,1,1,4.3233,2,64,0,0,1
75,3,0,0,0,1,1,1,4.4404,2,31,0,0,1
59,4,0,1,2,0,0,1,4.7889,1,14,0,0,1
80,4,0,0,3,0,1,1,4.4974,2,61,0,0,1
69,3,0,0,0,1,1,1,4.4604,2,25,0,0,1
62,3,0,0,0,1,1,1,4.4225,2,24,0,0,1
29,1,0,0,0,0,0,1,4.0178,1,7,1,0,0
80,4,0,0,3,0,1,1,4.265,2,61,0,0,1
74,4,1,0,3,0,1,1,4.3364,2,54,0,0,1
80,4,0,0,3,0,1,1,4.4532,2,61,0,0,1
80,4,0,0,3,0,1,1,4.4288,2,61,0,0,0
77,3,0,0,0,1,1,1,4.3703,2,33,0,0,1
23,1,0,0,0,0,0,1,4.0231,1,4,1,0,1
81,4,0,0,3,0,1,1,4.3844,2,62,0,0,0
29,1,0,0,0,0,0,1,3.9228,1,11,1,0,1
59,4,0,1,2,0,0,1,4.8017,1,14,0,0,1
23,1,0,0,0,0,0,1,3.9362,1,4,1,0,1
57,4,0,1,2,0,0,1,4.5518,1,12,0,0,1
78,4,0,0,3,0,1,1,4.3978,2,59,0,0,1
75,4,0,0,3,0,1,1,4.3256,2,56,0,0,1
83,4,1,0,3,0,1,1,4.4057,2,63,0,0,1
75,3,0,0,0,1,1,1,4.4995,2,31,0,0,1
23,1,0,0,0,0,0,1,3.969,1,5,1,0,1
83,4,0,0,3,0,1,1,4.3823,2,64,0,0,1
81,4,1,0,3,0,1,1,4.2849,2,61,0,0,1
26,1,0,0,0,0,0,1,4.1039,1,4,1,0,1
24,1,0,0,0,0,0,1,3.8239,1,6,1,0,1
27,1,0,0,0,0,0,1,4.0603,1,8,1,0,1
82,4,1,0,3,0,1,1,4.4112,2,62,0,0,1
80,4,0,0,3,0,1,1,4.4221,2,61,0,0,1
58,4,0,1,2,0,0,1,4.6764,1,13,0,0,1
80,4,0,0,3,0,1,1,4.4334,2,61,0,0,1
80,4,0,0,3,0,1,1,4.4221,2,61,0,0,1
82,4,0,0,3,0,1,1,4.4068,2,63,0,0,1
25,1,0,0,0,0,0,1,4.2137,1,7,1,0,1
81,4,0,0,3,0,1,1,4.3825,2,62,0,0,1
58,4,0,1,2,0,0,1,4.6634,1,13,0,0,1
82,4,1,0,3,0,1,1,4.4817,2,62,0,0,1
60,4,0,1,2,0,0,1,4.7647,1,15,0,0,1
72,3,0,0,0,1,1,1,4.3642,2,30,0,0,1
81,4,0,0,3,0,1,1,4.44,2,62,0,0,1
26,1,0,0,0,0,0,1,4.2578,1,7,1,0,1
81,4,0,0,3,0,1,1,4.4418,2,62,0,0,1
73,3,0,0,0,1,1,1,4.4071,2,31,0,0,1
80,4,0,0,3,0,1,1,4.29,2,61,0,0,1
80,4,1,0,3,0,1,1,4.339,2,60,0,0,1
75,4,0,0,3,0,1,1,4.3256,2,56,0,0,1
73,3,0,0,0,1,1,1,4.349,2,29,0,0,1
60,4,0,1,2,0,0,1,4.6855,1,15,0,0,1
27,1,0,0,0,0,0,1,4.0603,1,11,1,0,1
82,4,1,0,3,0,1,1,4.4491,2,62,0,0,1
56,4,0,1,2,0,0,1,4.5971,1,11,0,0,1
74,3,0,0,0,1,1,1,4.2881,2,31,0,0,1
75,4,0,0,3,0,1,1,4.3873,2,56,0,0,1
78,4,0,0,3,0,1,1,4.4778,2,59,0,0,1
71,3,0,0,0,1,1,1,4.201,2,29,0,0,1
80,4,1,0,3,0,1,1,4.4142,2,60,0,0,1
73,3,0,0,0,1,1,1,4.5224,2,29,0,0,1
56,4,0,1,2,0,0,1,4.682,1,11,0,0,1
81,4,1,0,3,0,1,1,4.4279,2,61,0,0,0
56,4,0,1,2,0,0,1,4.74,1,11,0,0,1
80,4,0,0,3,0,1,1,4.3514,2,61,0,0,1
81,4,1,0,3,0,1,1,4.3723,2,61,0,0,1
81,4,0,0,3,0,1,1,4.3825,2,62,0,0,1
29,1,0,0,0,0,0,1,3.9783,1,11,1,0,1
81,4,0,0,3,0,1,1,4.3844,2,62,0,0,1
73,3,0,0,0,1,1,1,4.3898,2,31,0,0,1
80,4,1,0,3,0,1,1,4.3514,2,60,0,0,1
79,4,0,0,3,0,1,1,4.3306,2,60,0,0,1
81,4,0,0,3,0,1,1,4.4619,2,62,0,0,1
72,3,0,0,0,1,1,1,4.3642,2,29,0,0,1
59,4,0,1,2,0,0,1,4.7,1,14,0,0,1
72,3,0,0,0,1,1,1,4.4286,2,30,0,0,1
57,4,0,1,2,0,0,1,4.7474,1,12,0,0,1
27,1,0,0,0,0,0,1,4.2825,1,7,1,0,1
78,4,0,0,3,0,1,1,4.5694,2,59,0,0,1
58,4,0,1,2,0,0,1,4.7239,1,13,0,0,1
24,1,0,0,0,0,0,1,4.2202,1,5,1,0,1
58,4,0,1,2,0,0,1,4.6465,1,13,0,0,1
29,1,0,0,0,0,0,1,4.2021,1,10,1,0,1
74,3,0,0,0,1,1,1,4.4302,2,31,0,0,1
67,3,0,0,0,1,1,1,4.3452,2,25,0,0,1
24,1,0,0,0,0,0,1,4.1368,1,7,1,0,1
29,1,0,0,0,0,0,1,4.1852,1,11,1,0,1
23,1,0,0,0,0,0,1,3.7951,1,4,1,0,1
28,1,0,0,0,0,0,1,4.0122,1,8,1,0,1
58,4,0,1,2,0,0,1,4.7155,1,13,0,0,1
82,4,1,0,3,0,1,1,4.3297,2,62,0,0,1
80,4,0,0,3,0,1,1,4.4334,2,61,0,0,1
26,1,0,0,0,0,0,1,4.027,1,7,1,0,1
63,3,0,0,0,1,1,1,4.3746,2,25,0,0,1
75,4,1,0,3,0,1,1,4.3489,2,55,0,0,1
79,4,0,0,3,0,1,1,4.3928,2,60,0,0,1
60,4,0,1,2,0,0,1,4.7566,1,15,0,0,0
80,4,0,0,3,0,1,1,4.3514,2,61,0,0,1
74,3,0,0,0,1,1,1,4.3301,2,30,0,0,1
80,4,1,0,3,0,1,1,4.4142,2,60,0,0,1
82,4,1,0,3,0,1,1,4.4097,2,62,0,0,1
82,4,0,0,3,0,1,1,4.3565,2,63,0,0,1
24,1,0,0,0,0,0,1,4.2202,1,5,1,0,1
58,4,0,1,2,0,0,1,4.6962,1,13,0,0,1
60,4,0,1,2,0,0,1,4.6696,1,15,0,0,1
24,1,0,0,0,0,0,1,4.2202,1,5,1,0,1
80,4,0,0,3,0,1,1,4.4282,2,61,0,0,1
75,4,0,0,3,0,1,1,4.3658,2,56,0,0,1
23,1,0,0,0,0,0,1,3.8492,1,5,1,0,1
67,3,0,0,0,1,1,1,4.4481,2,29,0,0,1
20,1,0,0,0,0,0,1,3.6464,1,4,1,0,1
29,1,0,0,0,0,0,1,4.2542,1,11,1,0,1
23,1,0,0,0,0,0,1,4.056,1,4,1,0,1
30,1,0,0,0,0,0,1,4.2566,1,10,1,0,1
72,3,0,0,0,1,1,1,4.4753,2,30,0,0,1
75,4,0,0,3,0,1,1,4.4354,2,56,0,0,1
27,1,0,0,0,0,0,1,4.2545,1,5,1,0,1
60,4,0,1,2,0,0,1,4.7773,1,15,0,0,1
58,4,0,1,2,0,0,1,4.7092,1,13,0,0,1
30,1,0,0,0,0,0,1,4.1232,1,11,1,0,1
81,4,1,0,3,0,1,1,4.3984,2,61,0,0,1
80,4,1,0,3,0,1,1,4.4693,2,60,0,0,1
24,1,0,0,0,0,0,1,4.0535,1,7,1,0,1
69,3,0,0,0,1,1,1,4.4011,2,27,0,0,1
55,4,0,1,2,0,0,1,4.6564,1,10,0,0,1
58,4,0,1,2,0,0,1,4.7782,1,13,0,0,1
59,4,0,1,2,0,0,1,4.6277,1,14,0,0,1
79,4,0,0,3,0,1,1,4.548,2,60,0,0,1
82,4,0,0,3,0,1,1,4.3779,2,63,0,0,1
79,4,0,0,3,0,1,1,4.508,2,60,0,0,1
81,4,1,0,3,0,1,1,4.4788,2,61,0,0,1
80,4,1,0,3,0,1,1,4.4991,2,60,0,0,1
82,4,1,0,3,0,1,1,4.3577,2,62,0,0,1
80,4,1,0,3,0,1,1,4.2803,2,60,0,0,1
69,3,0,0,0,1,1,1,4.536,2,25,0,0,1
82,4,0,0,3,0,1,1,4.3978,2,63,0,0,1
80,4,1,0,3,0,1,1,4.3331,2,60,0,0,1
29,1,0,0,0,0,0,1,4.0473,2,7,1,0,1
75,4,0,0,3,0,1,1,4.4354,2,56,0,0,1
79,4,1,0,3,0,1,1,4.5746,2,59,0,0,1
80,4,0,0,3,0,1,1,4.4221,2,61,0,0,1
58,4,0,1,2,0,0,1,4.6205,1,13,0,0,1
77,4,1,0,3,0,1,1,4.3277,2,57,0,0,1
80,4,0,0,3,0,1,1,4.4221,2,61,0,0,1
74,3,0,0,0,1,1,1,4.385,2,31,0,0,1
58,4,0,1,2,0,0,1,4.7929,1,13,0,0,1
57,4,0,1,2,0,0,1,4.7123,1,12,0,0,1
76,4,1,0,3,0,1,1,4.3668,2,56,0,0,1
30,1,0,0,0,0,0,1,4.1232,1,11,1,0,1
57,4,0,1,2,0,0,1,4.714,1,12,0,0,1
75,4,0,0,3,0,1,1,4.4455,2,56,0,0,1
57,4,0,1,2,0,0,1,4.7273,1,12,0,0,1
75,3,0,0,0,1,1,1,4.3405,2,31,0,0,1
60,4,0,1,2,0,0,1,4.7566,1,15,0,0,1
29,1,0,0,0,0,0,1,4.3232,1,11,1,0,1
24,1,0,0,0,0,0,1,4.0221,1,4,1,0,1
26,1,0,0,0,0,0,1,3.9791,1,8,1,0,1
58,4,0,1,2,0,0,1,4.7714,1,13,0,0,1
80,4,1,0,3,0,1,1,4.4004,2,60,0,0,1
76,4,1,0,3,0,1,1,4.4454,2,56,0,0,1
72,3,0,0,0,1,1,1,4.3154,2,30,0,0,1
81,4,0,0,3,0,1,1,4.3418,2,62,0,0,1
23,1,0,0,0,0,0,1,3.9034,1,4,1,0,1
22,1,0,0,0,0,0,1,3.8454,1,4,1,0,1
26,1,0,0,0,0,0,1,4.2099,1,7,1,0,1
69,3,0,0,0,1,1,1,4.3548,2,26,0,0,1
60,4,0,1,2,0,0,1,4.6964,1,15,0,0,1
76,3,0,0,0,1,1,1,4.3351,2,32,0,0,1
82,4,1,0,3,0,1,1,4.4817,2,62,0,0,1
69,3,0,0,0,1,1,1,4.4201,2,31,0,0,1
26,1,0,0,0,0,0,1,4.056,1,7,1,0,1
58,4,0,1,2,0,0,1,4.6979,1,13,0,0,1
59,4,0,1,2,0,0,1,4.7806,1,14,0,0,1
65,3,0,0,0,1,1,1,4.349,2,27,0,0,1
80,4,0,0,3,0,1,1,4.48,2,61,0,0,1
71,3,0,0,0,1,1,1,4.394,2,27,0,0,1
75,4,0,0,3,0,1,1,4.3873,2,56,0,0,1
81,4,1,0,3,0,1,1,4.3723,2,61,0,0,1
82,4,1,0,3,0,1,1,4.3923,2,62,0,0,1
80,4,1,0,3,0,1,1,4.5142,2,60,0,0,1
75,3,0,0,0,1,1,1,4.1944,2,31,0,0,1
70,3,0,0,0,1,1,1,4.3696,2,28,0,0,1
66,3,0,0,0,1,1,1,4.4078,2,24,0,0,1
25,1,0,0,0,0,0,1,4.2137,1,7,1,0,1
76,3,0,0,0,1,1,1,4.3708,2,32,0,0,1
26,1,0,0,0,0,0,1,3.998,2,7,1,0,1
24,1,0,0,0,0,0,1,4.0535,1,4,1,0,1
83,4,0,0,3,0,1,1,4.3352,2,64,0,0,0
73,3,0,0,0,1,1,1,4.3975,2,29,0,0,1
25,1,0,0,0,0,0,1,3.7991,1,7,1,0,1
23,1,0,0,0,0,0,1,3.7623,1,7,1,0,1
24,1,0,0,0,0,0,1,4.0221,1,4,1,0,1
73,3,0,0,0,1,1,1,4.3392,2,29,0,0,1
25,1,0,0,0,0,0,1,3.9435,1,7,1,0,1
80,4,0,0,3,0,1,1,4.3514,2,61,0,0,0
79,4,1,0,3,0,1,1,4.5493,2,59,0,0,1
75,4,0,0,3,0,1,1,4.3658,2,56,0,0,1
79,4,0,0,3,0,1,1,4.524,2,60,0,0,1
79,4,0,0,3,0,1,1,4.4068,2,60,0,0,1
29,1,0,0,0,0,0,1,4.2542,1,10,1,0,1
81,4,0,0,3,0,1,1,4.3458,2,62,0,0,0
78,4,0,0,3,0,1,1,4.4865,2,59,0,0,0
77,4,0,0,3,0,1,1,4.4667,2,58,0,0,1
70,3,0,0,0,1,1,1,4.4175,2,32,0,0,1
26,1,0,0,0,0,0,1,4.1039,1,10,1,0,1
29,1,0,0,0,0,0,1,3.7589,1,11,1,0,1
28,1,0,0,0,0,0,1,4.2534,1,10,1,0,1
57,4,0,1,2,0,0,1,4.7842,1,12,0,0,1
25,1,0,0,0,0,0,1,3.8031,1,7,1,0,1
79,4,0,0,3,0,1,1,4.548,2,60,0,0,1
58,4,0,1,2,0,0,1,4.737,1,13,0,0,1
74,3,0,0,0,1,1,1,4.3105,2,31,0,0,1
71,3,0,0,0,1,1,1,4.2695,2,29,0,0,1
80,4,0,0,3,0,1,1,4.4974,2,61,0,0,1
79,4,0,0,3,0,1,1,4.3969,2,60,0,0,1
82,4,0,0,3,0,1,1,4.3565,2,63,0,0,1
81,4,1,0,3,0,1,1,4.4866,2,61,0,0,1
60,4,0,1,2,0,0,1,4.6237,1,15,0,0,1
60,4,0,1,2,0,0,1,4.627,1,15,0,0,1
60,4,0,1,2,0,0,1,4.7566,1,15,0,0,1
69,3,0,0,0,1,1,1,4.3562,2,25,0,0,1
67,3,0,0,0,1,1,1,4.474,2,29,0,0,1
79,4,0,0,3,0,1,1,4.3928,2,60,0,0,1
79,4,0,0,3,0,1,1,4.524,2,60,0,0,1
80,4,1,0,3,0,1,1,4.2553,2,60,0,0,1
83,4,0,0,3,0,1,1,4.3474,2,64,0,0,1
22,1,0,0,0,0,0,1,4.0615,1,5,1,0,0
73,3,0,0,0,1,1,1,4.4257,2,29,0,0,1
73,4,0,0,3,0,1,1,4.3356,2,54,0,0,1
81,4,0,0,3,0,1,1,4.4149,2,62,0,0,1
78,4,1,0,3,0,1,1,4.29,2,58,0,0,1
24,1,0,0,0,0,0,1,3.8868,1,6,1,0,1
56,4,0,1,2,0,0,1,4.689,1,11,0,0,1
83,4,0,0,3,0,1,1,4.3474,2,64,0,0,1
25,1,0,0,0,0,0,1,3.9133,1,7,1,0,1
58,4,0,1,2,0,0,1,4.8404,1,13,0,0,1
82,4,1,0,3,0,1,1,4.4645,2,62,0,0,1
57,4,0,1,2,0,0,1,4.7491,1,12,0,0,1
82,4,1,0,3,0,1,1,4.3369,2,62,0,0,0
25,1,0,0,0,0,0,1,4.1035,1,7,1,0,1
20,1,0,0,0,0,0,1,3.5842,1,4,1,0,1
81,4,0,0,3,0,1,1,4.4184,2,62,0,0,1
83,4,0,0,3,0,1,1,4.3474,2,64,0,0,1
60,4,0,1,2,0,0,1,4.6624,1,15,0,0,1
57,4,0,1,2,0,0,1,4.7273,1,12,0,0,1
20,1,0,0,0,0,0,1,3.5842,1,4,1,0,1
75,3,0,0,0,1,1,1,4.4339,2,31,0,0,1
82,4,0,0,3,0,1,1,4.3535,2,63,0,0,1
83,4,1,0,3,0,1,1,4.4087,2,63,0,0,1
30,1,0,0,0,0,0,1,4.2566,1,11,1,0,1
82,4,1,0,3,0,1,1,4.3053,2,62,0,0,1
76,4,1,0,3,0,1,1,4.3668,2,56,0,0,1
25,1,0,0,0,0,0,1,3.8937,1,7,1,0,1
81,4,0,0,3,0,1,1,4.4748,2,62,0,0,1
78,4,0,0,3,0,1,1,4.3188,2,59,0,0,1
58,4,0,1,2,0,0,1,4.6289,1,13,0,0,1
25,1,0,0,0,0,0,1,4.1337,1,7,1,0,1
81,4,0,0,3,0,1,1,4.3458,2,62,0,0,1
60,4,0,1,2,0,0,1,4.7773,1,15,0,0,1
23,1,0,0,0,0,0,1,3.6753,1,4,1,0,1
68,3,0,0,0,1,1,1,4.4426,2,30,0,0,1
72,3,0,0,0,1,1,1,4.4036,2,30,0,0,1
81,4,0,0,3,0,1,1,4.4418,2,62,0,0,1
73,3,0,0,0,1,1,1,4.4312,2,30,0,0,0
75,3,0,0,0,1,1,1,4.4039,2,31,0,0,1
74,3,0,0,0,1,1,1,4.5108,2,30,0,0,1
73,3,0,0,0,1,1,1,4.5204,2,29,0,0,1
81,4,1,0,3,0,1,1,4.3723,2,61,0,0,1
71,3,0,0,0,1,1,1,4.394,2,29,0,0,1
80,4,0,0,3,0,1,1,4.4782,2,61,0,0,1
80,4,1,0,3,0,1,1,4.3614,2,60,0,0,1
58,4,0,1,2,0,0,1,4.737,1,13,0,0,1
72,3,0,0,0,1,1,1,4.3642,2,29,0,0,1
82,4,1,0,3,0,1,1,4.4112,2,62,0,0,1
21,1,0,0,0,0,0,1,3.6538,1,5,1,0,1
59,4,0,1,2,0,0,1,4.7405,1,14,0,0,1
73,3,0,0,0,1,1,1,4.304,2,31,0,0,1
23,1,0,0,0,0,0,1,4.0231,1,5,1,0,1
25,1,0,0,0,0,0,1,3.8937,1,7,1,0,1
73,3,0,0,0,1,1,1,4.3935,2,29,0,0,1
81,4,0,0,3,0,1,1,4.3937,2,62,0,0,1
75,3,0,0,0,1,1,1,4.4358,2,31,0,0,1
81,4,0,0,3,0,1,1,4.44,2,62,0,0,1
24,1,0,0,0,0,0,1,3.9702,1,7,1,0,1
27,1,0,0,0,0,0,1,4.1805,1,5,1,0,1
58,4,0,1,2,0,0,1,4.7929,1,13,0,0,1
68,3,0,0,0,1,1,1,4.4711,2,30,0,0,1
81,4,0,0,3,0,1,1,4.3172,2,62,0,0,1
80,4,0,0,3,0,1,1,4.4205,2,61,0,0,1
81,4,0,0,3,0,1,1,4.4619,2,62,0,0,1
67,3,0,0,0,1,1,1,4.5206,2,29,0,0,1
72,3,0,0,0,1,1,1,4.4753,2,30,0,0,1
73,3,0,0,0,1,1,1,4.3266,2,29,0,0,1
75,4,0,0,3,0,1,1,4.3392,2,56,0,0,1
80,4,0,0,3,0,1,1,4.4205,2,61,0,0,1
80,4,1,0,3,0,1,1,4.4991,2,60,0,0,0
79,4,0,0,3,0,1,1,4.4928,2,60,0,0,1
76,4,0,0,3,0,1,1,4.3308,2,57,0,0,1
81,4,0,0,3,0,1,1,4.4748,2,62,0,0,1
74,4,0,0,3,0,1,1,4.433,2,55,0,0,1
29,1,0,0,0,0,0,1,4.0868,1,7,1,0,1
73,3,0,0,0,1,1,1,4.46,2,29,0,0,1
68,3,0,0,0,1,1,1,4.4194,2,30,0,0,1
70,3,0,0,0,1,1,1,4.411,2,28,0,0,0
80,4,0,0,3,0,1,1,4.4221,2,61,0,0,1
74,3,0,0,0,1,1,1,4.412,2,30,0,0,1
78,4,0,0,3,0,1,1,4.4041,2,59,0,0,1
66,3,0,0,0,1,1,1,4.3547,2,28,0,0,1
82,4,1,0,3,0,1,1,4.3577,2,62,0,0,1
79,4,0,0,3,0,1,1,4.4928,2,60,0,0,1
69,3,0,0,0,1,1,1,4.4866,2,25,0,0,1
21,1,0,0,0,0,0,1,3.749,1,5,1,0,1
69,3,0,0,0,1,1,1,4.4509,2,25,0,0,1
59,4,0,1,2,0,0,1,4.7678,1,14,0,0,1
26,1,0,0,0,0,0,1,3.7343,1,7,1,0,1
24,1,0,0,0,0,0,1,4.0535,1,5,1,0,1
23,1,0,0,0,0,0,1,4.0231,1,5,1,0,1
80,4,0,0,3,0,1,1,4.4221,2,61,0,0,1
22,1,0,0,0,0,0,1,3.7544,1,4,1,0,1
78,4,0,0,3,0,1,1,4.4141,2,59,0,0,1
72,3,0,0,0,1,1,1,4.2968,2,28,0,0,1
72,3,0,0,0,1,1,1,4.1897,2,30,0,0,1
58,4,0,1,2,0,0,1,4.7845,1,13,0,0,1
81,4,0,0,3,0,1,1,4.3844,2,62,0,0,1
72,3,0,0,0,1,1,1,4.3056,2,29,0,0,0
59,4,0,1,2,0,0,1,4.7405,1,14,0,0,1
81,4,0,0,3,0,1,1,4.4748,2,62,0,0,1
81,4,1,0,3,0,1,1,4.4279,2,61,0,0,1
80,4,0,0,3,0,1,1,4.4532,2,61,0,0,1
76,4,1,0,3,0,1,1,4.4354,2,56,0,0,1
24,1,0,0,0,0,0,1,4.0221,1,4,1,0,1
69,3,0,0,0,1,1,1,4.4866,2,31,0,0,0
24,1,0,0,0,0,0,1,4.1368,1,5,1,0,1
81,4,0,0,3,0,1,1,4.4748,2,62,0,0,1
59,4,0,1,2,0,0,1,4.7083,1,14,0,0,1
81,4,1,0,3,0,1,1,4.4375,2,61,0,0,1
75,4,0,0,3,0,1,1,4.4354,2,56,0,0,1
29,1,0,0,0,0,0,1,4.1592,1,7,1,0,1
81,4,1,0,3,0,1,1,4.4234,2,61,0,0,1
80,4,1,0,3,0,1,1,4.5537,2,60,0,0,1
80,4,0,0,3,0,1,1,4.4187,2,61,0,0,1
24,1,0,0,0,0,0,1,3.9387,1,4,1,0,1
74,3,0,0,0,1,1,1,4.3098,2,31,0,0,1
67,3,0,0,0,1,1,1,4.4765,2,29,0,0,1
59,4,0,1,2,0,0,1,4.6405,1,14,0,0,1
81,4,0,0,3,0,1,1,4.4619,2,62,0,0,1
23,1,0,0,0,0,0,1,4.0231,1,4,1,0,1
79,4,0,0,3,0,1,1,4.3595,2,60,0,0,1
81,4,0,0,3,0,1,1,4.3418,2,62,0,0,1
73,3,0,0,0,1,1,1,4.4496,2,31,0,0,1
73,3,0,0,0,1,1,1,4.3394,2,29,0,0,1
24,1,0,0,0,0,0,1,3.8239,1,6,1,0,1
73,3,0,0,0,1,1,1,4.328,2,29,0,0,1
81,4,1,0,3,0,1,1,4.3984,2,61,0,0,1
29,1,0,0,0,0,0,1,4.2542,1,11,1,0,1
80,4,1,0,3,0,1,1,4.3892,2,60,0,0,1
25,1,0,0,0,0,0,1,3.8937,2,7,1,0,1
21,1,0,0,0,0,0,1,3.8442,1,4,1,0,1
59,4,0,1,2,0,0,1,4.7678,1,14,0,0,1
61,3,0,0,0,1,1,1,4.3207,2,23,0,0,1
23,1,0,0,0,0,0,1,3.7623,1,4,1,0,1
59,4,0,1,2,0,0,1,4.5372,1,14,0,0,1
80,4,0,0,3,0,1,1,4.4084,2,61,0,0,1
24,1,0,0,0,0,0,1,4.0221,1,6,1,0,1
69,3,0,0,0,1,1,1,4.4837,2,25,0,0,1
24,1,0,0,0,0,0,1,3.9387,1,4,1,0,0
80,4,1,0,3,0,1,1,4.4626,2,60,0,0,1
83,4,0,0,3,0,1,1,4.3823,2,64,0,0,1
58,4,0,1,2,0,0,1,4.6617,1,13,0,0,1
73,3,0,0,0,1,1,1,4.4142,2,31,0,0,1
81,4,0,0,3,0,1,1,4.4748,2,62,0,0,1
23,1,0,0,0,0,0,1,3.7623,1,4,1,0,1
82,4,1,0,3,0,1,1,4.4413,2,62,0,0,1
78,4,0,0,3,0,1,1,4.4041,2,59,0,0,1
75,4,0,0,3,0,1,1,4.3658,2,56,0,0,1
73,3,0,0,0,1,1,1,4.304,2,31,0,0,1
75,3,0,0,0,1,1,1,4.3838,2,31,0,0,1
81,4,0,0,3,0,1,1,4.3458,2,62,0,0,1
24,1,0,0,0,0,0,1,4.0221,1,5,1,0,1
83,4,1,0,3,0,1,1,4.359,2,63,0,0,1
66,3,0,0,0,1,1,1,4.3686,2,23,0,0,1
24,1,0,0,0,0,0,1,4.0535,1,5,1,0,1
83,4,0,0,3,0,1,1,4.3823,2,64,0,0,1
81,4,0,0,3,0,1,1,4.4184,2,62,0,0,1
80,4,1,0,3,0,1,1,4.3938,2,60,0,0,1
80,4,0,0,3,0,1,1,4.5093,2,61,0,0,1
81,4,1,0,3,0,1,1,4.3723,2,61,0,0,1
80,4,1,0,3,0,1,1,4.4002,2,60,0,0,1
81,4,1,0,3,0,1,1,4.5156,2,61,0,0,1
54,4,0,1,2,0,0,1,4.8241,1,9,0,0,1
26,1,0,0,0,0,0,1,3.998,2,7,1,0,1
24,1,0,0,0,0,0,1,4.0535,1,4,1,0,1
61,3,0,0,0,1,1,1,4.3207,2,23,0,0,0
57,4,0,1,2,0,0,1,4.714,1,12,0,0,1
74,4,0,0,3,0,1,1,4.406,2,55,0,0,1
81,4,1,0,3,0,1,1,4.5038,2,61,0,0,1
81,4,0,0,3,0,1,1,4.3458,2,62,0,0,1
75,4,0,0,3,0,1,1,4.4455,2,56,0,0,1
69,3,0,0,0,1,1,1,4.4011,2,27,0,0,1
81,4,0,0,3,0,1,1,4.3844,2,62,0,0,1
81,4,0,0,3,0,1,1,4.4153,2,62,0,0,1
60,4,0,1,2,0,0,1,4.7314,1,15,0,0,1
23,1,0,0,0,0,0,1,4.056,1,5,1,0,1
80,4,1,0,3,0,1,1,4.5537,2,60,0,0,1
79,4,1,0,3,0,1,1,4.4928,2,59,0,0,1
63,3,0,0,0,1,1,1,4.3746,2,25,0,0,1
58,4,0,1,2,0,0,1,4.8059,1,13,0,0,1
58,4,0,1,2,0,0,1,4.7092,1,13,0,0,1
79,4,0,0,3,0,1,1,4.4682,2,60,0,0,1
70,3,0,0,0,1,1,1,4.4175,2,32,0,0,0
82,4,1,0,3,0,1,1,4.4259,2,62,0,0,1
81,4,0,0,3,0,1,1,4.4635,2,62,0,0,1
29,1,0,0,0,0,0,1,4.2542,1,11,1,0,1
77,4,0,0,3,0,1,1,4.2924,2,58,0,0,1
80,4,0,0,3,0,1,1,4.4881,2,61,0,0,1
79,4,0,0,3,0,1,1,4.354,2,60,0,0,1
79,4,0,0,3,0,1,1,4.548,2,60,0,0,1
80,4,1,0,3,0,1,1,4.4002,2,60,0,0,1
80,4,0,0,3,0,1,1,4.3703,2,61,0,0,1
82,4,1,0,3,0,1,1,4.4225,2,62,0,0,1
23,1,0,0,0,0,0,1,3.9362,1,4,1,0,1
80,4,0,0,3,0,1,1,4.3514,2,61,0,0,1
82,4,1,0,3,0,1,1,4.3845,2,62,0,0,0
